time/iterations,time/fps,time/time_elapsed,time/total_timesteps,rollout/ep_rew_mean,rollout/ep_len_mean,train/n_updates,train/clip_fraction,train/loss,train/explained_variance,train/clip_range_vf,train/policy_gradient_loss,train/approx_kl,train/value_loss,train/std,train/entropy_loss,train/learning_rate,train/clip_range
1,9058,1,16384,23.43988037109375,232.6,,,,,,,,,,,,
2,6628,4,32768,26.35943603515625,390.6923076923077,10,0.15008544921875,4.706747055053711,-0.07132267951965332,0.2,-0.009081682593387087,0.0032512061,3.03326116502285,0.04984873905777931,36.35032947063446,1e-05,0.1
3,5825,8,49152,23.014015197753906,449.7590361445783,20,0.1251220703125,2.429265022277832,-0.2370389699935913,0.2,-0.009880887834879105,0.002894708,0.7152468521147967,0.04990607127547264,36.3230278968811,1e-05,0.1
4,5479,11,65536,20.866655349731445,501.62,30,0.135919189453125,2.527639627456665,0.10508620738983154,0.2,-0.010695914941607043,0.0030283406,0.7782614756375551,0.049963828176259995,36.296534752845766,1e-05,0.1
5,5236,15,81920,21.74970245361328,598.8,40,0.143438720703125,2.470221519470215,0.19278454780578613,0.2,-0.01128725111775566,0.0032728426,0.7468439999967813,0.05002683028578758,36.268857550621036,1e-05,0.1
6,5007,19,98304,18.237333297729492,560.13,50,0.132623291015625,2.4528331756591797,0.5200473070144653,0.2,-0.010551497501728591,0.0031002196,0.7432479947805405,0.050089120864868164,36.23986613750458,1e-05,0.1
7,4934,23,114688,21.249671936035156,629.0,60,0.132147216796875,2.4830353260040283,0.5420876741409302,0.2,-0.009993566331104375,0.0030360725,0.7357722986489534,0.05014655366539955,36.21235294342041,1e-05,0.1
8,4909,26,131072,19.5197811126709,577.27,70,0.148565673828125,2.459557294845581,0.5894695520401001,0.2,-0.010782886027300265,0.0032568397,0.7371847670525312,0.050204623490571976,36.18598642349243,1e-05,0.1
9,4873,30,147456,19.981273651123047,585.01,80,0.140582275390625,2.507737636566162,0.6983664035797119,0.2,-0.010891622611961794,0.0030940338,0.740422498062253,0.0502619594335556,36.15955398082733,1e-05,0.1
10,4776,34,163840,18.4310302734375,547.32,90,0.14996337890625,2.3833439350128174,0.7067821621894836,0.2,-0.01147835360316094,0.0032564572,0.6629626892507077,0.05032159388065338,36.132737040519714,1e-05,0.1
11,4804,37,180224,18.349205017089844,544.45,100,0.127801513671875,2.4026856422424316,0.7264506816864014,0.2,-0.011199099897203269,0.0030559008,0.6508920006453991,0.050379909574985504,36.10581862926483,1e-05,0.1
12,4817,40,196608,18.040420532226562,531.07,110,0.1413330078125,2.4953222274780273,0.7632629871368408,0.2,-0.011423011736769694,0.0031766086,0.7882149439305067,0.05043579265475273,36.079687762260434,1e-05,0.1
13,4824,44,212992,16.715370178222656,490.47,120,0.134222412109375,2.443290948867798,0.7029507160186768,0.2,-0.010729360845289193,0.0030871662,0.725435734540224,0.050495997071266174,36.053382468223575,1e-05,0.1
14,4807,47,229376,18.47230339050293,529.76,130,0.125372314453125,2.414337635040283,0.7568554878234863,0.2,-0.010978041094494984,0.0030133713,0.6559100322425365,0.05055701732635498,36.025710868835446,1e-05,0.1
15,4811,51,245760,20.27938461303711,574.82,140,0.1306884765625,2.365943670272827,0.7036654949188232,0.2,-0.010611639856506372,0.0030329984,0.6326993208378553,0.050625499337911606,35.996348810195926,1e-05,0.1
16,4829,54,262144,20.31201934814453,579.19,150,0.13612060546875,2.378335952758789,0.7662559151649475,0.2,-0.010779358871513978,0.0030702439,0.6041443422436714,0.0506880022585392,35.96640868186951,1e-05,0.1
17,4831,57,278528,19.923561096191406,570.02,160,0.12640380859375,2.327904224395752,0.7713563442230225,0.2,-0.010318158332665917,0.0028886492,0.6380550809204578,0.050750039517879486,35.93826017379761,1e-05,0.1
18,4829,61,294912,19.99591636657715,573.6,170,0.147064208984375,2.481006145477295,0.7748399972915649,0.2,-0.011808190552983433,0.0031820796,0.7642845932394267,0.05080832540988922,35.9109025478363,1e-05,0.1
19,4836,64,311296,19.984766006469727,567.74,180,0.1376220703125,2.3938868045806885,0.7123361825942993,0.2,-0.010326133621856571,0.0030371924,0.6623057834804058,0.050870202481746674,35.883854269981384,1e-05,0.1
20,4836,67,327680,20.553852081298828,583.55,190,0.13211669921875,2.420994758605957,0.7818981409072876,0.2,-0.01030989498249255,0.0028955708,0.709907466173172,0.05092521384358406,35.85719075202942,1e-05,0.1
21,4836,71,344064,17.881406784057617,528.12,200,0.127349853515625,2.3601889610290527,0.8337713479995728,0.2,-0.011725347633182536,0.0029851317,0.5940267963334918,0.0509902723133564,35.83036866188049,1e-05,0.1
22,4841,74,360448,15.646134376525879,477.98,210,0.133599853515625,2.3953986167907715,0.7769908308982849,0.2,-0.011547952133696526,0.0030623921,0.7309168178588152,0.051049310714006424,35.80220398902893,1e-05,0.1
23,4836,77,376832,16.707429885864258,499.11,220,0.152325439453125,2.518332004547119,0.7833297252655029,0.2,-0.012601323175476863,0.0033478294,0.7438919432461262,0.05110941827297211,35.77537405490875,1e-05,0.1
24,4849,81,393216,17.971494674682617,528.89,230,0.137841796875,2.335301399230957,0.8150933980941772,0.2,-0.011030071543063968,0.003023893,0.5968127919360995,0.051172006875276566,35.74783465862274,1e-05,0.1
25,4858,84,409600,18.0107479095459,523.62,240,0.139593505859375,2.303647518157959,0.8566761612892151,0.2,-0.010931701931986027,0.0030882792,0.6091977201402188,0.051232341676950455,35.720070886611936,1e-05,0.1
26,4872,87,425984,18.153064727783203,529.77,250,0.129779052734375,2.3931989669799805,0.7873629927635193,0.2,-0.0114318527339492,0.0030105212,0.7747976217418909,0.05129006505012512,35.69368057250976,1e-05,0.1
27,4887,90,442368,18.088397979736328,525.65,260,0.142608642578125,2.5058252811431885,0.7731086611747742,0.2,-0.011457725836953614,0.003218078,0.6771130908280611,0.05135788023471832,35.66560888290405,1e-05,0.1
28,4895,93,458752,17.956026077270508,519.4,270,0.12652587890625,2.344236373901367,0.8075670599937439,0.2,-0.01139775932097109,0.0029500131,0.5885844085365534,0.05141904577612877,35.63655488491058,1e-05,0.1
29,4905,96,475136,18.196855545043945,527.97,280,0.146539306640625,2.3076162338256836,0.8129646182060242,0.2,-0.01129782101197634,0.0032943268,0.6201539821922779,0.05148329958319664,35.6086624622345,1e-05,0.1
30,4914,100,491520,16.07827377319336,480.51,290,0.145428466796875,2.191011428833008,0.7989463806152344,0.2,-0.010890144473523832,0.0032545044,0.48040777519345285,0.05154487490653992,35.58033845424652,1e-05,0.1
31,4923,103,507904,17.134809494018555,511.11,300,0.1359130859375,2.500706672668457,0.8360587954521179,0.2,-0.011809718892618549,0.0030841236,0.6831709520891309,0.05160234123468399,35.553970742225644,1e-05,0.1
32,4932,106,524288,16.31601333618164,497.31,310,0.142498779296875,2.3389086723327637,0.859014630317688,0.2,-0.011721656392910517,0.0031666756,0.5840287322178483,0.051667943596839905,35.52658712863922,1e-05,0.1
33,4940,109,540672,18.48008918762207,546.96,320,0.1478515625,2.3468689918518066,0.8314595222473145,0.2,-0.011025246050849091,0.0033889816,0.5920262994244695,0.051731038838624954,35.49783906936646,1e-05,0.1
34,4951,112,557056,17.469675064086914,522.28,330,0.14342041015625,2.3750648498535156,0.773813009262085,0.2,-0.010736852083937265,0.003260299,0.6501143515110016,0.05179307609796524,35.46998715400696,1e-05,0.1
35,4944,115,573440,18.35284996032715,535.16,340,0.13306884765625,2.2335479259490967,0.8491647243499756,0.2,-0.010968729964224622,0.0031111315,0.5635523134842515,0.05185740813612938,35.44188675880432,1e-05,0.1
36,4946,119,589824,16.16039276123047,474.28,350,0.13262939453125,2.2002646923065186,0.8285143375396729,0.2,-0.010235346098488663,0.0030141217,0.4962808772921562,0.0519217774271965,35.41339066028595,1e-05,0.1
37,4947,122,606208,16.073026657104492,475.53,360,0.147271728515625,2.4316396713256836,0.8369154334068298,0.2,-0.011066245770780369,0.003311587,0.7551713101565838,0.05198029428720474,35.38607797622681,1e-05,0.1
38,4926,126,622592,15.078658103942871,453.43,370,0.133978271484375,2.28277325630188,0.8444370627403259,0.2,-0.011022749572293832,0.0031471401,0.5198883023113012,0.05204280465841293,35.35950679779053,1e-05,0.1
39,4926,129,638976,16.321712493896484,485.92,380,0.14302978515625,2.2928991317749023,0.8475780487060547,0.2,-0.010920673981308937,0.003197223,0.5467922143638134,0.05211186408996582,35.33052651882171,1e-05,0.1
40,4934,132,655360,17.061662673950195,501.84,390,0.146234130859375,2.310352325439453,0.8435565233230591,0.2,-0.010807156754890457,0.003226561,0.5553153939545155,0.05218230560421944,35.29951856136322,1e-05,0.1
41,4921,136,671744,16.877954483032227,498.58,400,0.144525146484375,2.2649478912353516,0.8453845977783203,0.2,-0.011086268091457897,0.0032174285,0.5315648648887873,0.05224534869194031,35.27012870311737,1e-05,0.1
42,4883,140,688128,15.13504409790039,454.01,410,0.14757080078125,2.395489454269409,0.8514940142631531,0.2,-0.010569320927606896,0.0033433358,0.5393527958542108,0.0523114912211895,35.24186081886292,1e-05,0.1
43,4884,144,704512,16.51057243347168,487.95,420,0.147381591796875,2.3861868381500244,0.8572880625724792,0.2,-0.01133199475152651,0.0031951168,0.6486338267102838,0.05237461254000664,35.21333477497101,1e-05,0.1
44,4884,147,720896,14.924032211303711,459.85,430,0.142425537109375,2.1904397010803223,0.8655150532722473,0.2,-0.010806318976392504,0.0032391362,0.49642353150993584,0.05244175344705582,35.18473167419434,1e-05,0.1
45,4877,151,737280,15.109466552734375,462.51,440,0.1425537109375,2.261181116104126,0.8649628758430481,0.2,-0.011308577000454534,0.0032111374,0.5191993091255427,0.05250385031104088,35.15626654624939,1e-05,0.1
46,4883,154,753664,17.177587509155273,518.4,450,0.13466796875,2.196291446685791,0.8791095614433289,0.2,-0.010350169722369174,0.0031366777,0.41506708282977345,0.052565693855285645,35.129113340377806,1e-05,0.1
47,4867,158,770048,17.918472290039062,531.3,460,0.148394775390625,2.191131591796875,0.7955146431922913,0.2,-0.009613863307458814,0.0032830443,0.559486193023622,0.052628111094236374,35.10195689201355,1e-05,0.1
48,4858,161,786432,17.520618438720703,517.33,470,0.13375244140625,2.1666080951690674,0.8778592348098755,0.2,-0.010543153446633369,0.0029864004,0.486504490673542,0.052696529775857925,35.07349007129669,1e-05,0.1
49,4855,165,802816,16.834379196166992,498.33,480,0.141326904296875,2.2130229473114014,0.8672698140144348,0.2,-0.010316870283713798,0.0033057001,0.44783626049757,0.05276249349117279,35.0441725730896,1e-05,0.1
50,4856,168,819200,17.884681701660156,521.41,490,0.148968505859375,2.236259698867798,0.8506771326065063,0.2,-0.010910048476216617,0.0032613014,0.5754115769639612,0.05283107981085777,35.014801716804506,1e-05,0.1
51,4858,171,835584,18.639577865600586,547.33,500,0.138934326171875,2.0720129013061523,0.8645938634872437,0.2,-0.010538608409115113,0.0031913936,0.450541109405458,0.052897144109010696,34.985473489761354,1e-05,0.1
52,4865,175,851968,19.871206283569336,579.66,510,0.151519775390625,2.255920886993408,0.8549947738647461,0.2,-0.010962544205540325,0.003377973,0.517681841365993,0.05296352505683899,34.95668480396271,1e-05,0.1
53,4871,178,868352,20.671066284179688,593.33,520,0.15426025390625,2.0651118755340576,0.8450276851654053,0.2,-0.010056508618436055,0.00343936,0.38393839159980414,0.05303451418876648,34.92695047855377,1e-05,0.1
54,4875,181,884736,20.37499237060547,593.07,530,0.14791259765625,2.19594144821167,0.854042112827301,0.2,-0.010222330242686439,0.0032947157,0.4438492665067315,0.053101155906915665,34.89706156253815,1e-05,0.1
55,4880,184,901120,19.57968521118164,570.42,540,0.141650390625,2.272172212600708,0.8546448945999146,0.2,-0.010122043742740061,0.003127087,0.5006733715534211,0.05316942185163498,34.86784303188324,1e-05,0.1
56,4885,187,917504,17.388416290283203,510.28,550,0.154046630859375,2.3070292472839355,0.8370265960693359,0.2,-0.010309806349687279,0.0033837752,0.5696238607168198,0.05323008820414543,34.839750456809995,1e-05,0.1
57,4885,191,933888,17.323780059814453,509.25,560,0.13643798828125,2.1784942150115967,0.8912088871002197,0.2,-0.01099753514281474,0.003041294,0.4276593577116728,0.053291864693164825,34.813592600822446,1e-05,0.1
58,4875,194,950272,17.44953155517578,514.84,570,0.138128662109375,2.276904344558716,0.8278310298919678,0.2,-0.00998669731125119,0.0030993589,0.5902711901813745,0.0533587783575058,34.785716724395755,1e-05,0.1
59,4879,198,966656,17.7302188873291,524.91,580,0.149298095703125,2.1395232677459717,0.8811936378479004,0.2,-0.011029500945005566,0.0032808678,0.4167810982093215,0.05342337489128113,34.75742161273956,1e-05,0.1
60,4884,201,983040,18.336572647094727,545.15,590,0.162115478515625,2.1600942611694336,0.8740947246551514,0.2,-0.011363017593976111,0.003504157,0.4553902817890048,0.05349086597561836,34.72908825874329,1e-05,0.1
61,4888,204,999424,19.8156681060791,581.16,600,0.129840087890625,1.9800152778625488,0.877801239490509,0.2,-0.0098101520241471,0.0030148532,0.3245751399546862,0.0535617358982563,34.699340391159055,1e-05,0.1
62,4885,207,1015808,19.808998107910156,581.88,610,0.148138427734375,2.282912015914917,0.8338030576705933,0.2,-0.010404055153776426,0.0031800014,0.6565095752477645,0.05362432077527046,34.67035512924194,1e-05,0.1
63,4886,211,1032192,18.651731491088867,549.83,620,0.14405517578125,2.172067403793335,0.8896282911300659,0.2,-0.011014410443021917,0.003225103,0.38470098115503787,0.05368594080209732,34.643944549560544,1e-05,0.1
64,4872,215,1048576,17.943117141723633,528.6,630,0.147711181640625,2.0551133155822754,0.8860355019569397,0.2,-0.011720378664176679,0.0032576858,0.5000604437664151,0.053748439997434616,34.617398500442505,1e-05,0.1
65,4864,218,1064960,17.322336196899414,509.99,640,0.15322265625,2.163306713104248,0.8857681751251221,0.2,-0.011310858301294502,0.0033787144,0.45848597418516873,0.053822726011276245,34.58821952342987,1e-05,0.1
66,4868,222,1081344,16.9628963470459,495.89,650,0.140985107421875,2.1959290504455566,0.8727157115936279,0.2,-0.010313161287922413,0.003129794,0.4844056386500597,0.05389104783535004,34.55759835243225,1e-05,0.1
67,4873,225,1097728,17.742170333862305,518.03,660,0.150830078125,2.0801384449005127,0.900291383266449,0.2,-0.01075324771227315,0.0033796537,0.436728080175817,0.05395931750535965,34.52848494052887,1e-05,0.1
68,4871,228,1114112,17.9748592376709,523.31,670,0.148846435546875,2.0475101470947266,0.8863010406494141,0.2,-0.009788921492872759,0.0032392088,0.3781592193990946,0.054033201187849045,34.498178768157956,1e-05,0.1
69,4865,232,1130496,18.1672420501709,525.74,680,0.136260986328125,2.2152633666992188,0.8744056820869446,0.2,-0.010276855529809836,0.0031491113,0.523908881470561,0.05409887433052063,34.46833250522614,1e-05,0.1
70,4865,235,1146880,18.712753295898438,543.97,690,0.157391357421875,2.232653856277466,0.8673405647277832,0.2,-0.010916686996642966,0.0034282699,0.4829815188422799,0.05416916683316231,34.439575505256656,1e-05,0.1
71,4870,238,1163264,19.83576202392578,576.97,700,0.1498291015625,2.079983711242676,0.8701537847518921,0.2,-0.010358697574702092,0.0033208302,0.4799894567579031,0.054238323122262955,34.40990047454834,1e-05,0.1
72,4874,242,1179648,20.925302505493164,601.7,710,0.14486083984375,2.2106595039367676,0.8147674798965454,0.2,-0.009838622320967261,0.0034449887,0.5692257346585393,0.05430484190583229,34.38120436668396,1e-05,0.1
73,4877,245,1196032,22.121496200561523,640.71,720,0.127374267578125,2.0296108722686768,0.8865141868591309,0.2,-0.010278880260739243,0.0028085695,0.349042241089046,0.05437407270073891,34.35241513252258,1e-05,0.1
74,4879,248,1212416,19.52428436279297,570.74,730,0.137054443359375,2.042245626449585,0.883805513381958,0.2,-0.010944422529428266,0.0032022842,0.45365674085915086,0.054437678307294846,34.32438633441925,1e-05,0.1
75,4878,251,1228800,17.881738662719727,527.2,740,0.147882080078125,2.0625674724578857,0.8947628736495972,0.2,-0.010694561099808198,0.0032395662,0.40189326014369725,0.054502371698617935,34.29717235565185,1e-05,0.1
76,4879,255,1245184,16.7965087890625,495.96,750,0.140899658203125,2.2542331218719482,0.8877893090248108,0.2,-0.010915092450159137,0.0031179548,0.5128572201356292,0.054565273225307465,34.270247626304624,1e-05,0.1
77,4872,258,1261568,18.087018966674805,529.07,760,0.150872802734375,2.100092649459839,0.884382426738739,0.2,-0.010769663599057821,0.003271801,0.490681766718626,0.05463581904768944,34.24226224422455,1e-05,0.1
78,4874,262,1277952,17.617799758911133,508.46,770,0.14095458984375,2.2565860748291016,0.8797092437744141,0.2,-0.00975053149741143,0.003174337,0.5225721538066864,0.05470384284853935,34.21303391456604,1e-05,0.1
79,4877,265,1294336,18.240026473999023,527.73,780,0.141839599609375,2.168691396713257,0.8828623294830322,0.2,-0.010171471300418488,0.0031553786,0.47302684653550386,0.054770126938819885,34.18477902412415,1e-05,0.1
80,4881,268,1310720,18.455791473388672,540.17,790,0.14774169921875,2.0167243480682373,0.8978874087333679,0.2,-0.011068857097416184,0.0034419731,0.40985588543117046,0.054839834570884705,34.15620460510254,1e-05,0.1
81,4883,271,1327104,18.89815330505371,553.56,800,0.1382080078125,2.1003684997558594,0.9079603552818298,0.2,-0.010864415900141467,0.003140939,0.40232680551707745,0.05490635707974434,34.12755069732666,1e-05,0.1
82,4887,274,1343488,19.471704483032227,564.83,810,0.16522216796875,2.067589521408081,0.886105477809906,0.2,-0.010738128322554986,0.0035590483,0.4300046214833856,0.054979048669338226,34.09866936206818,1e-05,0.1
83,4890,278,1359872,18.87957000732422,552.66,820,0.161895751953125,2.277331829071045,0.8787136673927307,0.2,-0.010341961920494214,0.0034780074,0.505628839507699,0.05504703149199486,34.06910712718964,1e-05,0.1
84,4893,281,1376256,17.7830753326416,531.04,830,0.15340576171875,2.1317062377929688,0.8888429403305054,0.2,-0.010685868054133607,0.0034146588,0.4662486555054784,0.055115554481744766,34.04069545269012,1e-05,0.1
85,4896,284,1392640,18.19453239440918,542.94,840,0.1303466796875,2.0094785690307617,0.9123135805130005,0.2,-0.011018315859109862,0.003033196,0.3747144425287843,0.055184587836265564,34.01182873249054,1e-05,0.1
86,4898,287,1409024,18.509098052978516,549.28,850,0.143896484375,2.101902961730957,0.9028952121734619,0.2,-0.010264651299803518,0.0032065797,0.37327312398701906,0.05525150150060654,33.983529448509216,1e-05,0.1
87,4900,290,1425408,18.421363830566406,535.14,860,0.1447509765625,2.037691116333008,0.8974825739860535,0.2,-0.010465167334768922,0.003185675,0.42628388609737156,0.055320896208286285,33.95519962310791,1e-05,0.1
88,4902,294,1441792,18.312498092651367,531.61,870,0.140850830078125,2.0778987407684326,0.9113049507141113,0.2,-0.010047404227952939,0.0030666867,0.34053129898384216,0.05539467930793762,33.92552888393402,1e-05,0.1
89,4906,297,1458176,19.637977600097656,557.98,880,0.156365966796875,2.065652370452881,0.91087806224823,0.2,-0.010770740348380058,0.0034176367,0.4204988874495029,0.05546066164970398,33.89635989665985,1e-05,0.1
90,4906,300,1474560,19.520689010620117,554.21,890,0.14127197265625,2.1282877922058105,0.876140296459198,0.2,-0.009416988283919635,0.0031141192,0.4725876601412892,0.05553218722343445,33.867839860916135,1e-05,0.1
91,4902,304,1490944,18.8868408203125,546.1,900,0.15303955078125,2.271453857421875,0.8591033220291138,0.2,-0.010480393283069133,0.0033726164,0.605799051001668,0.05559812858700752,33.83930339813232,1e-05,0.1
92,4905,307,1507328,17.793413162231445,522.84,910,0.1466552734375,2.0770719051361084,0.8932211995124817,0.2,-0.011557818873552606,0.0032052281,0.400499458052218,0.0556662455201149,33.81168539524079,1e-05,0.1
93,4903,310,1523712,17.10436248779297,510.86,920,0.1622314453125,2.1105668544769287,0.906019926071167,0.2,-0.0109726952669007,0.0034516272,0.4201571669429541,0.05573652684688568,33.78320307731629,1e-05,0.1
94,4906,313,1540096,16.8056697845459,501.83,930,0.15057373046875,2.083867311477661,0.8877344727516174,0.2,-0.01069899457070278,0.003293627,0.4448988499119878,0.055805377662181854,33.75430510044098,1e-05,0.1
95,4910,316,1556480,17.557823181152344,519.01,940,0.1468994140625,2.0296225547790527,0.9165705442428589,0.2,-0.011060261324746534,0.0033428012,0.4027249177917838,0.055866945534944534,33.72749660015106,1e-05,0.1
96,4878,322,1572864,18.818777084350586,550.81,950,0.137872314453125,2.073739767074585,0.9095770120620728,0.2,-0.009683237566787285,0.0031654257,0.3307843594811857,0.05594216287136078,33.69965195655823,1e-05,0.1
97,4858,327,1589248,17.874143600463867,527.24,960,0.138653564453125,2.117086887359619,0.8994666337966919,0.2,-0.010380728848394938,0.0032040677,0.45312992818653586,0.0560142882168293,33.66897029876709,1e-05,0.1
98,4844,331,1605632,19.98822021484375,579.57,970,0.1420166015625,2.0220296382904053,0.9088552594184875,0.2,-0.010573598666815088,0.0032451164,0.40166863463819025,0.0560886450111866,33.63895704746246,1e-05,0.1
99,4837,335,1622016,17.879011154174805,522.64,980,0.143994140625,2.114485025405884,0.8770701885223389,0.2,-0.010081735753192333,0.0031921177,0.5044147044420242,0.05615616962313652,33.60977098941803,1e-05,0.1
100,4828,339,1638400,16.716838836669922,494.99,990,0.138568115234375,1.9716432094573975,0.9203764796257019,0.2,-0.010829604895116062,0.0030601616,0.38863015323877337,0.05622129887342453,33.582688856124875,1e-05,0.1
101,4820,343,1654784,16.719568252563477,492.72,1000,0.141845703125,1.995714783668518,0.9148052334785461,0.2,-0.010259294538991525,0.0033401053,0.3421534511260688,0.05629025399684906,33.55544905662536,1e-05,0.1
102,4811,347,1671168,18.364259719848633,535.44,1010,0.13946533203125,2.090811252593994,0.8857682943344116,0.2,-0.010216355876764283,0.0032803582,0.4738800261169672,0.05636702477931976,33.52570631504059,1e-05,0.1
103,4804,351,1687552,20.75519561767578,589.01,1020,0.14249267578125,1.9342269897460938,0.9121549129486084,0.2,-0.009856370730994967,0.0031703813,0.3468965359032154,0.05643818527460098,33.49534204006195,1e-05,0.1
104,4779,356,1703936,19.07553482055664,553.9,1030,0.1513427734375,2.099365234375,0.888386070728302,0.2,-0.009904688590904698,0.0034958376,0.46764690298587086,0.056508868932724,33.46645088195801,1e-05,0.1
105,4761,361,1720320,19.57843780517578,565.47,1040,0.1333984375,2.0167412757873535,0.9305223226547241,0.2,-0.010073151519463863,0.0030638415,0.3114222611300647,0.05657698214054108,33.43811604976654,1e-05,0.1
106,4754,365,1736704,18.082664489746094,531.98,1050,0.156524658203125,2.0852513313293457,0.8832451105117798,0.2,-0.010398129950408475,0.0034279537,0.4846724359318614,0.05664842203259468,33.40991239547729,1e-05,0.1
107,4733,370,1753088,18.8840389251709,551.36,1060,0.1370361328125,2.00353741645813,0.8981480598449707,0.2,-0.010087865908280947,0.0032618374,0.4621960764750838,0.05671494081616402,33.38176839351654,1e-05,0.1
108,4724,374,1769472,17.667034149169922,519.38,1070,0.1498291015625,1.93977952003479,0.8958735466003418,0.2,-0.009760014309722464,0.0032793817,0.38423410095274446,0.05678873136639595,33.353355979919435,1e-05,0.1
109,4721,378,1785856,16.675283432006836,498.07,1080,0.15357666015625,2.18459415435791,0.8721293210983276,0.2,-0.010696679385728203,0.0033326126,0.5527392392978072,0.05685759708285332,33.32445137500763,1e-05,0.1
110,4716,382,1802240,15.907574653625488,482.76,1090,0.142041015625,2.0432472229003906,0.923819899559021,0.2,-0.011144446331309154,0.0032126354,0.3325840836390853,0.0569235235452652,33.29715650081634,1e-05,0.1
111,4710,386,1818624,15.724311828613281,479.29,1100,0.142047119140625,2.033055305480957,0.9328762888908386,0.2,-0.012192279068403877,0.0032494336,0.3273410296998918,0.05699169263243675,33.27029700279236,1e-05,0.1
112,4696,390,1835008,17.702011108398438,522.49,1110,0.142169189453125,2.051823139190674,0.9171388149261475,0.2,-0.010397934046341106,0.003250504,0.38373925518244506,0.0570719949901104,33.24041428565979,1e-05,0.1
113,4690,394,1851392,19.328554153442383,553.86,1120,0.161309814453125,2.169034242630005,0.8896813988685608,0.2,-0.009748853066412266,0.0035311198,0.3885270105674863,0.057152509689331055,33.20775134563446,1e-05,0.1
114,4685,398,1867776,20.241270065307617,570.66,1130,0.145611572265625,2.0627243518829346,0.8896799683570862,0.2,-0.009557771683466854,0.0031403636,0.5200756445527077,0.057224687188863754,33.17716453075409,1e-05,0.1
115,4687,401,1884160,21.38546371459961,595.1,1140,0.138763427734375,1.8897385597229004,0.9303810596466064,0.2,-0.01048774232622236,0.0032677515,0.28433348070830106,0.05730116367340088,33.14730212688446,1e-05,0.1
116,4684,405,1900544,20.402414321899414,573.53,1150,0.167657470703125,2.173344612121582,0.8792873620986938,0.2,-0.009596394171239808,0.0035454878,0.5585192048922181,0.05737454816699028,33.11709144115448,1e-05,0.1
117,4684,409,1916928,20.735370635986328,590.03,1160,0.151904296875,1.9999972581863403,0.8896434307098389,0.2,-0.010063472910405834,0.0034143995,0.42870770338922737,0.05744752287864685,33.087831258773804,1e-05,0.1
118,4670,413,1933312,20.450944900512695,584.64,1170,0.1362548828125,1.9506194591522217,0.9273019433021545,0.2,-0.011059136646508705,0.0031163166,0.35070027466863396,0.05751114338636398,33.06027381420135,1e-05,0.1
119,4666,417,1949696,18.899560928344727,552.03,1180,0.15521240234375,2.078476905822754,0.8756173849105835,0.2,-0.010069558199029415,0.0034081559,0.48000506293028594,0.05758997052907944,33.03209011554718,1e-05,0.1
120,4666,421,1966080,17.78976821899414,511.18,1190,0.14366455078125,1.988551139831543,0.9051672220230103,0.2,-0.01039170792355435,0.0031986993,0.41646102759987114,0.05765729397535324,33.00270612239838,1e-05,0.1
121,4666,424,1982464,16.132308959960938,473.85,1200,0.14833984375,2.041486978530884,0.9076059460639954,0.2,-0.011099005718278931,0.0033370438,0.4346371334046125,0.057723578065633774,32.97611589431763,1e-05,0.1
122,4662,428,1998848,17.288009643554688,499.83,1210,0.131646728515625,1.8997905254364014,0.9402831196784973,0.2,-0.010615007520391373,0.0029959674,0.3051673322916031,0.05778850242495537,32.950000929832456,1e-05,0.1
123,4654,432,2015232,17.597414016723633,511.16,1220,0.139501953125,2.115647554397583,0.8894331455230713,0.2,-0.009214248223725009,0.0031263796,0.5172023318707943,0.05786217749118805,32.92246816158295,1e-05,0.1
124,4651,436,2031616,20.3717098236084,573.26,1230,0.13297119140625,1.8885645866394043,0.9281627535820007,0.2,-0.010616358132392634,0.0029955667,0.23801320819184185,0.05793845281004906,32.89269711971283,1e-05,0.1
125,4650,440,2048000,19.110267639160156,542.63,1240,0.151983642578125,2.2456111907958984,0.8637640476226807,0.2,-0.009347817760135513,0.0034655484,0.645601456426084,0.05801196023821831,32.862727117538455,1e-05,0.1
126,4654,443,2064384,19.56890869140625,554.66,1250,0.13583984375,2.03175950050354,0.9346562623977661,0.2,-0.011461368868185672,0.0030284924,0.3255426146090031,0.058082129806280136,32.83437020778656,1e-05,0.1
127,4658,446,2080768,20.966474533081055,597.84,1260,0.14110107421875,2.062476873397827,0.9104697704315186,0.2,-0.009915014434955082,0.0033377486,0.37279033605009315,0.058158449828624725,32.80545246601105,1e-05,0.1
128,4662,449,2097152,21.005578994750977,603.88,1270,0.172314453125,2.0129642486572266,0.8824113011360168,0.2,-0.009836195474781562,0.0037110709,0.47640830408781765,0.058234311640262604,32.77527122497558,1e-05,0.1
129,4665,452,2113536,21.558847427368164,619.34,1280,0.144586181640625,2.027222156524658,0.8773763179779053,0.2,-0.010048573528183623,0.003270573,0.45632941778749225,0.0583111010491848,32.74514660835266,1e-05,0.1
130,4668,456,2129920,17.63379669189453,524.66,1290,0.143341064453125,2.0715229511260986,0.9042435884475708,0.2,-0.00954441221401794,0.003181596,0.44350755140185355,0.05838317796587944,32.71570038795471,1e-05,0.1
131,4670,459,2146304,18.933420181274414,558.27,1300,0.133245849609375,1.876402497291565,0.9325184226036072,0.2,-0.01120142970175948,0.0030285686,0.3110403294675052,0.0584544874727726,32.68758757114411,1e-05,0.1
132,4673,462,2162688,18.68193244934082,546.34,1310,0.147296142578125,2.046372652053833,0.9034233093261719,0.2,-0.009934175902162678,0.003302774,0.43629489559680223,0.058527521789073944,32.65917997360229,1e-05,0.1
133,4674,466,2179072,19.390949249267578,564.12,1320,0.14971923828125,2.000833511352539,0.9108582735061646,0.2,-0.010084986692527309,0.0033275825,0.37932688370347023,0.05859743058681488,32.63101601600647,1e-05,0.1
134,4676,469,2195456,20.195842742919922,580.84,1330,0.142633056640625,1.9211901426315308,0.9105336666107178,0.2,-0.009718513298139442,0.0031963447,0.37688009161502123,0.05867000296711922,32.6031298160553,1e-05,0.1
135,4678,472,2211840,19.035221099853516,550.12,1340,0.165716552734375,1.974729061126709,0.9053431749343872,0.2,-0.010532284338842146,0.003496658,0.4583885814994574,0.05874542146921158,32.57408287525177,1e-05,0.1
136,4681,475,2228224,18.237834930419922,528.34,1350,0.139276123046875,1.8981373310089111,0.9221566915512085,0.2,-0.010197579421219415,0.0032157747,0.34794812025502325,0.0588204562664032,32.54460136890411,1e-05,0.1
137,4683,479,2244608,18.863496780395508,542.42,1360,0.14967041015625,2.050940752029419,0.9226721525192261,0.2,-0.010418256580305752,0.0034047484,0.3953650871291757,0.05888817086815834,32.51675925254822,1e-05,0.1
138,4683,482,2260992,17.144546508789062,505.19,1370,0.145843505859375,2.006175994873047,0.8995631337165833,0.2,-0.009131264628376812,0.0033025162,0.4699639804661274,0.05895478278398514,32.49046399593353,1e-05,0.1
139,4686,485,2277376,17.221769332885742,505.33,1380,0.145489501953125,1.8808196783065796,0.9462425112724304,0.2,-0.011607002164237202,0.0031706044,0.2552687402814627,0.059021640568971634,32.464522981643675,1e-05,0.1
140,4690,489,2293760,19.37763214111328,564.71,1390,0.1531494140625,2.045966863632202,0.9180340766906738,0.2,-0.010606325106346048,0.003499659,0.38757131425663827,0.059102125465869904,32.435837745666504,1e-05,0.1
141,4693,492,2310144,19.732633590698242,574.11,1400,0.143707275390625,2.0906529426574707,0.8802750110626221,0.2,-0.009175080075510777,0.0032100307,0.46680200677365064,0.05917294695973396,32.406128597259524,1e-05,0.1
142,4696,495,2326528,21.272052764892578,606.75,1410,0.143011474609375,1.9555299282073975,0.9256523847579956,0.2,-0.010234763317566831,0.003140655,0.3157142039388418,0.05925038456916809,32.37759962081909,1e-05,0.1
143,4699,498,2342912,21.35730743408203,610.17,1420,0.158282470703125,2.3797764778137207,0.888191819190979,0.2,-0.010197888492257334,0.0035654842,0.4853873776271939,0.05932532250881195,32.34791631698609,1e-05,0.1
144,4702,501,2359296,20.029918670654297,576.97,1430,0.144085693359375,1.9419746398925781,0.9053272008895874,0.2,-0.01035312140447786,0.003264915,0.4481700086966157,0.05939599126577377,32.31962110996246,1e-05,0.1
145,4704,504,2375680,20.631732940673828,595.42,1440,0.12733154296875,1.9532098770141602,0.91969233751297,0.2,-0.009731172263855115,0.0030474379,0.3669131649658084,0.05946480855345726,32.29250819683075,1e-05,0.1
146,4707,508,2392064,19.322568893432617,568.03,1450,0.14769287109375,1.943662405014038,0.9179868102073669,0.2,-0.009702195294084958,0.0033211815,0.3398740672506392,0.05953923612833023,32.26499171257019,1e-05,0.1
147,4711,511,2408448,19.335289001464844,565.78,1460,0.14781494140625,2.0411388874053955,0.9131763577461243,0.2,-0.010705275529471692,0.003238141,0.35553965214639904,0.0596139021217823,32.23615584373474,1e-05,0.1
148,4714,514,2424832,20.504301071166992,579.21,1470,0.140899658203125,1.8539209365844727,0.9130405783653259,0.2,-0.009561485951417125,0.0032074288,0.37531336257234216,0.05968774855136871,32.207582640647885,1e-05,0.1
149,4717,517,2441216,18.747957229614258,539.31,1480,0.14207763671875,2.1542446613311768,0.8955727815628052,0.2,-0.009063569179852493,0.003273492,0.4789650708436966,0.05976064130663872,32.17918863296509,1e-05,0.1
150,4721,520,2457600,19.019996643066406,548.58,1490,0.136297607421875,1.8253320455551147,0.9437531232833862,0.2,-0.011682405433384701,0.0032477006,0.26881350446492436,0.05983024090528488,32.15209658145905,1e-05,0.1
151,4724,523,2473984,19.536462783813477,557.2,1500,0.160418701171875,1.9091873168945312,0.8933409452438354,0.2,-0.009993584688345436,0.0035975566,0.41964574353769424,0.059912800788879395,32.12269763946533,1e-05,0.1
152,4727,526,2490368,20.68246841430664,586.72,1510,0.1483154296875,2.1546502113342285,0.8917216062545776,0.2,-0.009173552854917943,0.0033218623,0.4898853899911046,0.05998814105987549,32.092132925987244,1e-05,0.1
153,4728,530,2506752,20.781845092773438,589.4,1520,0.156927490234375,2.083425998687744,0.8795230984687805,0.2,-0.009002101447549649,0.0033972003,0.47966907285153865,0.06006743013858795,32.062667870521544,1e-05,0.1
154,4731,533,2523136,20.67214584350586,585.78,1530,0.14154052734375,2.0741801261901855,0.9269666075706482,0.2,-0.010072352390125161,0.00329591,0.3914925422519445,0.06014459580183029,32.032731485366824,1e-05,0.1
155,4735,536,2539520,21.076126098632812,597.24,1540,0.15086669921875,1.895740032196045,0.9055627584457397,0.2,-0.009382128258584999,0.0033444138,0.41307140588760377,0.060220927000045776,32.00331050157547,1e-05,0.1
156,4738,539,2555904,20.286903381347656,576.82,1550,0.147918701171875,1.9042205810546875,0.9127258658409119,0.2,-0.009460757211491,0.003248632,0.403559466637671,0.0602913573384285,31.975299859046935,1e-05,0.1
157,4740,542,2572288,21.972238540649414,607.39,1560,0.144451904296875,1.8314762115478516,0.9219550490379333,0.2,-0.009883156461728503,0.0032774257,0.2712754007428885,0.060366082936525345,31.947787475585937,1e-05,0.1
158,4742,545,2588672,19.230770111083984,540.21,1570,0.148101806640625,2.1283926963806152,0.8919652700424194,0.2,-0.009870505444268929,0.0033605364,0.5264380402863026,0.060439012944698334,31.919466376304626,1e-05,0.1
159,4745,548,2605056,18.589628219604492,529.78,1580,0.137164306640625,1.9077122211456299,0.9353078007698059,0.2,-0.010368007179931738,0.003052778,0.32269671410322187,0.06051349639892578,31.891370284557343,1e-05,0.1
160,4748,552,2621440,17.91421127319336,521.13,1590,0.14552001953125,1.9094984531402588,0.9284957647323608,0.2,-0.010042014622013085,0.0031872927,0.3655673090368509,0.060587432235479355,31.863245129585266,1e-05,0.1
161,4750,555,2637824,18.748594284057617,548.32,1600,0.150006103515625,1.9512747526168823,0.9182925224304199,0.2,-0.010397453633777332,0.0033438033,0.34566719541326163,0.0606670007109642,31.834105837345124,1e-05,0.1
162,4753,558,2654208,19.040050506591797,555.64,1610,0.13746337890625,1.8829874992370605,0.9311876893043518,0.2,-0.010339499467954738,0.003102521,0.3134703064337373,0.06074433773756027,31.804498934745787,1e-05,0.1
163,4756,561,2670592,19.07698631286621,561.42,1620,0.141387939453125,1.9808886051177979,0.9337528944015503,0.2,-0.009949407057865756,0.003214534,0.3601197711192071,0.06082616001367569,31.77435986995697,1e-05,0.1
164,4759,564,2686976,20.878406524658203,604.58,1630,0.15345458984375,1.9692771434783936,0.9197468757629395,0.2,-0.010561083594802767,0.003374925,0.3985760811716318,0.06090056523680687,31.744698333740235,1e-05,0.1
165,4761,567,2703360,20.99645233154297,601.34,1640,0.15318603515625,1.9799277782440186,0.8945882320404053,0.2,-0.00807644879387226,0.0033275632,0.36998796965926883,0.06098637357354164,31.714658939838408,1e-05,0.1
166,4763,570,2719744,21.374441146850586,609.91,1650,0.145562744140625,1.9873836040496826,0.8927406668663025,0.2,-0.009139362261339556,0.0032114072,0.520173941552639,0.06106194853782654,31.683902180194856,1e-05,0.1
167,4765,574,2736128,20.433387756347656,588.93,1660,0.1377197265625,1.890258550643921,0.9285769462585449,0.2,-0.01061835750588216,0.003104255,0.351038256380707,0.061130259186029434,31.65688030719757,1e-05,0.1
168,4768,577,2752512,18.556482315063477,543.86,1670,0.139105224609375,1.9241435527801514,0.9265711903572083,0.2,-0.010055808538163546,0.0032835645,0.3501931833103299,0.06120457872748375,31.63013471364975,1e-05,0.1
169,4771,580,2768896,19.160585403442383,557.6,1680,0.145849609375,1.8130937814712524,0.9328509569168091,0.2,-0.01097974129152135,0.0033629742,0.30627840785309673,0.06127971038222313,31.602148497104643,1e-05,0.1
170,4773,583,2785280,19.187419891357422,560.79,1690,0.15069580078125,1.9531736373901367,0.8881115317344666,0.2,-0.00957150019821711,0.003326702,0.47232713308185337,0.06136263906955719,31.572360610961915,1e-05,0.1
171,4775,586,2801664,19.19684410095215,569.25,1700,0.140863037109375,1.8689308166503906,0.9450781345367432,0.2,-0.010760233385371975,0.0031299521,0.28840186232700943,0.061434850096702576,31.543239974975585,1e-05,0.1
172,4777,589,2818048,18.920101165771484,562.14,1710,0.138409423828125,1.8339364528656006,0.9328346848487854,0.2,-0.010787155346770305,0.0030496595,0.27163329822942617,0.06150820106267929,31.51614396572113,1e-05,0.1
173,4780,592,2834432,18.72406768798828,555.52,1720,0.136627197265625,1.8989452123641968,0.9213884472846985,0.2,-0.009933918455499225,0.0031889544,0.33362467885017394,0.06157984584569931,31.48892741203308,1e-05,0.1
174,4782,596,2850816,18.756160736083984,549.98,1730,0.13358154296875,2.0220844745635986,0.9250450134277344,0.2,-0.009989542374387383,0.0031754412,0.4111185401678085,0.06165093928575516,31.46228243112564,1e-05,0.1
175,4785,599,2867200,18.096908569335938,530.66,1740,0.15706787109375,1.811462163925171,0.93572998046875,0.2,-0.010501414135796949,0.0033683178,0.2732782828621566,0.06172697991132736,31.43494243621826,1e-05,0.1
176,4787,602,2883584,17.177265167236328,510.04,1750,0.15247802734375,1.8387084007263184,0.9219169020652771,0.2,-0.010579118628811557,0.0033264114,0.37580671068280935,0.06180422753095627,31.40620473623276,1e-05,0.1
177,4789,605,2899968,18.87128448486328,555.32,1760,0.129119873046875,1.825933575630188,0.9415067434310913,0.2,-0.010750456515233963,0.003010079,0.2650257016532123,0.06188371405005455,31.377324736118318,1e-05,0.1
178,4792,608,2916352,20.55402183532715,601.3,1770,0.14921875,1.883908748626709,0.9240521192550659,0.2,-0.009409237357613166,0.0032999548,0.32657029246911407,0.06196565181016922,31.34719521999359,1e-05,0.1
179,4794,611,2932736,21.711448669433594,631.49,1780,0.153375244140625,1.785109043121338,0.9209108352661133,0.2,-0.009716714260866866,0.0033605006,0.32870306773111224,0.062045954167842865,31.317034661769867,1e-05,0.1
180,4796,614,2949120,20.711259841918945,605.45,1790,0.146697998046875,1.9493589401245117,0.914652407169342,0.2,-0.010535122542933095,0.0033291806,0.41508889719843867,0.0621194988489151,31.28835986852646,1e-05,0.1
181,4799,617,2965504,19.909610748291016,579.93,1800,0.149639892578125,1.8084332942962646,0.9481472969055176,0.2,-0.011974342705798335,0.0033029781,0.270489957369864,0.06219344958662987,31.261217749118806,1e-05,0.1
182,4801,621,2981888,18.95777702331543,554.23,1810,0.1595703125,2.017993450164795,0.9189592599868774,0.2,-0.010403674183180556,0.0035573752,0.38834687415510416,0.06227044016122818,31.23341703414917,1e-05,0.1
183,4803,624,2998272,18.608495712280273,542.16,1820,0.139276123046875,1.9507291316986084,0.9254475831985474,0.2,-0.010268000222276896,0.003124313,0.3444524437189102,0.0623498260974884,31.204483842849733,1e-05,0.1
184,4806,627,3014656,18.10757827758789,529.84,1830,0.1500732421875,2.008042335510254,0.893304705619812,0.2,-0.010720872915408108,0.0033578184,0.47378039322793486,0.06242937222123146,31.175146758556366,1e-05,0.1
185,4806,630,3031040,18.915367126464844,544.36,1840,0.142608642578125,1.7941830158233643,0.9360825419425964,0.2,-0.010562132064660546,0.003188189,0.3038932427763939,0.0625072568655014,31.146124291419984,1e-05,0.1
186,4807,633,3047424,19.835729598999023,570.8,1850,0.14024658203125,1.802362084388733,0.9208536148071289,0.2,-0.00973992699291557,0.0032178052,0.36976158041507007,0.06258559972047806,31.117413783073424,1e-05,0.1
187,4809,637,3063808,20.66275405883789,587.73,1860,0.14410400390625,1.850372314453125,0.9247691035270691,0.2,-0.009656547906342895,0.003402885,0.39062130404636264,0.06266440451145172,31.088378143310546,1e-05,0.1
188,4812,640,3080192,21.28533363342285,604.23,1870,0.135858154296875,1.90773344039917,0.9393869042396545,0.2,-0.009666925418423488,0.0030501748,0.29179105497896674,0.06274541467428207,31.059117245674134,1e-05,0.1
189,4811,643,3096576,20.778017044067383,598.44,1880,0.1399169921875,2.0762381553649902,0.9128575921058655,0.2,-0.008767377198091708,0.0032437,0.40705585293471813,0.0628298819065094,31.028791415691376,1e-05,0.1
190,4813,646,3112960,21.030109405517578,597.13,1890,0.1564208984375,1.9600672721862793,0.8934543132781982,0.2,-0.008984181594860275,0.0035235253,0.4239896470680833,0.06290794163942337,30.998862743377686,1e-05,0.1
191,4815,649,3129344,20.85751724243164,592.86,1900,0.15716552734375,1.9940768480300903,0.9090011119842529,0.2,-0.010276837614946998,0.003282074,0.454880946688354,0.06298565119504929,30.97054843902588,1e-05,0.1
192,4816,653,3145728,21.868396759033203,619.11,1910,0.131982421875,1.7801307439804077,0.926521360874176,0.2,-0.009921561961527913,0.0029771307,0.3095118599943817,0.06307047605514526,30.941092669963837,1e-05,0.1
193,4818,656,3162112,20.898658752441406,599.35,1920,0.162005615234375,1.8802825212478638,0.8842412829399109,0.2,-0.0090944099931221,0.0035771115,0.44494227729737756,0.06315045058727264,30.91079205274582,1e-05,0.1
194,4820,659,3178496,22.403457641601562,635.31,1930,0.14471435546875,1.9793009757995605,0.8899603486061096,0.2,-0.008850491387420334,0.0031881363,0.5119724618270993,0.06322629749774933,30.882359445095062,1e-05,0.1
195,4821,662,3194880,21.09273910522461,610.4,1940,0.13707275390625,1.902949571609497,0.9018438458442688,0.2,-0.008947166093275883,0.0031383003,0.38544102357700466,0.06330464035272598,30.85446517467499,1e-05,0.1
196,4823,665,3211264,20.23769187927246,592.0,1950,0.14537353515625,1.861570119857788,0.9250363707542419,0.2,-0.010881085375149268,0.0032174774,0.3246665601618588,0.06338316202163696,30.82590548992157,1e-05,0.1
197,4825,668,3227648,21.591054916381836,624.64,1960,0.147174072265625,2.019375801086426,0.900075376033783,0.2,-0.009630792439565994,0.0032705334,0.3880075071007013,0.06346332281827927,30.797160339355468,1e-05,0.1
198,4826,672,3244032,20.130022048950195,585.46,1970,0.1419921875,1.9813623428344727,0.9122377038002014,0.2,-0.009416875272290782,0.0033590524,0.3561100729741156,0.0635433942079544,30.768019759654997,1e-05,0.1
199,4828,675,3260416,20.42206573486328,589.33,1980,0.138037109375,1.9006518125534058,0.9413396120071411,0.2,-0.010320875250909013,0.0032518832,0.31838154708966615,0.06361895799636841,30.739848184585572,1e-05,0.1
200,4829,678,3276800,19.480405807495117,560.24,1990,0.1439208984375,1.8666718006134033,0.9248530864715576,0.2,-0.010117892203561496,0.003322151,0.33260023035109043,0.06369902193546295,30.711929655075075,1e-05,0.1
201,4829,681,3293184,20.44023895263672,582.6,2000,0.17047119140625,2.0079410076141357,0.8973937034606934,0.2,-0.009618337675055955,0.0037029688,0.4836735513061285,0.06378056854009628,30.682664155960083,1e-05,0.1
202,4830,685,3309568,20.950950622558594,599.24,2010,0.144384765625,1.723886489868164,0.9401946067810059,0.2,-0.009571063020121073,0.003146605,0.25713516399264336,0.06385671347379684,30.654096245765686,1e-05,0.1
203,4832,688,3325952,21.23383140563965,608.24,2020,0.142822265625,1.813718557357788,0.9321956038475037,0.2,-0.010217427089810372,0.0031427108,0.3140996817499399,0.06393792480230331,30.6259153008461,1e-05,0.1
204,4834,691,3342336,20.21454620361328,582.53,2030,0.157806396484375,2.1070735454559326,0.9027687311172485,0.2,-0.009713909569109091,0.0033539454,0.47639194447547195,0.06401831656694412,30.59681146144867,1e-05,0.1
205,4836,694,3358720,19.307844161987305,556.96,2040,0.144793701171875,1.787278413772583,0.9344364404678345,0.2,-0.010779931802244392,0.0031834547,0.3100065851584077,0.06409983336925507,30.56777333021164,1e-05,0.1
206,4837,697,3375104,20.051471710205078,582.03,2050,0.12906494140625,1.701406717300415,0.9483062624931335,0.2,-0.010962799401022493,0.002975481,0.20214245039969683,0.06417904049158096,30.538939797878264,1e-05,0.1
207,4840,700,3391488,19.803482055664062,575.59,2060,0.1410400390625,1.8574600219726562,0.9098445177078247,0.2,-0.009734837876749225,0.0031641177,0.35089331548660996,0.06425601243972778,30.510771453380585,1e-05,0.1
208,4842,703,3407872,20.708826065063477,603.27,2070,0.1497802734375,1.8336501121520996,0.9300877451896667,0.2,-0.0097553507941484,0.003313851,0.3095580444671214,0.06433185189962387,30.483532500267028,1e-05,0.1
209,4844,706,3424256,20.976825714111328,607.24,2080,0.144403076171875,1.9303004741668701,0.9091652631759644,0.2,-0.009613156838167925,0.0032620279,0.43667756505310534,0.0644187480211258,30.45455470085144,1e-05,0.1
210,4845,709,3440640,20.827293395996094,597.72,2090,0.1423828125,1.7387139797210693,0.9376645088195801,0.2,-0.00980207774991868,0.0031871446,0.29841280011460186,0.0645061507821083,30.42353845834732,1e-05,0.1
211,4847,713,3457024,20.069561004638672,573.39,2100,0.1535400390625,2.0362355709075928,0.9039884209632874,0.2,-0.009948535582225304,0.0034747194,0.4811410067602992,0.06458118557929993,30.394257164001466,1e-05,0.1
212,4849,716,3473408,19.627046585083008,564.07,2110,0.145440673828125,1.7787708044052124,0.9446811676025391,0.2,-0.01020020807191031,0.0032377143,0.2881469656713307,0.06466197967529297,30.36668519973755,1e-05,0.1
213,4851,719,3489792,20.434789657592773,586.39,2120,0.13905029296875,1.767148733139038,0.9362258911132812,0.2,-0.009471421194029972,0.0031665876,0.2667655314318836,0.06475057452917099,30.33659052848816,1e-05,0.1
214,4852,722,3506176,20.959552764892578,601.33,2130,0.149664306640625,1.8649768829345703,0.8954400420188904,0.2,-0.009235964569961652,0.0033272791,0.4952702961862087,0.06483760476112366,30.305337381362914,1e-05,0.1
215,4853,725,3522560,22.20956039428711,629.43,2140,0.141082763671875,1.7825477123260498,0.9402941465377808,0.2,-0.009640093556663487,0.0032864371,0.3093781525269151,0.0649125799536705,30.276383924484254,1e-05,0.1
216,4855,728,3538944,20.238176345825195,579.96,2150,0.163385009765625,1.9844980239868164,0.9132580757141113,0.2,-0.009476587735116481,0.0035981457,0.4346548836678267,0.06500130146741867,30.247768902778624,1e-05,0.1
217,4856,732,3555328,19.134862899780273,555.18,2160,0.146417236328125,1.827492356300354,0.9303285479545593,0.2,-0.010605845545069315,0.003252546,0.3422577312216163,0.06507453322410583,30.218852984905244,1e-05,0.1
218,4857,735,3571712,20.294389724731445,578.32,2170,0.13492431640625,1.8060181140899658,0.9502168297767639,0.2,-0.010208899025747087,0.0030307844,0.2878561744466424,0.06515343487262726,30.192096650600433,1e-05,0.1
219,4859,738,3588096,21.03372573852539,597.69,2180,0.148919677734375,1.8280085325241089,0.9261202216148376,0.2,-0.008646180546929828,0.0033356617,0.3364845676347613,0.06523460894823074,30.16387983560562,1e-05,0.1
220,4861,741,3604480,20.359203338623047,582.56,2190,0.1605712890625,1.8376903533935547,0.919156551361084,0.2,-0.009274416290281806,0.003402434,0.39430372305214406,0.06531371176242828,30.135586273670196,1e-05,0.1
221,4862,744,3620864,23.0583553314209,644.93,2200,0.15528564453125,1.8407692909240723,0.9343324303627014,0.2,-0.009684636269230395,0.003454166,0.2904095696285367,0.06539715081453323,30.107003700733184,1e-05,0.1
222,4864,747,3637248,22.660245895385742,634.54,2210,0.1457275390625,1.9033477306365967,0.900179922580719,0.2,-0.009425888123223558,0.0033438597,0.4316079843789339,0.06548155099153519,30.077333533763884,1e-05,0.1
223,4865,750,3653632,22.870573043823242,639.11,2220,0.1493408203125,1.8198633193969727,0.8995142579078674,0.2,-0.009522736680810339,0.0033701744,0.4118526978418231,0.06556618958711624,30.047778058052064,1e-05,0.1
224,4867,754,3670016,22.077924728393555,617.6,2230,0.1523193359375,1.8511594533920288,0.9218884706497192,0.2,-0.008847145697654924,0.003287986,0.34640289675444363,0.0656409040093422,30.019649076461793,1e-05,0.1
225,4868,757,3686400,20.839183807373047,592.89,2240,0.167230224609375,1.7763123512268066,0.9164395332336426,0.2,-0.009584332269150763,0.0036703367,0.4013429945334792,0.06572587788105011,29.991887557506562,1e-05,0.1
226,4869,760,3702784,18.266042709350586,540.01,2250,0.142205810546875,1.775600790977478,0.926352858543396,0.2,-0.010416228569374653,0.0031976183,0.33178974529728295,0.06580355763435364,29.963340640068054,1e-05,0.1
227,4870,763,3719168,17.650667190551758,527.75,2260,0.14591064453125,1.7352577447891235,0.9384168386459351,0.2,-0.011534090813074726,0.0033039402,0.2977293567731977,0.06588616222143173,29.935345911979674,1e-05,0.1
228,4871,766,3735552,17.37009048461914,523.79,2270,0.137200927734375,1.6916115283966064,0.9527878761291504,0.2,-0.010503986803814768,0.003154137,0.2304657582193613,0.06596294045448303,29.90750982761383,1e-05,0.1
229,4873,769,3751936,18.58032989501953,544.56,2280,0.136663818359375,1.8667129278182983,0.9328223466873169,0.2,-0.010843700825353153,0.0031682313,0.29981422452256085,0.06604078412055969,29.88069486618042,1e-05,0.1
230,4874,773,3768320,18.014101028442383,530.93,2290,0.162628173828125,1.832451343536377,0.917298436164856,0.2,-0.009909255628008396,0.0035509889,0.4155834063887596,0.066129170358181,29.851644599437712,1e-05,0.1
231,4876,776,3784704,19.989795684814453,575.08,2300,0.126434326171875,1.6341161727905273,0.9634641408920288,0.2,-0.011453071566938889,0.0028884704,0.1916994889266789,0.06620178371667862,29.823546886444092,1e-05,0.1
232,4877,779,3801088,20.278104782104492,578.79,2310,0.1595947265625,1.994241714477539,0.9068045616149902,0.2,-0.00906821147655137,0.0034988965,0.4920062754303217,0.06628904491662979,29.795955455303194,1e-05,0.1
233,4879,782,3817472,21.35773468017578,601.5,2320,0.136334228515625,1.7068661451339722,0.9276641607284546,0.2,-0.009685152886959258,0.0030234498,0.3105487510561943,0.06637052446603775,29.766600596904755,1e-05,0.1
234,4880,785,3833856,21.437036514282227,599.76,2330,0.147381591796875,2.063943862915039,0.8653362393379211,0.2,-0.008498160637100228,0.0033558998,0.536565019749105,0.06646256148815155,29.736439716815948,1e-05,0.1
235,4881,788,3850240,21.23459243774414,606.68,2340,0.15621337890625,1.7323014736175537,0.935110330581665,0.2,-0.010788181328098289,0.0034206233,0.3213269403204322,0.06654331088066101,29.706579995155334,1e-05,0.1
236,4883,791,3866624,20.1479434967041,584.12,2350,0.142529296875,1.876207947731018,0.9192467927932739,0.2,-0.009529442596249282,0.003261503,0.34104910185560583,0.06662822514772415,29.677983736991884,1e-05,0.1
237,4883,795,3883008,19.709335327148438,575.48,2360,0.1279541015625,1.676706075668335,0.9413509964942932,0.2,-0.00982205428299494,0.0030193892,0.263350997120142,0.0667089968919754,29.64940518140793,1e-05,0.1
238,4884,798,3899392,21.203161239624023,606.82,2370,0.1480224609375,1.9286472797393799,0.9206079244613647,0.2,-0.009155867413210218,0.0034018864,0.388649814017117,0.06679537892341614,29.620586740970612,1e-05,0.1
239,4885,801,3915776,21.94866371154785,628.69,2380,0.137628173828125,1.8663586378097534,0.9142482876777649,0.2,-0.009125148644670844,0.0032853044,0.3122325553558767,0.06687343865633011,29.592294847965242,1e-05,0.1
240,4887,804,3932160,22.06561279296875,632.66,2390,0.154046630859375,1.6991784572601318,0.9300796389579773,0.2,-0.0089021091509494,0.0032309154,0.28373497584834695,0.06695529818534851,29.564768075942993,1e-05,0.1
241,4888,807,3948544,22.192310333251953,641.83,2400,0.15096435546875,1.7951091527938843,0.9345890283584595,0.2,-0.010893165208108258,0.0033818139,0.3360301529057324,0.06703754514455795,29.53661366701126,1e-05,0.1
242,4889,810,3964928,23.230396270751953,666.36,2410,0.16346435546875,1.7270610332489014,0.9061861038208008,0.2,-0.009973189307493158,0.0035762028,0.37925597243011,0.067125104367733,29.507570230960845,1e-05,0.1
243,4891,813,3981312,23.644569396972656,673.63,2420,0.1493408203125,1.7522821426391602,0.9127785563468933,0.2,-0.009922989815822802,0.003346839,0.3611963510513306,0.06720709055662155,29.478385543823244,1e-05,0.1
244,4891,817,3997696,23.445270538330078,662.53,2430,0.13997802734375,1.7628576755523682,0.9365406036376953,0.2,-0.008448150390177035,0.0031533488,0.28481048084795474,0.067290760576725,29.450037634372713,1e-05,0.1
245,4893,820,4014080,23.512401580810547,662.04,2440,0.149896240234375,1.8145098686218262,0.919596791267395,0.2,-0.008723900844779564,0.00330032,0.3444423812441528,0.06737380474805832,29.421536695957183,1e-05,0.1
246,4894,823,4030464,21.210432052612305,606.01,2450,0.135662841796875,1.701418161392212,0.9476756453514099,0.2,-0.01043854038871359,0.0030105922,0.23948569940403103,0.06745447963476181,29.393590009212495,1e-05,0.1
247,4896,826,4046848,20.749069213867188,594.75,2460,0.150482177734375,1.8790786266326904,0.9188069105148315,0.2,-0.00994699214643333,0.0033588544,0.41402042638510467,0.06753632426261902,29.36582306623459,1e-05,0.1
248,4897,829,4063232,21.108232498168945,614.78,2470,0.143695068359375,1.6882721185684204,0.9355448484420776,0.2,-0.00955766243278049,0.0031219686,0.24032496204599738,0.06762757152318954,29.336572539806365,1e-05,0.1
249,4898,832,4079616,21.274354934692383,613.44,2480,0.155780029296875,1.8817342519760132,0.9231027960777283,0.2,-0.010176991704793182,0.003556792,0.38857965022325514,0.0677141547203064,29.30611960887909,1e-05,0.1
250,4899,835,4096000,20.864763259887695,606.4,2490,0.15013427734375,1.764238715171814,0.9325904846191406,0.2,-0.009673576000204775,0.003398051,0.32954168738797307,0.0677948072552681,29.277695333957674,1e-05,0.1
251,4900,839,4112384,20.01587677001953,589.7,2500,0.1390625,1.7193169593811035,0.9395109415054321,0.2,-0.010661298358172644,0.0031890287,0.32195298140868545,0.0678718313574791,29.251054656505584,1e-05,0.1
252,4901,842,4128768,20.110363006591797,584.8,2510,0.141094970703125,1.647244930267334,0.9357441067695618,0.2,-0.01040384096413618,0.0031312578,0.29715998768806456,0.06795939058065414,29.223210620880128,1e-05,0.1
253,4901,845,4145152,20.425182342529297,593.64,2520,0.142803955078125,1.7201591730117798,0.9358246326446533,0.2,-0.009967364053591155,0.0031656493,0.26883929371833803,0.06804411858320236,29.194034659862517,1e-05,0.1
254,4901,848,4161536,19.940065383911133,577.4,2530,0.154852294921875,1.9054298400878906,0.9166867733001709,0.2,-0.010496814016369172,0.0033614382,0.43599312510341404,0.06812922656536102,29.165337550640107,1e-05,0.1
255,4902,852,4177920,19.000946044921875,556.24,2540,0.11854248046875,1.7129584550857544,0.9509779810905457,0.2,-0.010341068606066983,0.0028703683,0.23663728861138225,0.06821239739656448,29.13698741197586,1e-05,0.1
256,4903,855,4194304,18.64413833618164,550.19,2550,0.15523681640625,1.8224811553955078,0.9191578030586243,0.2,-0.009616984709282406,0.0034263378,0.34134659031406045,0.06829581409692764,29.108767199516297,1e-05,0.1
257,4904,858,4210688,19.838773727416992,589.53,2560,0.14339599609375,1.770473599433899,0.9215837717056274,0.2,-0.01131351784861181,0.0032742529,0.3330858530476689,0.06837452203035355,29.08158106803894,1e-05,0.1
258,4906,861,4227072,20.878982543945312,618.58,2570,0.141436767578125,1.776232361793518,0.9354398846626282,0.2,-0.009864912164630368,0.0031397683,0.287486229557544,0.06845966726541519,29.05398030281067,1e-05,0.1
259,4907,864,4243456,22.123872756958008,641.34,2580,0.131512451171875,1.6165450811386108,0.9527232646942139,0.2,-0.011779484222643077,0.0030577024,0.1879005710594356,0.06854484975337982,29.02532207965851,1e-05,0.1
260,4908,867,4259840,23.1339168548584,661.76,2590,0.156610107421875,1.8940078020095825,0.8942564725875854,0.2,-0.008757234267250169,0.0033923958,0.431795758754015,0.06863968819379807,28.995186543464662,1e-05,0.1
261,4910,870,4276224,23.498708724975586,660.53,2600,0.1512451171875,1.6555674076080322,0.9286068677902222,0.2,-0.009688192093744875,0.0033071707,0.28762992126867176,0.06873014569282532,28.964138865470886,1e-05,0.1
262,4911,873,4292608,23.062637329101562,652.54,2610,0.1420654296875,1.9089711904525757,0.9073036909103394,0.2,-0.009625453748594737,0.0032371322,0.4283785045146942,0.0688147321343422,28.934731090068816,1e-05,0.1
263,4912,877,4308992,21.854969024658203,635.05,2620,0.136773681640625,1.6706838607788086,0.9185344576835632,0.2,-0.00993075974547537,0.0030333684,0.30164127312600614,0.06889744848012924,28.906973135471343,1e-05,0.1
264,4914,880,4325376,20.19952964782715,600.59,2630,0.146923828125,1.7820603847503662,0.8869513869285583,0.2,-0.010501143534202128,0.003418984,0.4355215888470411,0.06898390501737595,28.878564405441285,1e-05,0.1
265,4915,883,4341760,21.72779083251953,643.19,2640,0.123345947265625,1.6092092990875244,0.9491152763366699,0.2,-0.010799508479976794,0.0029716413,0.23226593630388379,0.06905997544527054,28.851540100574493,1e-05,0.1
266,4916,886,4358144,20.972558975219727,606.21,2650,0.136480712890625,1.7368104457855225,0.9161813259124756,0.2,-0.008873365839826874,0.0030265637,0.28036134177818894,0.06915174424648285,28.823710370063782,1e-05,0.1
267,4916,889,4374528,20.918930053710938,602.25,2660,0.14134521484375,1.7727994918823242,0.9151301383972168,0.2,-0.00957037182233762,0.0032451726,0.41609531790018084,0.06923739612102509,28.794012832641602,1e-05,0.1
268,4917,892,4390912,21.212844848632812,608.58,2670,0.135931396484375,1.7998347282409668,0.9256739616394043,0.2,-0.008976933543453924,0.003230203,0.3499107235111296,0.06932365894317627,28.76536157131195,1e-05,0.1
269,4917,896,4407296,21.674623489379883,618.11,2680,0.122576904296875,1.6888444423675537,0.9465853571891785,0.2,-0.009714353654271691,0.0029426059,0.24359366148710251,0.06940726935863495,28.737515461444854,1e-05,0.1
270,4918,899,4423680,21.247264862060547,618.68,2690,0.144830322265625,1.9585192203521729,0.8761227130889893,0.2,-0.008933474474179092,0.0032798105,0.4598278123885393,0.06949812173843384,28.70837172269821,1e-05,0.1
271,4919,902,4440064,20.155126571655273,594.41,2700,0.1275390625,1.66140878200531,0.9382522106170654,0.2,-0.010126706919982098,0.0029611592,0.27654452323913575,0.06957732886075974,28.680123972892762,1e-05,0.1
272,4920,905,4456448,18.77812957763672,556.54,2710,0.154522705078125,1.8032031059265137,0.9230018258094788,0.2,-0.01038166917351191,0.0034472463,0.36962157376110555,0.06966511160135269,28.652733314037324,1e-05,0.1
273,4921,908,4472832,18.83316421508789,555.64,2720,0.139532470703125,1.762117862701416,0.9360668063163757,0.2,-0.009990727328113281,0.0031889312,0.3102026860229671,0.06975825875997543,28.62301285266876,1e-05,0.1
274,4922,911,4489216,20.010221481323242,584.25,2730,0.1443359375,1.723380446434021,0.9276706576347351,0.2,-0.008850984901073389,0.003227747,0.3299660326912999,0.0698486939072609,28.592506849765776,1e-05,0.1
275,4924,915,4505600,21.629688262939453,621.03,2740,0.1486083984375,1.6902813911437988,0.9024685025215149,0.2,-0.008487753587542102,0.0034292038,0.31660412475466726,0.06994136422872543,28.562485992908478,1e-05,0.1
276,4925,918,4521984,22.1995849609375,635.45,2750,0.142120361328125,1.8929940462112427,0.9147745966911316,0.2,-0.008737360413942952,0.003322104,0.41293690698221325,0.07002993673086166,28.532510387897492,1e-05,0.1
277,4926,921,4538368,19.389009475708008,567.24,2760,0.14052734375,1.6850355863571167,0.9431367516517639,0.2,-0.009877328293805476,0.0032829589,0.2587444075383246,0.07011144608259201,28.50457009077072,1e-05,0.1
278,4927,924,4554752,17.39635467529297,519.64,2770,0.135858154296875,1.658997893333435,0.9439717531204224,0.2,-0.01118156589800492,0.003159223,0.332275041565299,0.0701964870095253,28.47737274169922,1e-05,0.1
279,4928,927,4571136,18.746435165405273,556.17,2780,0.1431396484375,1.7406560182571411,0.9366359114646912,0.2,-0.009380286735540722,0.0032913287,0.2796771742403507,0.0702843964099884,28.449009335041048,1e-05,0.1
280,4929,930,4587520,18.332674026489258,543.15,2790,0.140338134765625,1.8241931200027466,0.9141231179237366,0.2,-0.008902619672880974,0.003133827,0.37219265550374986,0.07037527859210968,28.41980916261673,1e-05,0.1
281,4930,933,4603904,21.601835250854492,625.51,2800,0.142474365234375,1.663871169090271,0.9350484609603882,0.2,-0.009271766273013782,0.0031781793,0.2845489243045449,0.07046504318714142,28.39014469385147,1e-05,0.1
282,4931,936,4620288,20.041461944580078,586.29,2810,0.1332275390625,1.7680754661560059,0.9216297268867493,0.2,-0.008979734059539623,0.003103916,0.3999278308823705,0.07055474072694778,28.36093670129776,1e-05,0.1
283,4933,939,4636672,20.762065887451172,596.85,2820,0.140802001953125,1.6245933771133423,0.9499625563621521,0.2,-0.009870029997546225,0.0032142405,0.24002293534576893,0.07064449042081833,28.331735277175902,1e-05,0.1
284,4934,943,4653056,20.542898178100586,588.06,2830,0.143377685546875,1.753116488456726,0.8986483216285706,0.2,-0.008155883569270373,0.0033912929,0.40937891639769075,0.07073469460010529,28.30245223045349,1e-05,0.1
285,4935,946,4669440,20.64056968688965,594.72,2840,0.149566650390625,1.7749797105789185,0.9287045001983643,0.2,-0.009898975382384378,0.0033631045,0.31649982975795865,0.07082945108413696,28.272397303581236,1e-05,0.1
286,4936,949,4685824,19.598743438720703,573.7,2850,0.142431640625,1.7107458114624023,0.9232797026634216,0.2,-0.009549002427957021,0.0032728983,0.378993609175086,0.07091860473155975,28.242430603504182,1e-05,0.1
287,4937,952,4702208,19.33659553527832,571.36,2860,0.12744140625,1.6319159269332886,0.9489732384681702,0.2,-0.009677253995323553,0.0030645397,0.23841913091018796,0.07100855559110641,28.213451826572417,1e-05,0.1
288,4938,955,4718592,19.850112915039062,583.26,2870,0.134124755859375,1.624707818031311,0.9350389242172241,0.2,-0.009671399141370784,0.0030390543,0.28768989313393833,0.07109371572732925,28.18494521379471,1e-05,0.1
289,4940,958,4734976,21.208389282226562,611.65,2880,0.135699462890625,1.743105411529541,0.9328720569610596,0.2,-0.009628452007018496,0.003105066,0.32232456728816034,0.07118462771177292,28.156759595870973,1e-05,0.1
290,4941,961,4751360,20.78183364868164,596.88,2890,0.15867919921875,1.8216322660446167,0.9267449975013733,0.2,-0.009211193848022959,0.003382991,0.3347324469126761,0.07128045707941055,28.126348781585694,1e-05,0.1
291,4942,964,4767744,20.406047821044922,582.97,2900,0.13115234375,1.6350533962249756,0.9351837635040283,0.2,-0.009844129883276764,0.0030333018,0.32443294106051324,0.07136965543031693,28.096473932266235,1e-05,0.1
292,4943,967,4784128,21.140785217285156,603.77,2910,0.1422119140625,1.6449722051620483,0.921345591545105,0.2,-0.009546968269569333,0.0032014856,0.33306543026119473,0.07146437466144562,28.06708208322525,1e-05,0.1
293,4944,970,4800512,21.366981506347656,608.49,2920,0.14434814453125,1.6814348697662354,0.9155707359313965,0.2,-0.009280407171172556,0.0032377676,0.37182486411184074,0.07154937833547592,28.037834548950194,1e-05,0.1
294,4945,974,4816896,23.450210571289062,659.51,2930,0.135406494140625,1.5958292484283447,0.9399270415306091,0.2,-0.009101805201498791,0.0030326257,0.2411604295950383,0.0716407299041748,28.009775984287263,1e-05,0.1
295,4946,977,4833280,23.554582595825195,659.6,2940,0.15479736328125,1.7261807918548584,0.901326596736908,0.2,-0.008326791992294602,0.0034287293,0.3872215966694057,0.07173402607440948,27.980069172382354,1e-05,0.1
296,4947,980,4849664,24.189836502075195,675.58,2950,0.151885986328125,1.7173418998718262,0.9106759428977966,0.2,-0.009109765267930925,0.003369948,0.3563169861212373,0.07183507084846497,27.94887396097183,1e-05,0.1
297,4948,983,4866048,25.0377197265625,698.07,2960,0.1438232421875,1.7791368961334229,0.9073019027709961,0.2,-0.009509312694717664,0.003300713,0.3733620408922434,0.07192043960094452,27.918872559070586,1e-05,0.1
298,4949,986,4882432,23.36246109008789,665.94,2970,0.142877197265625,1.5789567232131958,0.9293019771575928,0.2,-0.009161034136923263,0.0032399194,0.2602926580235362,0.07201492041349411,27.890384757518767,1e-05,0.1
299,4950,989,4898816,23.2506160736084,670.28,2980,0.141265869140625,1.9222848415374756,0.9134175181388855,0.2,-0.009310408592864406,0.0032907315,0.40358036635443567,0.07210277765989304,27.86109193563461,1e-05,0.1
300,4952,992,4915200,23.760757446289062,687.7,2990,0.14107666015625,1.6133168935775757,0.9174321889877319,0.2,-0.009946817756281234,0.0031896457,0.3072355740703642,0.07219022512435913,27.83325899839401,1e-05,0.1
301,4953,995,4931584,21.69439697265625,633.21,3000,0.1487060546875,1.623083472251892,0.9223671555519104,0.2,-0.010144386674801354,0.0033344142,0.3154266607947648,0.07228033989667892,27.805001640319823,1e-05,0.1
302,4954,998,4947968,22.2426815032959,641.72,3010,0.145709228515625,1.7054089307785034,0.9270546436309814,0.2,-0.010242748059681617,0.0033307911,0.323245258256793,0.07236611098051071,27.776896870136262,1e-05,0.1
303,4955,1001,4964352,21.838048934936523,636.6,3020,0.140667724609375,1.726663589477539,0.9223209023475647,0.2,-0.008309804779128172,0.0031850094,0.28685642704367637,0.07245522737503052,27.749174690246583,1e-05,0.1
304,4956,1004,4980736,21.48543930053711,624.77,3030,0.14288330078125,1.8279188871383667,0.9263091683387756,0.2,-0.009379256678221282,0.0033072054,0.3538916536606848,0.07254675030708313,27.720625579357147,1e-05,0.1
305,4957,1007,4997120,20.741952896118164,609.3,3040,0.14261474609375,1.6450021266937256,0.9430849552154541,0.2,-0.009686219833383802,0.0032735644,0.27089053513482214,0.07263998687267303,27.691139483451842,1e-05,0.1
306,4958,1011,5013504,19.65618133544922,583.66,3050,0.139569091796875,1.678313136100769,0.9297095537185669,0.2,-0.010516120778629557,0.0032667373,0.36690290085971355,0.07271968573331833,27.66371057033539,1e-05,0.1
307,4959,1014,5029888,19.663026809692383,584.0,3060,0.136285400390625,1.6387860774993896,0.935227632522583,0.2,-0.010065785978804342,0.0031432123,0.25664286846295,0.07280874997377396,27.63724719285965,1e-05,0.1
308,4960,1017,5046272,20.521493911743164,603.96,3070,0.14674072265625,1.760956048965454,0.9417747259140015,0.2,-0.010673917023814284,0.003281348,0.29838456567376853,0.07289815694093704,27.608949780464172,1e-05,0.1
309,4961,1020,5062656,22.103294372558594,637.07,3080,0.12818603515625,1.58396577835083,0.9467350244522095,0.2,-0.009932947294873883,0.0029076887,0.23541319984942674,0.0729832872748375,27.581495547294615,1e-05,0.1
310,4962,1023,5079040,22.305700302124023,644.31,3090,0.145184326171875,1.6363964080810547,0.9301428198814392,0.2,-0.009420538682024925,0.0031920755,0.3413621177896857,0.07307561486959457,27.553500032424928,1e-05,0.1
311,4962,1026,5095424,21.081829071044922,602.14,3100,0.146417236328125,1.7427997589111328,0.9231837391853333,0.2,-0.009262723206484224,0.0032557026,0.3540724658407271,0.07317234575748444,27.523775219917297,1e-05,0.1
312,4963,1029,5111808,20.531396865844727,586.93,3110,0.14200439453125,1.6897478103637695,0.9335638284683228,0.2,-0.0099634064026759,0.003201441,0.3267105962149799,0.0732627660036087,27.494292116165163,1e-05,0.1
313,4964,1033,5128192,19.960376739501953,575.99,3120,0.1279541015625,1.6683019399642944,0.9330025315284729,0.2,-0.008392855754937045,0.003048387,0.31683980766683817,0.07335513830184937,27.46556317806244,1e-05,0.1
314,4964,1036,5144576,19.276939392089844,560.84,3130,0.14144287109375,1.7453534603118896,0.9402464628219604,0.2,-0.010385224310448393,0.003330953,0.30177551675587894,0.07344459742307663,27.43706008195877,1e-05,0.1
315,4964,1039,5160960,20.90801239013672,604.47,3140,0.1328857421875,1.5582475662231445,0.9463242888450623,0.2,-0.010242408565682126,0.003042958,0.23555956985801457,0.07353924959897995,27.40837210416794,1e-05,0.1
316,4964,1042,5177344,20.50472640991211,600.24,3150,0.1496826171875,1.6312212944030762,0.9028475284576416,0.2,-0.009317791188368573,0.0033195978,0.3967824994586408,0.07363027334213257,27.37906531095505,1e-05,0.1
317,4965,1046,5193728,21.646711349487305,625.7,3160,0.138372802734375,1.7155506610870361,0.9389119148254395,0.2,-0.010308114447980188,0.003228963,0.29470301335677507,0.0737202912569046,27.351049625873564,1e-05,0.1
318,4966,1049,5210112,22.747509002685547,657.32,3170,0.13785400390625,1.6903387308120728,0.9302535653114319,0.2,-0.008649296197108924,0.0030725524,0.2699254484847188,0.07381483167409897,27.322168147563936,1e-05,0.1
319,4966,1052,5226496,22.83350372314453,660.7,3180,0.158831787109375,1.572252631187439,0.9127794504165649,0.2,-0.010017914183117682,0.003474763,0.3366914726793766,0.07390693575143814,27.293096053600312,1e-05,0.1
320,4967,1055,5242880,23.5899600982666,672.24,3190,0.127471923828125,1.7674305438995361,0.931435763835907,0.2,-0.008985446426959243,0.0030422301,0.32446672916412356,0.07399975508451462,27.264263701438903,1e-05,0.1
321,4968,1058,5259264,24.066539764404297,685.03,3200,0.14681396484375,1.6962836980819702,0.8848667740821838,0.2,-0.008764485275605693,0.003358194,0.46164509318768976,0.07409326732158661,27.23533284664154,1e-05,0.1
322,4969,1061,5275648,21.574373245239258,622.68,3210,0.1474853515625,1.6811782121658325,0.9210960865020752,0.2,-0.009074000082910061,0.003328891,0.3218195316381752,0.07418828457593918,27.206191515922548,1e-05,0.1
323,4970,1064,5292032,20.841856002807617,600.68,3220,0.13897705078125,1.7481105327606201,0.9218317866325378,0.2,-0.009780929367116187,0.0032173097,0.38316388577222826,0.07427924871444702,27.177313578128814,1e-05,0.1
324,4971,1067,5308416,19.01544761657715,561.54,3230,0.13385009765625,1.6358404159545898,0.9361618161201477,0.2,-0.00984763430460589,0.0030913907,0.27001984398812057,0.07437532395124435,27.148386979103087,1e-05,0.1
325,4971,1071,5324800,18.175901412963867,544.83,3240,0.150732421875,1.6338720321655273,0.9382543563842773,0.2,-0.010527376416575862,0.0032312828,0.2927402937784791,0.07446788996458054,27.119070768356323,1e-05,0.1
326,4972,1074,5341184,18.839197158813477,563.2,3250,0.11761474609375,1.4972277879714966,0.962314248085022,0.2,-0.01008010162768187,0.0027853954,0.16715078977867961,0.07455363124608994,27.09156675338745,1e-05,0.1
327,4973,1077,5357568,20.581907272338867,613.63,3260,0.148126220703125,1.6093240976333618,0.9296205639839172,0.2,-0.008879534504376351,0.0033255783,0.2727650976739824,0.07465526461601257,27.062853026390076,1e-05,0.1
328,4974,1080,5373952,20.881521224975586,623.52,3270,0.14610595703125,1.5845656394958496,0.925661563873291,0.2,-0.010000473487889395,0.0032964596,0.34229495348408817,0.07475382089614868,27.03176192045212,1e-05,0.1
329,4975,1083,5390336,23.17287826538086,678.4,3280,0.13109130859375,1.60755455493927,0.9420971870422363,0.2,-0.008948288517422043,0.0029653828,0.22965786335989832,0.07484371960163116,27.002795135974885,1e-05,0.1
330,4975,1086,5406720,21.9305419921875,640.81,3290,0.15291748046875,1.7018085718154907,0.9133934378623962,0.2,-0.009446769156056689,0.0034213392,0.3725159446708858,0.07493583112955093,26.97499532699585,1e-05,0.1
331,4976,1089,5423104,22.032426834106445,642.53,3300,0.134173583984375,1.6999608278274536,0.9271156787872314,0.2,-0.009723735191801097,0.0031745469,0.31092525776475666,0.07502961158752441,26.946452045440672,1e-05,0.1
332,4977,1092,5439488,22.3505859375,645.12,3310,0.146734619140625,1.7050375938415527,0.9067368507385254,0.2,-0.008889589915634133,0.0033272654,0.4028812313452363,0.07512030750513077,26.91801334619522,1e-05,0.1
333,4977,1096,5455872,21.092988967895508,607.46,3320,0.143890380859375,1.6696780920028687,0.9300771951675415,0.2,-0.00921603241295088,0.003206458,0.3183492793701589,0.07521364837884903,26.889971446990966,1e-05,0.1
334,4978,1099,5472256,21.304706573486328,614.06,3330,0.146258544921875,1.7115681171417236,0.910715639591217,0.2,-0.008566872666415292,0.003342322,0.4141672016121447,0.07530858367681503,26.861193549633025,1e-05,0.1
335,4978,1102,5488640,21.154916763305664,611.81,3340,0.134088134765625,1.5999186038970947,0.9302600622177124,0.2,-0.009206960030132905,0.003162988,0.3201119120232761,0.07540211826562881,26.832265698909758,1e-05,0.1
336,4977,1106,5505024,20.12836265563965,593.26,3350,0.140185546875,1.592440128326416,0.9419318437576294,0.2,-0.010336284202639944,0.003225259,0.24470549123361707,0.07548898458480835,26.804681539535522,1e-05,0.1
337,4977,1109,5521408,19.64826202392578,590.55,3360,0.150994873046875,1.650909423828125,0.9342272281646729,0.2,-0.010298286392935552,0.0033845126,0.31203261027112605,0.0755862221121788,26.77693655490875,1e-05,0.1
338,4977,1112,5537792,20.365222930908203,605.72,3370,0.130059814453125,1.5758373737335205,0.9456334710121155,0.2,-0.00944392826204421,0.0029346342,0.23102973187342285,0.07567382603883743,26.748467051982878,1e-05,0.1
339,4978,1115,5554176,21.58551025390625,632.6,3380,0.1443359375,1.7136611938476562,0.9301241636276245,0.2,-0.009183619719988202,0.003357637,0.34132823524996636,0.07577406615018845,26.720382606983186,1e-05,0.1
340,4979,1118,5570560,22.933671951293945,660.84,3390,0.1619384765625,1.6975605487823486,0.8928511738777161,0.2,-0.008813761298370082,0.003526567,0.34640632309019564,0.07588564604520798,26.688186037540437,1e-05,0.1
341,4980,1121,5586944,24.172658920288086,686.39,3400,0.149639892578125,1.747843623161316,0.9078217148780823,0.2,-0.00821264218102442,0.0033182781,0.4041129813529551,0.07598482817411423,26.655899131298064,1e-05,0.1
342,4980,1124,5603328,23.230758666992188,666.41,3410,0.140411376953125,1.647935390472412,0.9110955595970154,0.2,-0.00830811636405997,0.0031597745,0.35766112208366396,0.07608313858509064,26.626037871837617,1e-05,0.1
343,4981,1128,5619712,23.157136917114258,668.51,3420,0.1348388671875,1.5644229650497437,0.9285486936569214,0.2,-0.009343645669287071,0.0030191154,0.24072976112365724,0.0761764794588089,26.59714024066925,1e-05,0.1
344,4982,1131,5636096,22.212665557861328,652.9,3430,0.138385009765625,1.6048451662063599,0.935684323310852,0.2,-0.009960490475350525,0.003137879,0.2727728427387774,0.0762748271226883,26.568367576599123,1e-05,0.1
345,4982,1134,5652480,21.6048641204834,626.93,3440,0.1396484375,1.562686562538147,0.950408399105072,0.2,-0.010031347014592028,0.0030962506,0.21726097892969848,0.07637996971607208,26.53777974843979,1e-05,0.1
346,4983,1137,5668864,21.83753204345703,633.14,3450,0.15595703125,1.7390809059143066,0.8990751504898071,0.2,-0.00879432311776327,0.0034952287,0.4319793597795069,0.07648009806871414,26.50647715330124,1e-05,0.1
347,4984,1140,5685248,21.673175811767578,628.39,3460,0.131365966796875,1.541727066040039,0.9339972734451294,0.2,-0.009169554300024174,0.002998699,0.25888358233496545,0.07657194882631302,26.477806210517883,1e-05,0.1
348,4985,1143,5701632,20.153076171875,588.92,3470,0.143212890625,1.6353651285171509,0.9318997859954834,0.2,-0.010517082851583837,0.0032946304,0.3249616388231516,0.07666375488042831,26.45029673576355,1e-05,0.1
349,4984,1147,5718016,20.660024642944336,614.55,3480,0.1316650390625,1.4722552299499512,0.9499838948249817,0.2,-0.010346238642523532,0.0030147089,0.20520566506311297,0.07675529271364212,26.422698497772217,1e-05,0.1
350,4985,1150,5734400,19.75116729736328,593.97,3490,0.14940185546875,1.5479722023010254,0.9161559343338013,0.2,-0.008745361880573909,0.0033194758,0.3282849914394319,0.07685347646474838,26.39436355829239,1e-05,0.1
351,4986,1153,5750784,20.471054077148438,605.23,3500,0.135882568359375,1.5702173709869385,0.9499395489692688,0.2,-0.010943348462751601,0.003155226,0.2549056025221944,0.07694315910339355,26.366277074813844,1e-05,0.1
352,4987,1156,5767168,20.839712142944336,612.47,3510,0.1412353515625,1.5500329732894897,0.9108940362930298,0.2,-0.00810967227735091,0.0032503265,0.32837028717622163,0.07704556733369827,26.337490904331208,1e-05,0.1
353,4987,1159,5783552,20.372669219970703,605.04,3520,0.134674072265625,1.493995189666748,0.9350937008857727,0.2,-0.009268029806844425,0.003123921,0.291486659552902,0.07714714109897614,26.30701118707657,1e-05,0.1
354,4988,1162,5799936,21.283302307128906,631.69,3530,0.137603759765625,1.5805811882019043,0.9336210489273071,0.2,-0.009959110204363242,0.0032070202,0.2534554903395474,0.07723883539438248,26.278126323223113,1e-05,0.1
355,4989,1165,5816320,21.144878387451172,631.61,3540,0.138494873046875,1.6958732604980469,0.9176262021064758,0.2,-0.009511123535048682,0.0031269956,0.3826937234029174,0.07733646780252457,26.250039184093474,1e-05,0.1
356,4990,1168,5832704,21.188283920288086,629.64,3550,0.13250732421875,1.4952385425567627,0.9457166194915771,0.2,-0.009158808780193794,0.0030138884,0.20285403919406236,0.07742951065301895,26.22171574831009,1e-05,0.1
357,4991,1171,5849088,22.76050567626953,659.11,3560,0.134613037109375,1.5234626531600952,0.9431803226470947,0.2,-0.008831487488350831,0.0031638253,0.26772586088627576,0.07752968370914459,26.193037581443786,1e-05,0.1
358,4992,1174,5865472,22.291704177856445,646.81,3570,0.1563720703125,1.6866264343261719,0.8977231979370117,0.2,-0.00887023579707602,0.003570119,0.4228746945038438,0.07763080298900604,26.16320444345474,1e-05,0.1
359,4993,1178,5881856,22.304044723510742,637.49,3580,0.129742431640625,1.5874217748641968,0.9414034485816956,0.2,-0.009056277851050254,0.003094077,0.290968276001513,0.07772393524646759,26.134271764755248,1e-05,0.1
360,4992,1181,5898240,20.934202194213867,607.33,3590,0.1536376953125,1.5530284643173218,0.9151400327682495,0.2,-0.009053721006785054,0.0033223215,0.3485513456165791,0.07782826572656631,26.105358469486237,1e-05,0.1
361,4993,1184,5914624,18.9854736328125,561.63,3600,0.140753173828125,1.6101348400115967,0.9421741366386414,0.2,-0.010878487113222946,0.0032942183,0.2934490831568837,0.07791486382484436,26.076806128025055,1e-05,0.1
362,4994,1187,5931008,19.506187438964844,574.44,3610,0.1273681640625,1.5868457555770874,0.9403817057609558,0.2,-0.0095707892520295,0.0030484917,0.25802744198590516,0.07800708711147308,26.050574171543122,1e-05,0.1
363,4994,1190,5947392,18.937946319580078,566.84,3620,0.139361572265625,1.4988831281661987,0.9302323460578918,0.2,-0.009163116786658066,0.0032129544,0.27396590607240795,0.07810927927494049,26.0219731092453,1e-05,0.1
364,4995,1193,5963776,19.29326629638672,570.26,3630,0.158642578125,1.751246452331543,0.9112406969070435,0.2,-0.010176690576190594,0.0035232357,0.39885372798889873,0.07819966971874237,25.99342303276062,1e-05,0.1
365,4995,1197,5980160,19.755884170532227,581.43,3640,0.133367919921875,1.5330885648727417,0.9389532804489136,0.2,-0.00981317034456879,0.003002211,0.2740372530184686,0.07829529047012329,25.966134393215178,1e-05,0.1
366,4996,1200,5996544,21.393156051635742,626.42,3650,0.1472412109375,1.644860029220581,0.9094973206520081,0.2,-0.00906629274977604,0.003326362,0.38166344109922645,0.07839825004339218,25.937021017074585,1e-05,0.1
367,4997,1203,6012928,21.784133911132812,638.33,3660,0.14815673828125,1.545391321182251,0.9257650971412659,0.2,-0.009260306687792763,0.0032776468,0.2547992723062634,0.07850063592195511,25.906935679912568,1e-05,0.1
368,4997,1206,6029312,22.4051513671875,656.54,3670,0.14747314453125,1.6553516387939453,0.9063934087753296,0.2,-0.008588645223062486,0.0032985392,0.422990136500448,0.07860109955072403,25.877171313762666,1e-05,0.1
369,4998,1209,6045696,22.780500411987305,659.99,3680,0.129376220703125,1.4945623874664307,0.9481391310691833,0.2,-0.00984655769134406,0.0030697733,0.24660921720787882,0.07869601994752884,25.848525094985963,1e-05,0.1
370,4999,1212,6062080,23.305334091186523,668.36,3690,0.13778076171875,1.6623990535736084,0.9168973565101624,0.2,-0.008596475260856096,0.0031341177,0.36533135222271085,0.07879602164030075,25.820088028907776,1e-05,0.1
371,5000,1215,6078464,23.587501525878906,675.34,3700,0.130218505859375,1.4323244094848633,0.9420968890190125,0.2,-0.008289163882727735,0.0029686543,0.18182673994451762,0.07889994233846664,25.790392374992372,1e-05,0.1
372,5001,1218,6094848,24.396434783935547,696.35,3710,0.136865234375,1.5990338325500488,0.916808545589447,0.2,-0.00835301679035183,0.003130881,0.32935936395078896,0.07899945974349976,25.76053727865219,1e-05,0.1
373,5001,1221,6111232,26.005632400512695,735.55,3720,0.13206787109375,1.53669011592865,0.9432939887046814,0.2,-0.009979743178701029,0.0031524948,0.25371728939935567,0.07909511029720306,25.7325101852417,1e-05,0.1
374,5002,1224,6127616,25.288528442382812,717.12,3730,0.14442138671875,1.651005744934082,0.921025812625885,0.2,-0.008033791283378378,0.0032473903,0.30083431042730807,0.07920052856206894,25.703111386299135,1e-05,0.1
375,5002,1228,6144000,22.503612518310547,651.47,3740,0.14249267578125,1.6313103437423706,0.8995888233184814,0.2,-0.009325145947514102,0.003224723,0.38972846837714314,0.07930358499288559,25.67261321544647,1e-05,0.1
376,5003,1231,6160384,21.293291091918945,623.85,3750,0.139227294921875,1.5464825630187988,0.9280399084091187,0.2,-0.009910344058880582,0.0031801083,0.2781491467729211,0.07939863204956055,25.64411779642105,1e-05,0.1
377,5004,1234,6176768,21.106367111206055,620.4,3760,0.13203125,1.5277929306030273,0.9516177177429199,0.2,-0.009994233737961622,0.0030869676,0.20061552403494715,0.0794956386089325,25.616329538822175,1e-05,0.1
378,5005,1237,6193152,21.148866653442383,631.87,3770,0.1466064453125,1.5405757427215576,0.9300208687782288,0.2,-0.008688252355204895,0.0033656505,0.26645060563459994,0.0796021893620491,25.586752820014954,1e-05,0.1
379,5006,1240,6209536,21.887929916381836,644.82,3780,0.1393310546875,1.5717664957046509,0.9349381327629089,0.2,-0.010356174697517418,0.0031097992,0.28221517270430924,0.07969575375318527,25.55786908864975,1e-05,0.1
380,5006,1243,6225920,23.129127502441406,679.59,3790,0.142767333984375,1.5414484739303589,0.9161309599876404,0.2,-0.008870714425574988,0.003203861,0.32717098798602817,0.0798020139336586,25.52911933660507,1e-05,0.1
381,5007,1246,6242304,22.100540161132812,653.83,3800,0.1306396484375,1.4116792678833008,0.9485841989517212,0.2,-0.009937197303952417,0.0030144826,0.2173035898245871,0.07989954203367233,25.49956316947937,1e-05,0.1
382,5008,1249,6258688,21.571638107299805,636.9,3810,0.137060546875,1.5465362071990967,0.937698245048523,0.2,-0.010198474045319017,0.0031894972,0.2808461678214371,0.08000104129314423,25.471059703826903,1e-05,0.1
383,5008,1252,6275072,20.48305892944336,611.51,3820,0.1301513671875,1.6541754007339478,0.9362671375274658,0.2,-0.009643340072943828,0.003134602,0.3010515054687858,0.08009939640760422,25.442309510707855,1e-05,0.1
384,4996,1259,6291456,20.466554641723633,611.68,3830,0.12852783203125,1.5300463438034058,0.930535614490509,0.2,-0.008538938441051868,0.0030219397,0.2834452255629003,0.08020253479480743,25.413426756858826,1e-05,0.1
385,4990,1263,6307840,20.561138153076172,615.37,3840,0.138238525390625,1.540909767150879,0.9312147498130798,0.2,-0.009640088588639628,0.0031382442,0.28886022344231604,0.08030559867620468,25.383753633499147,1e-05,0.1
386,4987,1268,6324224,20.625507354736328,621.49,3850,0.135076904296875,1.517279863357544,0.9298555850982666,0.2,-0.009769371488073376,0.0031706828,0.3020985567010939,0.0804068073630333,25.354614663124085,1e-05,0.1
387,4985,1271,6340608,19.654460906982422,596.1,3860,0.135662841796875,1.5248905420303345,0.9271621108055115,0.2,-0.009008050076954533,0.0031674362,0.33174800910055635,0.08051455765962601,25.324805092811584,1e-05,0.1
388,4980,1276,6356992,19.52045440673828,588.71,3870,0.142950439453125,1.595325231552124,0.9247866868972778,0.2,-0.009407389179978054,0.0032162536,0.3181288124062121,0.08061101287603378,25.295269858837127,1e-05,0.1
389,4975,1280,6373376,19.985807418823242,593.87,3880,0.146533203125,1.4669181108474731,0.9304395318031311,0.2,-0.00951248016426689,0.0032254737,0.3105728328227997,0.08070731163024902,25.26797080039978,1e-05,0.1
390,4973,1284,6389760,20.990215301513672,621.83,3890,0.143609619140625,1.4304198026657104,0.929983913898468,0.2,-0.008927949515054934,0.0032339017,0.2606947242747992,0.0808122530579567,25.239540123939513,1e-05,0.1
391,4967,1289,6406144,21.421079635620117,631.19,3900,0.13387451171875,1.4659643173217773,0.9423152208328247,0.2,-0.008604291845404077,0.0031492407,0.2323424163274467,0.08091387897729874,25.209875726699828,1e-05,0.1
392,4965,1293,6422528,22.992050170898438,672.27,3910,0.1361083984375,1.4606273174285889,0.9325723648071289,0.2,-0.009690323943505063,0.0032273296,0.274012175668031,0.0810202807188034,25.180579042434694,1e-05,0.1
393,4963,1297,6438912,24.75621795654297,714.18,3920,0.1488037109375,1.5889555215835571,0.8528851270675659,0.2,-0.007967065066623036,0.003110038,0.31241088500246406,0.08112990111112595,25.149746584892274,1e-05,0.1
394,4962,1300,6455296,23.60205078125,681.43,3930,0.147479248046875,1.5982433557510376,0.9033876657485962,0.2,-0.008850001466635149,0.0033463612,0.4391447862610221,0.08122974634170532,25.11992348432541,1e-05,0.1
395,4961,1304,6471680,25.054121017456055,708.53,3940,0.121563720703125,1.39468252658844,0.9503182172775269,0.2,-0.009275012809666805,0.0028551077,0.2062417953275144,0.08132955431938171,25.091667807102205,1e-05,0.1
396,4959,1308,6488064,24.115007400512695,692.25,3950,0.1442138671875,1.675264596939087,0.894890546798706,0.2,-0.008081609460350591,0.0032852315,0.3846809187904,0.08142793923616409,25.063771271705626,1e-05,0.1
397,4957,1312,6504448,22.071889877319336,648.4,3960,0.131805419921875,1.5216206312179565,0.9356915950775146,0.2,-0.009700941009214148,0.0029922102,0.24927396159619092,0.0815267488360405,25.035747408866882,1e-05,0.1
398,4955,1315,6520832,22.009143829345703,648.16,3970,0.130096435546875,1.5046265125274658,0.9319148063659668,0.2,-0.009229112320463173,0.0031739757,0.3162393504753709,0.08162525296211243,25.008084201812743,1e-05,0.1
399,4954,1319,6537216,20.573625564575195,617.6,3980,0.13612060546875,1.459783673286438,0.9446077942848206,0.2,-0.010014157836849336,0.0031541202,0.2521142549812794,0.08172046393156052,24.98076148033142,1e-05,0.1
400,4953,1322,6553600,20.426816940307617,613.54,3990,0.130035400390625,1.5323480367660522,0.9305509328842163,0.2,-0.009183468663832173,0.003069757,0.29486329508945347,0.08182273060083389,24.95298753976822,1e-05,0.1
401,4953,1326,6569984,20.60748863220215,615.91,4000,0.151971435546875,1.596946120262146,0.9141550660133362,0.2,-0.008509348878578748,0.0033176444,0.2863961492665112,0.08192308247089386,24.924390542507172,1e-05,0.1
402,4952,1329,6586368,18.9660587310791,577.17,4010,0.130438232421875,1.541264533996582,0.9457367658615112,0.2,-0.010975879919715225,0.0030229464,0.2501756679266691,0.08201874047517776,24.89690248966217,1e-05,0.1
403,4953,1332,6602752,17.359893798828125,542.93,4020,0.129901123046875,1.4864203929901123,0.9307266473770142,0.2,-0.010167968746100087,0.003126556,0.32679470963776114,0.08211836963891983,24.869555914402007,1e-05,0.1
404,4952,1336,6619136,17.2041015625,527.7,4030,0.130145263671875,1.4741852283477783,0.9520329833030701,0.2,-0.010618464997969567,0.0030502318,0.2332352763041854,0.08221182972192764,24.8424600481987,1e-05,0.1
405,4952,1339,6635520,17.69074058532715,536.91,4040,0.130181884765625,1.5450459718704224,0.923629641532898,0.2,-0.008895954523177351,0.0032034176,0.3648642751388252,0.08232071995735168,24.814353513717652,1e-05,0.1
406,4950,1343,6651904,18.598957061767578,550.8,4050,0.130047607421875,1.433402180671692,0.9529533982276917,0.2,-0.009745529424981214,0.0029419141,0.217941730376333,0.08242738991975784,24.784209728240967,1e-05,0.1
407,4949,1347,6668288,20.828908920288086,606.67,4060,0.141259765625,1.5847914218902588,0.9187658429145813,0.2,-0.00878253988630604,0.0031841204,0.33767829462885857,0.08253677189350128,24.75394983291626,1e-05,0.1
408,4949,1350,6684672,21.669692993164062,630.17,4070,0.141082763671875,1.499518871307373,0.9181400537490845,0.2,-0.008854265169793507,0.0030691153,0.3232938411645591,0.08264782279729843,24.723243999481202,1e-05,0.1
409,4949,1353,6701056,22.4060115814209,657.31,4080,0.14486083984375,1.6034841537475586,0.8976925015449524,0.2,-0.007824667573004263,0.003323091,0.34390581399202347,0.08275216817855835,24.693240582942963,1e-05,0.1
410,4949,1357,6717440,22.089256286621094,654.88,4090,0.13797607421875,1.555034875869751,0.9264957904815674,0.2,-0.00882277683049324,0.0030578212,0.3025948335416615,0.08284897357225418,24.6652951836586,1e-05,0.1
411,4948,1360,6733824,22.798355102539062,675.44,4100,0.144757080078125,1.460322618484497,0.9268567562103271,0.2,-0.009411361030652187,0.003254378,0.22944252099841833,0.08294672518968582,24.638369476795198,1e-05,0.1
412,4949,1363,6750208,21.690519332885742,653.2,4110,0.14427490234375,1.6091139316558838,0.9071962237358093,0.2,-0.009402213311113882,0.003273834,0.36506246849894525,0.08305201679468155,24.61024649143219,1e-05,0.1
413,4948,1367,6766592,21.477672576904297,641.65,4120,0.124462890625,1.3154898881912231,0.9620111584663391,0.2,-0.010112200744333676,0.0029488946,0.15783404968678952,0.08316541463136673,24.579928290843963,1e-05,0.1
414,4947,1371,6782976,21.615562438964844,646.46,4130,0.13388671875,1.5180842876434326,0.9219220876693726,0.2,-0.009395804471569135,0.003089523,0.3491416065022349,0.08327600359916687,24.549064469337463,1e-05,0.1
415,4947,1374,6799360,21.564115524291992,646.51,4140,0.121380615234375,1.4044674634933472,0.9386082291603088,0.2,-0.008933729492127895,0.0029248532,0.20256034303456544,0.08338882774114609,24.518136024475098,1e-05,0.1
416,4947,1377,6815744,21.38869857788086,641.05,4150,0.133319091796875,1.6188786029815674,0.9093383550643921,0.2,-0.008334981351799798,0.0031811213,0.35113292206078767,0.0834965631365776,24.48750236034393,1e-05,0.1
417,4948,1380,6832128,22.94430160522461,682.84,4160,0.139678955078125,1.4276795387268066,0.9481154084205627,0.2,-0.010123966453829781,0.003208363,0.19541494119912386,0.08359303325414658,24.459568321704865,1e-05,0.1
418,4948,1383,6848512,23.193893432617188,688.7,4170,0.135821533203125,1.6328791379928589,0.9027140736579895,0.2,-0.007672540540806949,0.0032204248,0.3693644700571895,0.08369915187358856,24.431676518917083,1e-05,0.1
419,4948,1387,6864896,22.511850357055664,662.72,4180,0.13936767578125,1.4813908338546753,0.9321981072425842,0.2,-0.009953741836943664,0.0030719922,0.3006968727335334,0.08380144089460373,24.40294132232666,1e-05,0.1
420,4945,1391,6881280,22.64702606201172,666.77,4190,0.136810302734375,1.4966896772384644,0.9389328360557556,0.2,-0.009218425341532565,0.0031124216,0.25483496524393556,0.08390399813652039,24.374934494495392,1e-05,0.1
421,4945,1394,6897664,21.303796768188477,633.21,4200,0.14892578125,1.43044114112854,0.914097785949707,0.2,-0.009509906647144817,0.003507856,0.3077309088781476,0.08401534706354141,24.34582167863846,1e-05,0.1
422,4944,1398,6914048,21.23647689819336,634.37,4210,0.139306640625,1.572465181350708,0.8932009339332581,0.2,-0.009201658006350043,0.003219529,0.3667517258785665,0.08412402868270874,24.315340423583983,1e-05,0.1
423,4945,1401,6930432,22.491043090820312,673.72,4220,0.1302734375,1.3808704614639282,0.942509114742279,0.2,-0.01051447306163027,0.003026808,0.1967277201358229,0.08422084152698517,24.28745608329773,1e-05,0.1
424,4944,1404,6946816,21.565935134887695,650.49,4230,0.145556640625,1.499006986618042,0.9097796678543091,0.2,-0.008849478964111767,0.0033627842,0.33447445118799807,0.08432119339704514,24.26062206029892,1e-05,0.1
425,4944,1408,6963200,22.077463150024414,661.47,4240,0.128424072265625,1.4076405763626099,0.9262340068817139,0.2,-0.00843628025322687,0.0030604224,0.26412012791261075,0.08442959189414978,24.232063901424407,1e-05,0.1
426,4945,1411,6979584,21.65194320678711,648.95,4250,0.133428955078125,1.5533332824707031,0.9243654608726501,0.2,-0.00924370405555237,0.0030737116,0.27407565200701356,0.08454020321369171,24.202112340927123,1e-05,0.1
427,4943,1415,6995968,21.540246963500977,642.43,4260,0.127398681640625,1.398567795753479,0.9575681090354919,0.2,-0.00949473241053056,0.0028856068,0.15278261839412152,0.08465102314949036,24.17217299938202,1e-05,0.1
428,4941,1418,7012352,21.11225128173828,633.39,4270,0.146905517578125,1.4083733558654785,0.9187170267105103,0.2,-0.008665581136301625,0.0032342447,0.2983664246276021,0.08475857228040695,24.14230316877365,1e-05,0.1
429,4942,1422,7028736,21.0733699798584,633.76,4280,0.13485107421875,1.3361895084381104,0.9432496428489685,0.2,-0.010074306733440608,0.0031637303,0.20944131617434322,0.08486057072877884,24.114034020900725,1e-05,0.1
430,4942,1425,7045120,22.535781860351562,669.99,4290,0.13870849609375,1.4773205518722534,0.9156590104103088,0.2,-0.008226668957649962,0.0032113725,0.278993706125766,0.08496340364217758,24.086147201061248,1e-05,0.1
431,4942,1428,7061504,22.066566467285156,662.89,4300,0.14407958984375,1.591663122177124,0.9203494787216187,0.2,-0.008846477686893195,0.0032396212,0.3164640562608838,0.08506264537572861,24.058906137943268,1e-05,0.1
432,4943,1431,7077888,23.993305206298828,702.92,4310,0.14027099609375,1.4869357347488403,0.9263593554496765,0.2,-0.008611339583876543,0.0032270602,0.28676725095137956,0.08517716079950333,24.030072855949403,1e-05,0.1
433,4943,1434,7094272,24.147417068481445,703.79,4320,0.14056396484375,1.7041771411895752,0.8690716028213501,0.2,-0.007360970182344317,0.0032333252,0.43512332420796157,0.08529502153396606,23.998476457595824,1e-05,0.1
434,4944,1438,7110656,24.23415756225586,710.61,4330,0.13193359375,1.3865621089935303,0.9359152317047119,0.2,-0.00929941173089901,0.0031060441,0.2291400447487831,0.08540014922618866,23.968555879592895,1e-05,0.1
435,4945,1441,7127040,24.353744506835938,707.04,4340,0.13360595703125,1.4717073440551758,0.9200642704963684,0.2,-0.008547836021898547,0.0032070358,0.3179296409711242,0.08550464361906052,23.940304231643676,1e-05,0.1
436,4945,1444,7143424,25.091577529907227,720.87,4350,0.14464111328125,1.6105923652648926,0.8952164649963379,0.2,-0.008442541085241829,0.0031773713,0.3474319662898779,0.08561104536056519,23.911893606185913,1e-05,0.1
437,4946,1447,7159808,24.507339477539062,712.02,4360,0.145526123046875,1.4214043617248535,0.9069707989692688,0.2,-0.008345856025698595,0.0032046845,0.30411440106108784,0.0857192873954773,23.883020520210266,1e-05,0.1
438,4946,1450,7176192,24.436731338500977,715.4,4370,0.1330810546875,1.5003798007965088,0.9400385618209839,0.2,-0.00980649773409823,0.0031507686,0.2305873398669064,0.08582717180252075,23.85411682128906,1e-05,0.1
439,4947,1453,7192576,24.267820358276367,718.64,4380,0.132073974609375,1.500961184501648,0.9076975584030151,0.2,-0.009091960047953762,0.0031693554,0.31620358526706693,0.08593609184026718,23.82480756044388,1e-05,0.1
440,4948,1456,7208960,24.68239974975586,736.31,4390,0.13311767578125,1.4516161680221558,0.9013939499855042,0.2,-0.008879990126297343,0.0031380695,0.265703184902668,0.08604073524475098,23.79641786813736,1e-05,0.1
441,4948,1460,7225344,24.387765884399414,728.62,4400,0.151708984375,1.4949872493743896,0.9006402492523193,0.2,-0.008413463531178422,0.0033533294,0.33018431905657053,0.08614993840456009,23.76784646511078,1e-05,0.1
442,4948,1463,7241728,24.204763412475586,729.1,4410,0.1274658203125,1.3749489784240723,0.9295387268066406,0.2,-0.009327672893414274,0.0030121617,0.21085104858502746,0.08625184744596481,23.739639019966127,1e-05,0.1
443,4949,1466,7258112,23.443628311157227,712.57,4420,0.137701416015625,1.4903953075408936,0.906732976436615,0.2,-0.008585282983403886,0.00320039,0.31169917797669766,0.0863627940416336,23.71130269765854,1e-05,0.1
444,4949,1469,7274496,22.414867401123047,683.79,4430,0.125323486328125,1.303112506866455,0.9462939500808716,0.2,-0.010459440723934676,0.0029317697,0.18233862216584384,0.08646562695503235,23.682937455177306,1e-05,0.1
445,4950,1472,7290880,21.961313247680664,673.2,4440,0.13828125,1.5091460943222046,0.8996721506118774,0.2,-0.009367472530720988,0.0032469751,0.3190639365464449,0.08657880872488022,23.654271054267884,1e-05,0.1
446,4950,1475,7307264,22.268295288085938,679.85,4450,0.13338623046875,1.4244384765625,0.9387843012809753,0.2,-0.009646053970209323,0.0030860119,0.24773262538947166,0.0866924598813057,23.62396183013916,1e-05,0.1
447,4951,1479,7323648,22.577804565429688,673.19,4460,0.12115478515625,1.342507004737854,0.925775408744812,0.2,-0.008606958780728747,0.0029154096,0.250384412240237,0.08680107444524765,23.59439581632614,1e-05,0.1
448,4951,1482,7340032,22.366352081298828,667.92,4470,0.136578369140625,1.4779545068740845,0.9288266897201538,0.2,-0.00898831234226236,0.0031470866,0.2730337122455239,0.08691011369228363,23.565652346611024,1e-05,0.1
449,4951,1485,7356416,23.854694366455078,704.21,4480,0.127740478515625,1.317339539527893,0.9283103942871094,0.2,-0.00863071302883327,0.0029945588,0.20805343510583044,0.08702516555786133,23.536107301712036,1e-05,0.1
