rollout/ep_len_mean,time/time_elapsed,time/total_timesteps,time/iterations,time/fps,rollout/ep_rew_mean,train/explained_variance,train/n_updates,train/clip_range_vf,train/loss,train/value_loss,train/std,train/clip_range,train/policy_gradient_loss,train/approx_kl,train/entropy_loss,train/clip_fraction,train/learning_rate
295.66,8,131072,1,14970,8.185822486877441,,,,,,,,,,,,
787.73,20,262144,2,12728,28.241722106933594,0.9362839460372925,6220,0.2,0.49852973222732544,0.3462334890384227,0.20845907926559448,0.1,-0.0014635226475547825,0.00080185203,3.5913596792146563,0.00396728515625,1e-06
495.64,32,393216,3,12181,16.772035598754883,0.8895812034606934,6230,0.2,0.6885221004486084,0.4903961820527911,0.2086605429649353,0.1,-0.0012392582459142432,0.00089158193,3.568872299976647,0.00572509765625,1e-06
592.48,43,524288,4,11940,20.809049606323242,0.8791956901550293,6240,0.2,0.6798783540725708,0.5920905886916443,0.20886127650737762,0.1,-0.0013073861792690876,0.0009796442,3.545742269232869,0.009037017822265625,1e-06
523.29,55,655360,5,11747,17.925996780395508,0.8882344961166382,6250,0.2,0.7636496424674988,0.5212127133272588,0.20905640721321106,0.1,-0.0011930697764910292,0.0008836308,3.5230381892994047,0.00655517578125,1e-06
544.78,67,786432,6,11649,18.05447006225586,0.8861361145973206,6260,0.2,0.7792378664016724,0.5969165089540184,0.20925447344779968,0.1,-0.0013245240967080462,0.0009602528,3.500488939508796,0.008728790283203124,1e-06
495.71,79,917504,7,11612,16.17740821838379,0.8977040648460388,6270,0.2,0.8853884935379028,0.5590482806786895,0.20944713056087494,0.1,-0.001488699896435719,0.0009828982,3.4780915876850487,0.00860443115234375,1e-06
481.28,91,1048576,8,11516,15.394381523132324,0.904779851436615,6280,0.2,0.726469874382019,0.4766051763901487,0.20963875949382782,0.1,-0.001155627760272182,0.00075501064,3.4560762191191317,0.00312042236328125,1e-06
412.66,102,1179648,9,11485,12.767678260803223,0.9012746214866638,6290,0.2,0.6826993227005005,0.5356331973802299,0.2098323106765747,0.1,-0.0013143803608727466,0.00087748194,3.434055257588625,0.005132293701171875,1e-06
553.29,114,1310720,10,11450,19.35788917541504,0.9183313846588135,6300,0.2,0.5464922189712524,0.44530486592557283,0.21002861857414246,0.1,-0.0012419704466992698,0.0008225152,3.4117077914997935,0.00446319580078125,1e-06
564.65,126,1441792,11,11433,19.316312789916992,0.8921773433685303,6310,0.2,0.6897382736206055,0.5345719420816749,0.2102324664592743,0.1,-0.0012809598252715658,0.0009975198,3.3887685423716905,0.008274078369140625,1e-06
491.07,137,1572864,12,11420,15.7990140914917,0.8986972570419312,6320,0.2,0.6422744989395142,0.511366302613169,0.21042810380458832,0.1,-0.0012640323339837777,0.0008546077,3.3660734672099353,0.005538177490234375,1e-06
524.91,149,1703936,13,11416,17.715679168701172,0.9091360569000244,6330,0.2,0.7310577630996704,0.4926594820804894,0.2106211632490158,0.1,-0.0011571362292670528,0.00069721555,3.3439132565632463,0.0023284912109375,1e-06
510.95,160,1835008,14,11407,16.946239471435547,0.9056688547134399,6340,0.2,0.5725764632225037,0.474619349045679,0.21082286536693573,0.1,-0.0013708956001210026,0.0009209504,3.321350849792361,0.006906890869140625,1e-06
547.67,172,1966080,15,11411,18.492563247680664,0.8986703157424927,6350,0.2,0.7259595990180969,0.5326001922832801,0.2110244482755661,0.1,-0.0013875956319679972,0.00090740394,3.298419880867004,0.006067657470703125,1e-06
511.11,183,2097152,16,11403,17.373830795288086,0.8988756537437439,6360,0.2,0.6445622444152832,0.48974021812900903,0.21122515201568604,0.1,-0.0011662642915325704,0.0007374877,3.275587565265596,0.002651214599609375,1e-06
593.75,195,2228224,17,11407,20.585966110229492,0.886850118637085,6370,0.2,0.7136830687522888,0.5489569046068936,0.21142655611038208,0.1,-0.0011864202435390326,0.0008580445,3.2527284627780317,0.005313873291015625,1e-06
617.9,206,2359296,18,11421,21.815773010253906,0.8948954343795776,6380,0.2,0.6202594041824341,0.5195752821397036,0.21162322163581848,0.1,-0.0011832708050860674,0.00087041385,3.2301506701856852,0.00531768798828125,1e-06
559.7,218,2490368,19,11410,19.612483978271484,0.8932586312294006,6390,0.2,0.7158580422401428,0.524605826055631,0.21182577311992645,0.1,-0.0011722065838512207,0.0008858479,3.2074994461610915,0.006031036376953125,1e-06
543.16,230,2621440,20,11386,18.958677291870117,0.8910613059997559,6400,0.2,0.7187143564224243,0.526974197756499,0.21202051639556885,0.1,-0.0011755643469768984,0.0008443376,3.185038327425718,0.004929351806640625,1e-06
567.84,240,2752512,21,11426,19.65943145751953,0.8883926868438721,6410,0.2,0.6874885559082031,0.5489411537069827,0.21222007274627686,0.1,-0.0012327728853051667,0.0008645284,3.1627072915434837,0.005336761474609375,1e-06
583.53,251,2883584,22,11461,20.841045379638672,0.8876731991767883,6420,0.2,0.6763496994972229,0.5140983856283128,0.212422713637352,0.1,-0.0013185142487600388,0.00091597706,3.1399291535839438,0.006110382080078125,1e-06
578.61,262,3014656,23,11497,20.457942962646484,0.8782321810722351,6430,0.2,0.6348893642425537,0.5468938671518118,0.21261915564537048,0.1,-0.001184726275914727,0.0009155207,3.1174215698614716,0.007086944580078125,1e-06
562.19,272,3145728,24,11528,19.272794723510742,0.889525294303894,6440,0.2,0.6659906506538391,0.5299328923923895,0.21282105147838593,0.1,-0.001196873595836223,0.00082780066,3.094940839149058,0.0042633056640625,1e-06
554.86,283,3276800,25,11562,19.383068084716797,0.8882967233657837,6450,0.2,0.7012966275215149,0.5411320769460872,0.2130241096019745,0.1,-0.0012513119702816766,0.00083683734,3.072095291316509,0.00574188232421875,1e-06
550.06,294,3407872,26,11591,19.10930824279785,0.85734623670578,6460,0.2,0.7900888323783875,0.6090963700087741,0.21322444081306458,0.1,-0.0012440533229892026,0.0009896387,3.0493709079921247,0.00821990966796875,1e-06
533.2,304,3538944,27,11619,18.117368698120117,0.8646197319030762,6470,0.2,0.668321967124939,0.6167899804422632,0.21342359483242035,0.1,-0.0011049481718146126,0.0008309228,3.0269264059141276,0.004345703125,1e-06
541.26,315,3670016,28,11639,18.54975128173828,0.9029770493507385,6480,0.2,0.6852291226387024,0.4970263871829957,0.21361923217773438,0.1,-0.0012120620191126362,0.0008800345,3.0047735925763845,0.00610198974609375,1e-06
490.39,326,3801088,29,11657,15.865705490112305,0.8896435499191284,6490,0.2,0.6929723024368286,0.5651713959639892,0.21382293105125427,0.1,-0.0013353899452340557,0.00089863234,2.9823047066107393,0.00630035400390625,1e-06
492.2,336,3932160,30,11675,16.28050994873047,0.901793897151947,6500,0.2,0.6445682644844055,0.5088913069339469,0.21402475237846375,0.1,-0.0013267346464090224,0.0009277682,2.959549506753683,0.006096649169921875,1e-06
525.3,347,4063232,31,11693,17.57316780090332,0.8955134153366089,6510,0.2,0.5803519487380981,0.5349481747252867,0.21422676742076874,0.1,-0.0012153341446719424,0.00089509203,2.936923610791564,0.0066192626953125,1e-06
612.33,358,4194304,32,11711,21.297887802124023,0.891717791557312,6520,0.2,0.6604117155075073,0.5150787229416892,0.21443232893943787,0.1,-0.0011909751962775772,0.00087312266,2.9140541406348346,0.004869842529296875,1e-06
541.41,368,4325376,33,11730,18.026020050048828,0.8819019794464111,6530,0.2,0.6980822086334229,0.5759333999129013,0.21463283896446228,0.1,-0.0010722634461671986,0.0007181918,2.8913810620084406,0.002170562744140625,1e-06
495.77,379,4456448,34,11742,15.777878761291504,0.9035496711730957,6540,0.2,0.5724101066589355,0.4704391828738153,0.21482962369918823,0.1,-0.0013026535269091255,0.0008832609,2.8691951891407372,0.0066009521484375,1e-06
523.23,390,4587520,35,11757,16.960731506347656,0.8946489095687866,6550,0.2,0.5684574246406555,0.5062100253533572,0.21503160893917084,0.1,-0.00131124962163085,0.00087575556,2.8468665586784483,0.005157470703125,1e-06
488.26,400,4718592,36,11769,15.665355682373047,0.8937156796455383,6560,0.2,0.6660858392715454,0.5055550768971443,0.21523503959178925,0.1,-0.001331158657103515,0.00094803737,2.824243245087564,0.0069610595703125,1e-06
506.21,411,4849664,37,11783,16.8348331451416,0.9032889008522034,6570,0.2,0.5582817792892456,0.4751764152897522,0.2154393196105957,0.1,-0.0011162065195549076,0.0008157864,2.8015156792476774,0.004077911376953125,1e-06
552.53,422,4980736,38,11793,18.80858612060547,0.8907821178436279,6580,0.2,0.6603354811668396,0.5269784848438576,0.2156483232975006,0.1,-0.0012336206845247944,0.0008934473,2.7784836418926715,0.005764007568359375,1e-06
584.23,433,5111808,39,11804,20.038772583007812,0.8932883143424988,6590,0.2,0.6136969923973083,0.507878134236671,0.21584473550319672,0.1,-0.0012118988527618057,0.00084865245,2.7560267744585873,0.005511474609375,1e-06
512.39,443,5242880,40,11815,17.355775833129883,0.893240749835968,6600,0.2,0.7075092196464539,0.5217554821399972,0.21605214476585388,0.1,-0.0010691985973608098,0.0008071478,2.7335061125457285,0.003790283203125,1e-06
595.31,454,5373952,41,11827,21.004655838012695,0.8864855766296387,6610,0.2,0.7818951606750488,0.5005080840084701,0.21625784039497375,0.1,-0.0011042291972444217,0.0008267271,2.7105597844347358,0.00470733642578125,1e-06
589.51,465,5505024,42,11837,20.374866485595703,0.8833065032958984,6620,0.2,0.6262872815132141,0.537007376877591,0.21645930409431458,0.1,-0.0011293498434497451,0.00087422354,2.6880031595006586,0.00484619140625,1e-06
542.55,475,5636096,43,11849,18.526718139648438,0.8907912969589233,6630,0.2,0.6651195287704468,0.5022932163905353,0.2166651338338852,0.1,-0.001169695061071252,0.00086570723,2.6654401065781714,0.005306243896484375,1e-06
514.62,486,5767168,44,11860,16.944049835205078,0.8904034495353699,6640,0.2,0.6760567426681519,0.5130945511162281,0.2168680876493454,0.1,-0.0012918354695102608,0.000957842,2.642793055810034,0.00779571533203125,1e-06
511.97,496,5898240,45,11870,16.719247817993164,0.8926650285720825,6650,0.2,0.6592211723327637,0.533499659691006,0.2170708030462265,0.1,-0.0012981754822249058,0.0009224677,2.6203901106491685,0.007552337646484375,1e-06
542.14,507,6029312,46,11880,18.047100067138672,0.897621750831604,6660,0.2,0.5991436839103699,0.49140861481428144,0.21727219223976135,0.1,-0.001322852416706155,0.0009579583,2.5980388363823295,0.00784759521484375,1e-06
562.58,518,6160384,47,11888,18.730432510375977,0.8991169333457947,6670,0.2,0.5767372250556946,0.5046874833526089,0.21747800707817078,0.1,-0.0011777517769587576,0.0008151961,2.5755594074726105,0.00499725341796875,1e-06
514.17,528,6291456,48,11896,17.17488670349121,0.9021598696708679,6680,0.2,0.672739565372467,0.48966054948978127,0.21768659353256226,0.1,-0.0013341486482204346,0.0009434697,2.5526668852195145,0.007158660888671875,1e-06
507.43,539,6422528,49,11902,17.02855682373047,0.8938103914260864,6690,0.2,0.7144832015037537,0.5313693754607811,0.21789400279521942,0.1,-0.0013765211411737254,0.0009677056,2.529743427410722,0.007320404052734375,1e-06
603.09,550,6553600,50,11910,21.940998077392578,0.8921671509742737,6700,0.2,0.6272034645080566,0.5171334374463186,0.21809959411621094,0.1,-0.0012336119555584446,0.0009374239,2.5070076240226626,0.007770538330078125,1e-06
616.12,560,6684672,51,11918,22.40216827392578,0.872855544090271,6710,0.2,0.7526055574417114,0.5574395481962711,0.2183111160993576,0.1,-0.0012761263365973718,0.0009385678,2.4840043280273676,0.00843353271484375,1e-06
577.13,571,6815744,52,11927,20.40846824645996,0.8857654333114624,6720,0.2,0.48452380299568176,0.49383895988576115,0.21851521730422974,0.1,-0.0011502937155455583,0.0009053109,2.4612260162830353,0.0066375732421875,1e-06
566.66,582,6946816,53,11934,19.662214279174805,0.8757455945014954,6730,0.2,0.724309504032135,0.5712254784535616,0.21871668100357056,0.1,-0.0010440634298902296,0.0008635215,2.4389697981998326,0.00503082275390625,1e-06
554.96,592,7077888,54,11940,18.76555633544922,0.8755453824996948,6740,0.2,0.6504600644111633,0.584829316753894,0.2189227044582367,0.1,-0.0012643868892155297,0.00097606913,2.4165808843448757,0.008394622802734375,1e-06
600.13,603,7208960,55,11947,21.351240158081055,0.8900635838508606,6750,0.2,0.5436336994171143,0.5218390526017174,0.21912503242492676,0.1,-0.0011476268206934038,0.00086492184,2.394238490797579,0.0048919677734375,1e-06
590.48,614,7340032,56,11952,20.61298179626465,0.8692816495895386,6760,0.2,0.6378298997879028,0.5765805365750566,0.21932940185070038,0.1,-0.0012321488534325908,0.0009983687,2.3719335079193113,0.009502410888671875,1e-06
544.64,624,7471104,57,11958,18.631139755249023,0.8835971355438232,6770,0.2,0.6398106813430786,0.5502417318988592,0.21953532099723816,0.1,-0.0010965862704324536,0.00080789416,2.349507925659418,0.00480194091796875,1e-06
554.9,635,7602176,58,11966,18.99631690979004,0.8810238838195801,6780,0.2,0.7199103236198425,0.5430581343360246,0.21974825859069824,0.1,-0.0012185117417175205,0.0008848291,2.326582124270499,0.006443023681640625,1e-06
558.19,645,7733248,59,11972,19.32353401184082,0.8866948485374451,6790,0.2,0.6489030718803406,0.5237716379575431,0.21995548903942108,0.1,-0.0011254656805249398,0.0008978186,2.30366484913975,0.006845855712890625,1e-06
566.37,656,7864320,60,11978,19.960556030273438,0.8813113570213318,6800,0.2,0.5334574580192566,0.5453030697070063,0.22016355395317078,0.1,-0.0013000229422686972,0.0008978499,2.2810064552351834,0.007367706298828125,1e-06
621.56,667,7995392,61,11985,22.220430374145508,0.895267903804779,6810,0.2,0.5275263786315918,0.5146046057809144,0.22037458419799805,0.1,-0.001254616190726665,0.00097365724,2.2581505198031664,0.00811004638671875,1e-06
604.14,677,8126464,62,11991,21.27094268798828,0.8800501227378845,6820,0.2,0.6257349848747253,0.536811443301849,0.22058551013469696,0.1,-0.0011938920963075362,0.0009374209,2.2351566238328813,0.00720367431640625,1e-06
590.87,688,8257536,63,11993,20.463977813720703,0.8812729716300964,6830,0.2,0.5685126185417175,0.5506612401688471,0.2207917422056198,0.1,-0.0011757502225009375,0.00090882066,2.2124985119327905,0.0065765380859375,1e-06
573.39,700,8388608,64,11978,19.79096794128418,0.8795557022094727,6840,0.2,0.7113697528839111,0.5658121749991551,0.221000075340271,0.1,-0.0013398496746958699,0.001019132,2.189982288517058,0.011431884765625,1e-06
558.25,711,8519680,65,11967,19.785274505615234,0.8936896324157715,6850,0.2,0.5161963105201721,0.4764387862291187,0.2212103307247162,0.1,-0.0013523206684112666,0.0009738081,2.1672475203871726,0.009149169921875,1e-06
545.03,723,8650752,66,11953,18.429676055908203,0.8699426651000977,6860,0.2,0.5882887244224548,0.5525775510119274,0.22141298651695251,0.1,-0.0009879145455670368,0.0008111242,2.1448704801499843,0.004010009765625,1e-06
581.88,735,8781824,67,11941,20.19135093688965,0.8843598365783691,6870,0.2,0.7442157864570618,0.559981003520079,0.22162285447120667,0.1,-0.0013347528211852477,0.0009881199,2.122514030523598,0.0095001220703125,1e-06
527.25,747,8912896,68,11930,17.692859649658203,0.8871403932571411,6880,0.2,0.6452317833900452,0.5114806315861642,0.22183045744895935,0.1,-0.0012887689314993623,0.0010034044,2.099889125674963,0.010198211669921875,1e-06
577.06,758,9043968,69,11919,19.890893936157227,0.8750485181808472,6890,0.2,0.6445139646530151,0.5927841867087409,0.22203311324119568,0.1,-0.00116011115933361,0.0008951594,2.0777087163180115,0.005551910400390625,1e-06
586.43,770,9175040,70,11908,20.67584991455078,0.8869056105613708,6900,0.2,0.5382011532783508,0.5128598932176829,0.2222423553466797,0.1,-0.0012262393644959957,0.000973852,2.055430280044675,0.009610748291015625,1e-06
568.1,782,9306112,71,11897,18.929540634155273,0.880969762802124,6910,0.2,0.6742357611656189,0.5487610477488488,0.22245649993419647,0.1,-0.0011833270282295416,0.00088491326,2.032552437298,0.00751495361328125,1e-06
561.68,793,9437184,72,11888,18.862699508666992,0.8991767168045044,6920,0.2,0.6373245120048523,0.5108707836596296,0.22266626358032227,0.1,-0.0012652374023673473,0.0009598356,2.009727223962545,0.0084320068359375,1e-06
532.85,805,9568256,73,11876,17.63379669189453,0.8946961760520935,6930,0.2,0.52984619140625,0.5202848951332271,0.2228711098432541,0.1,-0.0011769800847559963,0.00088496134,1.9874403294175864,0.006124114990234375,1e-06
584.57,817,9699328,74,11865,19.898710250854492,0.8929390907287598,6940,0.2,0.8325525522232056,0.5042881672037766,0.22307932376861572,0.1,-0.0011438833739703114,0.00088333164,1.9651483281515538,0.005777740478515625,1e-06
603.36,829,9830400,75,11857,20.630329132080078,0.8833396434783936,6950,0.2,0.524804413318634,0.5311637098202482,0.22328948974609375,0.1,-0.0012675486315856688,0.0009166867,1.9426491451449692,0.00865325927734375,1e-06
569.76,840,9961472,76,11848,19.533491134643555,0.883487343788147,6960,0.2,0.6734644174575806,0.5351377210346981,0.22350186109542847,0.1,-0.0012419163518643471,0.00095471926,1.9199480599723757,0.007300567626953125,1e-06
571.35,852,10092544,77,11840,19.079648971557617,0.8838202953338623,6970,0.2,0.5777061581611633,0.5126032489584759,0.22371742129325867,0.1,-0.001161439447241719,0.0009375134,1.8969449181109668,0.007009124755859375,1e-06
574.47,863,10223616,78,11833,19.77073097229004,0.8955217599868774,6980,0.2,0.63130122423172,0.4797918938100338,0.22392702102661133,0.1,-0.0012648954182623128,0.0009367812,1.8742091887630523,0.008469390869140624,1e-06
545.39,875,10354688,79,11824,18.556608200073242,0.8818466663360596,6990,0.2,0.5403023362159729,0.5508906625211238,0.22413472831249237,0.1,-0.0012425982781678613,0.00095258164,1.8518284484744072,0.009520721435546876,1e-06
553.54,887,10485760,80,11814,18.951221466064453,0.8868466019630432,7000,0.2,0.5186923146247864,0.5069792488124222,0.22434113919734955,0.1,-0.0011312483077745128,0.00093250046,1.8296767464838921,0.00803070068359375,1e-06
579.21,899,10616832,81,11803,20.10851287841797,0.891777515411377,7010,0.2,0.6178673505783081,0.5259588509099558,0.22455370426177979,0.1,-0.0012300389865231409,0.0009437031,1.807230675406754,0.00791168212890625,1e-06
625.85,911,10747904,82,11797,22.42145347595215,0.8943004608154297,7020,0.2,0.5313120484352112,0.48715460787061604,0.22476407885551453,0.1,-0.0012318150927967508,0.00089981663,1.7846342648379505,0.006174468994140625,1e-06
611.8,922,10878976,83,11792,21.968740463256836,0.8720106482505798,7030,0.2,0.5686323046684265,0.5370932749239727,0.22497400641441345,0.1,-0.0011085311961323897,0.00091166014,1.7622051642276346,0.00654144287109375,1e-06
573.08,934,11010048,84,11784,19.83145523071289,0.8742626905441284,7040,0.2,0.7038335204124451,0.561374947335571,0.2251911163330078,0.1,-0.0011787259413722495,0.00087309035,1.7394297159276904,0.0058319091796875,1e-06
567.31,945,11141120,85,11778,19.605560302734375,0.8840749263763428,7050,0.2,0.6039286255836487,0.5526637361850589,0.22540202736854553,0.1,-0.0012283381716770236,0.0009207862,1.7166431504301727,0.008263397216796874,1e-06
551.03,957,11272192,86,11773,18.072490692138672,0.8882445096969604,7060,0.2,0.5663583278656006,0.4869313366478309,0.2256169319152832,0.1,-0.001338371550627926,0.00096712896,1.6939606667496263,0.0104278564453125,1e-06
545.96,968,11403264,87,11769,18.404088973999023,0.8790576457977295,7070,0.2,0.601765513420105,0.564260751195252,0.22582945227622986,0.1,-0.0011547677049748017,0.0009145891,1.6712735511362553,0.0080047607421875,1e-06
631.66,980,11534336,88,11763,21.9370174407959,0.8822689652442932,7080,0.2,0.6930339336395264,0.5027807808481157,0.22604762017726898,0.1,-0.0010699612568714656,0.0008497047,1.6483419443480671,0.005043792724609375,1e-06
612.93,992,11665408,89,11758,21.552648544311523,0.8781335949897766,7090,0.2,0.6026977896690369,0.5420600558863953,0.22626054286956787,0.1,-0.001205056992421305,0.00090114,1.6254872464574874,0.0072662353515625,1e-06
642.06,1003,11796480,90,11753,22.834768295288086,0.8764258027076721,7100,0.2,0.5011743307113647,0.5197111965855583,0.22647449374198914,0.1,-0.0011377682957572689,0.00089231017,1.602851863205433,0.007817840576171875,1e-06
505.25,1015,11927552,91,11747,16.3981876373291,0.8715813159942627,7110,0.2,0.6730529069900513,0.5594506763853133,0.2266855686903,0.1,-0.0012995992673495494,0.001020987,1.5803622069768608,0.011180877685546875,1e-06
612.58,1027,12058624,92,11740,20.903587341308594,0.8900055885314941,7120,0.2,0.6822679042816162,0.5193339712219313,0.2268989533185959,0.1,-0.0011957674446421152,0.00092162006,1.5578780024312437,0.007208251953125,1e-06
568.88,1038,12189696,93,11735,18.408422470092773,0.869572639465332,7130,0.2,0.6632989645004272,0.5585422954522073,0.22711274027824402,0.1,-0.0011810343724391714,0.00091607403,1.5352654619142414,0.006955718994140625,1e-06
575.66,1050,12320768,94,11730,19.809120178222656,0.8897790312767029,7140,0.2,0.5744414329528809,0.5105773081770166,0.22732219099998474,0.1,-0.0011876320370902249,0.0009399863,1.512951578386128,0.00733795166015625,1e-06
614.46,1062,12451840,95,11724,21.287860870361328,0.8729148507118225,7150,0.2,0.5636802911758423,0.5302677057683468,0.22753994166851044,0.1,-0.0011692325495459954,0.0009038485,1.4903427480719984,0.0066558837890625,1e-06
608.08,1073,12582912,96,11721,21.31130599975586,0.8933698534965515,7160,0.2,0.6707887649536133,0.48221194206271323,0.22774986922740936,0.1,-0.0012561971273498784,0.0009999932,1.4678379773162304,0.009174346923828125,1e-06
613.25,1085,12713984,97,11716,20.86376953125,0.8784013390541077,7170,0.2,0.6398515105247498,0.5186483630677685,0.22796201705932617,0.1,-0.0010635452965289006,0.00084983115,1.4456072100438178,0.00491943359375,1e-06
556.95,1096,12845056,98,11710,18.76634979248047,0.8711975812911987,7180,0.2,0.5389527082443237,0.536948973336257,0.22817890346050262,0.1,-0.0012076888793671968,0.0009652961,1.423017418384552,0.008356475830078125,1e-06
571.96,1108,12976128,99,11704,19.468509674072266,0.8905153870582581,7190,0.2,0.598204493522644,0.5091402613325045,0.22839578986167908,0.1,-0.0012512084911577403,0.00095818704,1.4002038359642028,0.0090789794921875,1e-06
669.73,1120,13107200,100,11701,23.698524475097656,0.862838625907898,7200,0.2,0.7277083992958069,0.5658828336047008,0.22860854864120483,0.1,-0.0012246400120602629,0.00095504255,1.3776631210930645,0.008646392822265625,1e-06
590.31,1131,13238272,101,11696,20.48672103881836,0.8688905239105225,7210,0.2,0.5202469229698181,0.5176110179862008,0.22882620990276337,0.1,-0.001151773470428452,0.0009928842,1.3550681410357357,0.011403656005859375,1e-06
573.39,1143,13369344,102,11692,19.3216495513916,0.87199467420578,7220,0.2,0.6633903384208679,0.5806708379415795,0.22904255986213684,0.1,-0.001167631521639123,0.0009739915,1.3322925071232021,0.01038665771484375,1e-06
593.65,1155,13500416,103,11687,20.974777221679688,0.8975147008895874,7230,0.2,0.4591226577758789,0.47525447560474277,0.22925464808940887,0.1,-0.0012665923959502834,0.00095044455,1.3098879865370692,0.009777069091796875,1e-06
600.33,1166,13631488,104,11681,20.137086868286133,0.8685884475708008,7240,0.2,0.6787588596343994,0.5739694717573002,0.22946958243846893,0.1,-0.001158095136997872,0.0009411718,1.2875132645480334,0.006233978271484375,1e-06
624.87,1178,13762560,105,11681,21.685928344726562,0.8855922818183899,7250,0.2,0.5284116864204407,0.5252735027810559,0.22968915104866028,0.1,-0.0011672934102534781,0.000918829,1.2647710165940225,0.00641632080078125,1e-06
591.71,1189,13893632,106,11681,20.545976638793945,0.8791705369949341,7260,0.2,0.759783148765564,0.531578931864351,0.22990505397319794,0.1,-0.001093573300204298,0.00089230173,1.2420373839326202,0.005889892578125,1e-06
607.97,1200,14024704,107,11680,21.399580001831055,0.8772332072257996,7270,0.2,0.6054216027259827,0.5311777879251167,0.23011967539787292,0.1,-0.0011517609941620321,0.0008549262,1.219601079635322,0.005670928955078125,1e-06
588.61,1212,14155776,108,11679,20.257648468017578,0.8616054058074951,7280,0.2,0.6336511373519897,0.5878928139572963,0.23033812642097473,0.1,-0.0011911409300410015,0.0009335746,1.1969935117289423,0.007703399658203125,1e-06
551.99,1223,14286848,109,11677,18.760351181030273,0.8951272368431091,7290,0.2,0.5491464138031006,0.4891883392818272,0.23055627942085266,0.1,-0.0013654493862304661,0.0010436275,1.1742709127254785,0.011664581298828126,1e-06
634.47,1234,14417920,110,11675,22.05990982055664,0.8786234855651855,7300,0.2,0.49929559230804443,0.5287061314331367,0.23077361285686493,0.1,-0.0011347155466864933,0.0009135867,1.1516052631661295,0.00743408203125,1e-06
561.2,1246,14548992,111,11675,18.987159729003906,0.8763461112976074,7310,0.2,0.5961782932281494,0.5610291360178963,0.23099248111248016,0.1,-0.0011560200934127352,0.00095329306,1.1289145461283625,0.009233856201171875,1e-06
668.44,1257,14680064,112,11674,23.313142776489258,0.8885043263435364,7320,0.2,0.39017540216445923,0.4874783247243613,0.23121273517608643,0.1,-0.0011617755346378545,0.00087673694,1.106128187570721,0.007163238525390625,1e-06
593.5,1268,14811136,113,11672,20.297008514404297,0.8710640668869019,7330,0.2,0.6575551629066467,0.565603120950982,0.23142755031585693,0.1,-0.001156330888352386,0.00094814086,1.0835728574544192,0.007627105712890625,1e-06
653.15,1280,14942208,114,11669,22.70317840576172,0.888184130191803,7340,0.2,0.6385106444358826,0.4907510047545657,0.23164544999599457,0.1,-0.0010491887014723034,0.00080351427,1.0611356804147363,0.00503692626953125,1e-06
628.38,1291,15073280,115,11667,21.989826202392578,0.8851297497749329,7350,0.2,0.6506254076957703,0.5040572215104475,0.23186591267585754,0.1,-0.0011494677248265362,0.0009098456,1.0383797551505267,0.00776214599609375,1e-06
626.72,1303,15204352,116,11665,21.892606735229492,0.8744713664054871,7360,0.2,0.47132712602615356,0.5112829821417109,0.2320835441350937,0.1,-0.0012344595170361572,0.0009868671,1.0157321938313544,0.010347747802734375,1e-06
681.55,1314,15335424,117,11665,24.126968383789062,0.8667521476745605,7370,0.2,0.5599183440208435,0.538413760648109,0.23230698704719543,0.1,-0.0010546634810452815,0.00093204505,0.9929126150906086,0.008000946044921875,1e-06
636.82,1325,15466496,118,11664,21.998641967773438,0.8597142100334167,7380,0.2,0.5503947734832764,0.5262637361418456,0.23253077268600464,0.1,-0.0012065875514963408,0.0009694792,0.9698369490914047,0.00962066650390625,1e-06
591.61,1337,15597568,119,11664,19.907251358032227,0.8660071492195129,7390,0.2,0.6199948787689209,0.5899444375885651,0.23274342715740204,0.1,-0.0011765000353079814,0.000974141,0.9473750495351851,0.009683990478515625,1e-06
563.9,1348,15728640,120,11663,18.31623077392578,0.8986632227897644,7400,0.2,0.4209479093551636,0.44677878234069796,0.2329583615064621,0.1,-0.0012102216000130285,0.00093142013,0.9253130404278636,0.007302093505859375,1e-06
519.56,1359,15859712,121,11661,16.96686363220215,0.8863751888275146,7410,0.2,0.6846312880516052,0.5485595918726176,0.23318052291870117,0.1,-0.0011420434092542565,0.0008877062,0.9027760217897594,0.0059234619140625,1e-06
637.51,1371,15990784,122,11661,21.322893142700195,0.8919984102249146,7420,0.2,0.5549324154853821,0.4884398927213624,0.23339900374412537,0.1,-0.0012918675495711795,0.001030104,0.8800795598886907,0.012477874755859375,1e-06
641.99,1382,16121856,123,11661,21.68490982055664,0.8826223015785217,7430,0.2,0.572937548160553,0.5040597874438391,0.233623206615448,0.1,-0.0011003893419911036,0.00088953855,0.8573329770937562,0.00704193115234375,1e-06
592.38,1393,16252928,124,11661,20.406333923339844,0.8708792924880981,7440,0.2,0.6391657590866089,0.545408961432986,0.23384028673171997,0.1,-0.0011262208320658828,0.0008925912,0.8347127295099199,0.006739044189453125,1e-06
686.29,1405,16384000,125,11661,23.949321746826172,0.8755063414573669,7450,0.2,0.541285514831543,0.4969145298236981,0.23406532406806946,0.1,-0.0012034167683850684,0.0009561766,0.8119976941496134,0.00876312255859375,1e-06
610.49,1416,16515072,126,11658,21.015249252319336,0.8704653978347778,7460,0.2,0.45419982075691223,0.5206525451038033,0.2342860996723175,0.1,-0.0010977026776345157,0.000909849,0.7891445218585431,0.007283782958984375,1e-06
592.9,1427,16646144,127,11657,19.616531372070312,0.8673446178436279,7470,0.2,0.6638954877853394,0.5542387061519548,0.23450589179992676,0.1,-0.0013179336392568075,0.0010081348,0.7665720445103943,0.01104888916015625,1e-06
592.34,1439,16777216,128,11656,20.316007614135742,0.888575553894043,7480,0.2,0.6378580927848816,0.4508295042673126,0.23473016917705536,0.1,-0.001130949619346211,0.00090364437,0.7438582444563508,0.00597686767578125,1e-06
554.64,1450,16908288,129,11656,18.1938419342041,0.8601032495498657,7490,0.2,0.754732072353363,0.5834751053946092,0.234951913356781,0.1,-0.0011620544842116942,0.00092539884,0.7210401510819793,0.008382415771484375,1e-06
641.87,1461,17039360,130,11657,22.419300079345703,0.885603129863739,7500,0.2,0.5702139139175415,0.5019085074076429,0.2351732850074768,0.1,-0.0011636030998488423,0.00095982105,0.698441201634705,0.008678436279296875,1e-06
616.4,1472,17170432,131,11658,21.726293563842773,0.8810906410217285,7510,0.2,0.44950181245803833,0.5084913811413572,0.2353915572166443,0.1,-0.001097250826569507,0.0009332589,0.6760099531151355,0.00926361083984375,1e-06
576.44,1483,17301504,132,11659,19.669761657714844,0.8762519359588623,7520,0.2,0.5771010518074036,0.5302117732586339,0.23561285436153412,0.1,-0.0009224669324794377,0.0007926151,0.6536144848912955,0.00380401611328125,1e-06
636.07,1495,17432576,133,11660,21.862207412719727,0.8841357231140137,7530,0.2,0.6044986844062805,0.49773064816836265,0.2358357012271881,0.1,-0.001100686217978364,0.0009260379,0.6309933492913842,0.008115386962890625,1e-06
614.08,1506,17563648,134,11661,21.251781463623047,0.8656469583511353,7540,0.2,0.5265436768531799,0.5453067498747259,0.23605631291866302,0.1,-0.0011004508353835262,0.0009227472,0.6084292724728584,0.0094268798828125,1e-06
595.0,1517,17694720,135,11662,20.618408203125,0.8761271238327026,7550,0.2,0.5377920269966125,0.5099757069954649,0.2362796515226364,0.1,-0.0011136834895296489,0.0009274152,0.5858751926571131,0.007668304443359375,1e-06
631.98,1528,17825792,136,11663,22.190101623535156,0.8798927068710327,7560,0.2,0.7198536396026611,0.5224337903084233,0.236501544713974,0.1,-0.0011776389337683213,0.00093747117,0.5632878738455475,0.008983612060546875,1e-06
664.56,1539,17956864,137,11664,23.636106491088867,0.8716832399368286,7570,0.2,0.7404627799987793,0.5440946613904089,0.23672878742218018,0.1,-0.00109447531413025,0.00087463047,0.5404405851848424,0.0057647705078125,1e-06
683.84,1550,18087936,138,11664,24.253684997558594,0.8749804496765137,7580,0.2,0.5848368406295776,0.5157296599820256,0.23695144057273865,0.1,-0.0011457218232862943,0.00094231893,0.5176634719595313,0.00964813232421875,1e-06
633.9,1561,18219008,139,11665,22.65936851501465,0.869727373123169,7590,0.2,0.4923311471939087,0.556041048723273,0.23718029260635376,0.1,-0.001061704262974672,0.00091775483,0.4947826507501304,0.00799407958984375,1e-06
709.95,1572,18350080,140,11666,25.819202423095703,0.8604764342308044,7600,0.2,0.6156828999519348,0.5720683801686391,0.2373971939086914,0.1,-0.001043932257925917,0.0010004267,0.4722875191830099,0.009909820556640626,1e-06
619.32,1583,18481152,141,11667,22.064470291137695,0.8582367897033691,7610,0.2,0.5234285593032837,0.5246678401017562,0.23762111365795135,0.1,-0.001167132230966672,0.0009882762,0.4499884991906583,0.010613250732421874,1e-06
632.48,1595,18612224,142,11668,21.798295974731445,0.8612853288650513,7620,0.2,0.5146477818489075,0.591842400166206,0.23784199357032776,0.1,-0.0009444362442081911,0.0008312671,0.4275534311309457,0.005062103271484375,1e-06
632.65,1606,18743296,143,11669,21.696741104125977,0.8763889074325562,7630,0.2,0.4611493945121765,0.5118992250179872,0.23806831240653992,0.1,-0.0012856249303695223,0.0009891791,0.40494916792958974,0.0117431640625,1e-06
617.69,1617,18874368,144,11671,21.589941024780273,0.871594250202179,7640,0.2,0.463929146528244,0.5600680320523679,0.23828880488872528,0.1,-0.0011097399035861599,0.0009469115,0.382496427744627,0.008697509765625,1e-06
583.08,1628,19005440,145,11670,20.340879440307617,0.8664419651031494,7650,0.2,0.5358908772468567,0.5216010027565062,0.2385120838880539,0.1,-0.0011580067527575011,0.0009340486,0.36011004317551853,0.007177734375,1e-06
649.78,1639,19136512,146,11670,23.08733558654785,0.8592966794967651,7660,0.2,0.6667750477790833,0.6097587207099423,0.23873381316661835,0.1,-0.0010977828957038581,0.0009579563,0.3377178649418056,0.010619354248046876,1e-06
628.4,1651,19267584,147,11669,21.83272933959961,0.8826337456703186,7670,0.2,0.4575994312763214,0.46802277413662524,0.23895949125289917,0.1,-0.0011966411729190441,0.0009918989,0.3152245060540736,0.009670257568359375,1e-06
625.94,1662,19398656,148,11668,22.042715072631836,0.86220782995224,7680,0.2,0.5073726177215576,0.5485258096130565,0.23918834328651428,0.1,-0.000941082451663533,0.0008876788,0.29239160949364307,0.006021881103515625,1e-06
620.59,1673,19529728,149,11668,21.71709632873535,0.8727883100509644,7690,0.2,0.5898410081863403,0.5484766632085666,0.23941755294799805,0.1,-0.0011615157442975033,0.00095246953,0.26943805171176793,0.00927276611328125,1e-06
704.01,1684,19660800,150,11668,25.633302688598633,0.8721715807914734,7700,0.2,0.5766765475273132,0.5358613297576085,0.23964565992355347,0.1,-0.0011293720959656638,0.00094409817,0.24653338277712464,0.01002349853515625,1e-06
640.46,1696,19791872,151,11669,22.506542205810547,0.8441702127456665,7710,0.2,0.5182273387908936,0.5617032464360818,0.2398689091205597,0.1,-0.001166317467504996,0.0009806692,0.22394383307546378,0.0117156982421875,1e-06
578.51,1707,19922944,152,11668,20.420368194580078,0.8628038763999939,7720,0.2,0.459198921918869,0.5681988475378603,0.2400943487882614,0.1,-0.0010014000249611854,0.00090169744,0.20149690685793759,0.00814361572265625,1e-06
635.32,1718,20054016,153,11668,22.180173873901367,0.8689177632331848,7730,0.2,0.6116620302200317,0.5604175539454446,0.24032054841518402,0.1,-0.0011465850740023597,0.0009386721,0.1788988746702671,0.00837249755859375,1e-06
569.4,1730,20185088,154,11667,19.278724670410156,0.8789669275283813,7740,0.2,0.5560126304626465,0.5160829264204949,0.24054424464702606,0.1,-0.0011032609253561533,0.0009147404,0.1564670012332499,0.007474517822265625,1e-06
620.73,1741,20316160,155,11667,22.275989532470703,0.881883978843689,7750,0.2,0.5223389267921448,0.5222752281697467,0.24077372252941132,0.1,-0.0011936143402635935,0.0009658126,0.13385093128308653,0.009026336669921874,1e-06
652.84,1752,20447232,156,11667,23.43841552734375,0.8739423751831055,7760,0.2,0.47758781909942627,0.5508768901694566,0.24099920690059662,0.1,-0.0009975992274121382,0.0008523179,0.11120764743536711,0.00576324462890625,1e-06
608.9,1763,20578304,157,11668,21.4010066986084,0.8668482303619385,7770,0.2,0.6242213845252991,0.5327436498133465,0.2412295639514923,0.1,-0.0012150474955888058,0.0010328838,0.0884723429568112,0.013360595703125,1e-06
630.89,1774,20709376,158,11668,21.781391143798828,0.8527341485023499,7780,0.2,0.47630995512008667,0.5483078731689602,0.24146053194999695,0.1,-0.0011504896480801108,0.000984532,0.06554634999483824,0.010005950927734375,1e-06
683.17,1785,20840448,159,11669,24.36761474609375,0.8586819171905518,7790,0.2,0.5415410995483398,0.5327264269581065,0.24168920516967773,0.1,-0.001107141900138231,0.00096616056,0.04272145666182041,0.010263824462890625,1e-06
691.66,1797,20971520,160,11669,24.608976364135742,0.8580876588821411,7800,0.2,0.4671494662761688,0.5299946567974985,0.24191796779632568,0.1,-0.0011669418517158193,0.0009952193,0.020010542683303358,0.01260833740234375,1e-06
691.45,1808,21102592,161,11669,24.682357788085938,0.857090175151825,7810,0.2,0.5852495431900024,0.5422558849910274,0.24214759469032288,0.1,-0.0008952753226367349,0.0008312448,-0.0027247442863881587,0.005915069580078125,1e-06
667.02,1819,21233664,162,11669,23.588895797729492,0.8693368434906006,7820,0.2,0.3835713565349579,0.551081380341202,0.24237489700317383,0.1,-0.0011416228844609577,0.00095612253,-0.02536799442023039,0.009902191162109376,1e-06
682.29,1830,21364736,163,11669,24.555063247680664,0.875988781452179,7830,0.2,0.5262765288352966,0.49086006020661443,0.24260680377483368,0.1,-0.001027818404509162,0.0008691618,-0.04810535339638591,0.00687103271484375,1e-06
664.19,1842,21495808,164,11668,23.447410583496094,0.8517047762870789,7840,0.2,0.5409000515937805,0.5763591537019238,0.24283109605312347,0.1,-0.0009651813836626388,0.0008776141,-0.07064098827540874,0.006914520263671875,1e-06
652.62,1853,21626880,165,11667,23.04620361328125,0.8628257513046265,7850,0.2,0.5591415166854858,0.5125304020242766,0.24306023120880127,0.1,-0.0011869599024066702,0.0009793158,-0.09308383082970977,0.011328125,1e-06
636.77,1864,21757952,166,11668,22.720539093017578,0.8502663373947144,7860,0.2,0.5324087142944336,0.5642675047973171,0.2432921826839447,0.1,-0.001099052616245899,0.00096771,-0.11583774834871292,0.00982666015625,1e-06
612.48,1875,21889024,167,11668,21.476490020751953,0.8536864519119263,7870,0.2,0.527413010597229,0.5705822152784095,0.2435222715139389,0.1,-0.001209210068191169,0.0010404569,-0.13861470781266688,0.01129608154296875,1e-06
693.78,1887,22020096,168,11669,24.987529754638672,0.8618353009223938,7880,0.2,0.5012038350105286,0.5488198841456324,0.24374958872795105,0.1,-0.0010934951817944238,0.00093476794,-0.16112221516668795,0.00871429443359375,1e-06
659.63,1898,22151168,169,11668,23.166044235229492,0.861289918422699,7890,0.2,0.6232104301452637,0.5457566105294973,0.24397771060466766,0.1,-0.0011259696822889965,0.0010071994,-0.1835393685847521,0.011997222900390625,1e-06
605.13,1909,22282240,170,11668,20.8489933013916,0.8690735101699829,7900,0.2,0.5187259316444397,0.5266038933070376,0.2442050576210022,0.1,-0.0011166809219503194,0.00094808015,-0.205913370475173,0.008126068115234374,1e-06
691.09,1920,22413312,171,11669,24.512771606445312,0.8709787130355835,7910,0.2,0.5823691487312317,0.5549612331436947,0.24443504214286804,0.1,-0.001067541999509558,0.0008944303,-0.2283954069018364,0.007605743408203125,1e-06
576.13,1931,22544384,172,11670,19.22850799560547,0.8611642122268677,7920,0.2,0.4728069305419922,0.5451447885017842,0.2446681261062622,0.1,-0.001012647941479372,0.000847057,-0.25113103119656444,0.007073211669921875,1e-06
605.34,1942,22675456,173,11670,20.850278854370117,0.883254885673523,7930,0.2,0.55726158618927,0.5120989648625255,0.24489884078502655,0.1,-0.0009862199715826136,0.0008010458,-0.2738681649789214,0.0037933349609375,1e-06
618.98,1954,22806528,174,11670,21.53191566467285,0.863004207611084,7940,0.2,0.5029191970825195,0.5120645183138549,0.24513064324855804,0.1,-0.0012691394434114045,0.0010177335,-0.29653477454558014,0.010085296630859376,1e-06
623.14,1965,22937600,175,11669,21.221721649169922,0.8570413589477539,7950,0.2,0.6371952295303345,0.5714971589157358,0.24536189436912537,0.1,-0.0010602986275443983,0.00088570674,-0.31919859210029244,0.008123016357421875,1e-06
633.2,1977,23068672,176,11667,21.37313461303711,0.8714719414710999,7960,0.2,0.39692753553390503,0.5487971782218665,0.24559369683265686,0.1,-0.0010794094695484092,0.00085681106,-0.3418268264271319,0.006710052490234375,1e-06
676.56,1988,23199744,177,11665,23.629802703857422,0.8886667490005493,7970,0.2,0.5678564310073853,0.48538172964472326,0.24582140147686005,0.1,-0.0012349595119303558,0.00093206996,-0.36426539728417995,0.00845184326171875,1e-06
601.07,2000,23330816,178,11663,20.854127883911133,0.859428882598877,7980,0.2,0.5961993932723999,0.5483614766271785,0.24605509638786316,0.1,-0.001238422770256875,0.0010009604,-0.38680841457098725,0.011746978759765625,1e-06
626.56,2011,23461888,179,11662,21.94644546508789,0.8806599378585815,7990,0.2,0.5232549905776978,0.529323323443532,0.2462811917066574,0.1,-0.001229891908405989,0.0010159458,-0.4091948176734149,0.010480499267578125,1e-06
583.27,2023,23592960,180,11660,19.939228057861328,0.8799648880958557,8000,0.2,0.42894694209098816,0.5008960749022663,0.24651595950126648,0.1,-0.001254744662765006,0.0009691927,-0.43167553851380946,0.011002349853515624,1e-06
631.07,2034,23724032,181,11658,22.137413024902344,0.878898024559021,8010,0.2,0.42447352409362793,0.5167067266535014,0.24675147235393524,0.1,-0.001209597703837062,0.00098321,-0.45456288419663904,0.01036376953125,1e-06
705.56,2046,23855104,182,11656,25.209056854248047,0.8554545640945435,8020,0.2,0.37619906663894653,0.4992960655828938,0.2469833940267563,0.1,-0.0010897038978328055,0.0009598596,-0.4772809650748968,0.007561492919921875,1e-06
636.87,2057,23986176,183,11655,22.109027862548828,0.849943995475769,8030,0.2,0.5955550670623779,0.6020570723339915,0.24722012877464294,0.1,-0.0012015860180326853,0.0009629609,-0.5000619435682893,0.0096282958984375,1e-06
678.02,2069,24117248,184,11653,23.748323440551758,0.8744745254516602,8040,0.2,0.4805492162704468,0.5240696736844257,0.24744968116283417,0.1,-0.001041281943435024,0.00086926296,-0.5226441510953009,0.005928802490234375,1e-06
673.65,2080,24248320,185,11653,24.178964614868164,0.876096248626709,8050,0.2,0.5119544267654419,0.5006725304294377,0.24768111109733582,0.1,-0.0009871139516690163,0.00082035514,-0.545019253436476,0.004837799072265625,1e-06
705.34,2092,24379392,186,11653,25.182607650756836,0.8592868447303772,8060,0.2,0.4266532063484192,0.5274554572999477,0.24791619181632996,0.1,-0.0011710220712302544,0.0010400623,-0.5676125966012477,0.01247100830078125,1e-06
725.52,2103,24510464,187,11654,25.646778106689453,0.8661479949951172,8070,0.2,0.5157683491706848,0.5191205312963575,0.24814961850643158,0.1,-0.0009959252637600003,0.0008950584,-0.5902784015983343,0.0072418212890625,1e-06
743.41,2114,24641536,188,11654,26.962718963623047,0.8610427379608154,8080,0.2,0.4808197617530823,0.5205599695909768,0.24838195741176605,0.1,-0.0009884433456136322,0.00089139456,-0.6128086345270276,0.00668792724609375,1e-06
656.31,2125,24772608,189,11655,22.802949905395508,0.8290085792541504,8090,0.2,0.6569845080375671,0.5681849448010325,0.24861538410186768,0.1,-0.001019413702942984,0.00091945607,-0.6352781211026013,0.00889892578125,1e-06
685.12,2136,24903680,190,11655,23.911327362060547,0.8603043556213379,8100,0.2,0.5203980207443237,0.5574520528083667,0.24884891510009766,0.1,-0.0011861035910442296,0.0009588861,-0.6578006315976381,0.008345794677734376,1e-06
624.87,2147,25034752,191,11654,21.642072677612305,0.8648388385772705,8110,0.2,0.5107357501983643,0.5119486893061549,0.2490796148777008,0.1,-0.001010343694815674,0.0008480329,-0.6801581921055913,0.005510711669921875,1e-06
682.54,2159,25165824,192,11654,23.632122039794922,0.864511251449585,8120,0.2,0.4728931188583374,0.5050122143700719,0.2493133842945099,0.1,-0.00118883278901194,0.00095701875,-0.702571433968842,0.009075164794921875,1e-06
662.66,2170,25296896,193,11654,23.085500717163086,0.8504447340965271,8130,0.2,0.70613032579422,0.5761392006417736,0.24955356121063232,0.1,-0.0009217734661433497,0.00083925424,-0.7253970348276197,0.0056793212890625,1e-06
655.88,2181,25427968,194,11655,23.242555618286133,0.870700478553772,8140,0.2,0.4604267477989197,0.5112602192442864,0.24978724122047424,0.1,-0.0010317768520508252,0.00090615754,-0.7481256878003478,0.007572174072265625,1e-06
645.68,2192,25559040,195,11655,22.865707397460938,0.840769350528717,8150,0.2,0.6345840096473694,0.562704857508652,0.2500256896018982,0.1,-0.001147097841021605,0.0010252302,-0.770845515280962,0.011016845703125,1e-06
656.95,2203,25690112,196,11656,23.342933654785156,0.8683270812034607,8160,0.2,0.5353778600692749,0.536670380202122,0.250257670879364,0.1,-0.0011315174955598196,0.0009071063,-0.7933881238102913,0.0068572998046875,1e-06
663.09,2215,25821184,197,11657,23.698949813842773,0.8668043613433838,8170,0.2,0.38870710134506226,0.5033526330254972,0.25049644708633423,0.1,-0.0011421877154134564,0.0009470753,-0.8159957417286933,0.008150482177734375,1e-06
670.66,2226,25952256,198,11657,23.619367599487305,0.8485273122787476,8180,0.2,0.5681483745574951,0.5774186047725379,0.2507343590259552,0.1,-0.001075376954395324,0.0009240238,-0.8388063439168036,0.01032257080078125,1e-06
623.71,2237,26083328,199,11656,22.002304077148438,0.8606199026107788,8190,0.2,0.46110060811042786,0.5417189976898953,0.2509678304195404,0.1,-0.0010527328997341101,0.00092927355,-0.8613253343850374,0.009687042236328125,1e-06
618.66,2249,26214400,200,11655,21.399118423461914,0.8628805875778198,8200,0.2,0.4612513482570648,0.5357802541460842,0.25119900703430176,0.1,-0.0011304394111903092,0.0009794042,-0.8835408313199877,0.009690093994140624,1e-06
602.42,2260,26345472,201,11654,20.418563842773438,0.8671237230300903,8210,0.2,0.44719403982162476,0.5625569390831515,0.2514316439628601,0.1,-0.0010775787952297833,0.0009477869,-0.9056959335692227,0.009557342529296875,1e-06
638.81,2272,26476544,202,11652,22.275917053222656,0.8817146420478821,8220,0.2,0.6522486209869385,0.493786323745735,0.2516661286354065,0.1,-0.0011340383555761945,0.00091112516,-0.9280068938620388,0.0076202392578125,1e-06
712.26,2283,26607616,203,11653,25.001333236694336,0.8661512136459351,8230,0.2,0.563726544380188,0.5118157878052443,0.2519093155860901,0.1,-0.001075011404009274,0.0009153108,-0.9507932271808386,0.00786590576171875,1e-06
686.54,2294,26738688,204,11652,24.050247192382812,0.8757001161575317,8240,0.2,0.43325483798980713,0.4924910198664293,0.2521499991416931,0.1,-0.001106259219614003,0.0009126243,-0.9738511377945542,0.009014892578125,1e-06
679.06,2305,26869760,205,11652,24.003948211669922,0.8640981912612915,8250,0.2,0.46666914224624634,0.5428875301964581,0.25238585472106934,0.1,-0.0011724852386578277,0.0009768095,-0.9964825027622283,0.009112548828125,1e-06
666.23,2317,27000832,206,11652,23.262964248657227,0.8596665263175964,8260,0.2,0.3996260464191437,0.5444394056918099,0.2526238262653351,0.1,-0.001103843341661559,0.00095548644,-1.0190201798453926,0.008809661865234375,1e-06
703.4,2328,27131904,207,11653,24.627187728881836,0.8621730804443359,8270,0.2,0.46558907628059387,0.5146758080925793,0.25286343693733215,0.1,-0.0011950169810006628,0.00094745844,-1.0416820095852017,0.007305908203125,1e-06
642.85,2339,27262976,208,11653,21.711759567260742,0.858694314956665,8280,0.2,0.4752020537853241,0.5132595250150189,0.25310277938842773,0.1,-0.0009823933680308983,0.0008329699,-1.0644115363247693,0.00612030029296875,1e-06
682.04,2350,27394048,209,11653,23.410076141357422,0.8521206974983215,8290,0.2,0.5208662152290344,0.5619820412015543,0.2533431947231293,0.1,-0.0011436141868216509,0.0009844846,-1.0871568363159896,0.011612701416015624,1e-06
649.36,2361,27525120,210,11654,22.456674575805664,0.8647258281707764,8300,0.2,0.4746430516242981,0.48940823320299387,0.2535824179649353,0.1,-0.0011966937693614454,0.0010138488,-1.1098511194810272,0.01175079345703125,1e-06
661.72,2373,27656192,211,11654,22.733867645263672,0.8484983444213867,8310,0.2,0.5330923199653625,0.5523482382064685,0.253826379776001,0.1,-0.0010864506404686836,0.0009491191,-1.1327226931229233,0.008954620361328125,1e-06
724.73,2384,27787264,212,11654,25.820335388183594,0.8758571147918701,8320,0.2,0.382433146238327,0.47223641686141493,0.25405967235565186,0.1,-0.001031886773671431,0.0009325109,-1.1552510493434966,0.008319854736328125,1e-06
653.16,2395,27918336,213,11654,22.950023651123047,0.8536359667778015,8330,0.2,0.41834601759910583,0.5252653539180756,0.2543073296546936,0.1,-0.0010696350908801834,0.0009841612,-1.1780346565879882,0.00936279296875,1e-06
713.81,2406,28049408,214,11654,25.326194763183594,0.857623279094696,8340,0.2,0.5217653512954712,0.5041465291986242,0.25454413890838623,0.1,-0.001064111096184206,0.0009468761,-1.2008279318921269,0.0078094482421875,1e-06
624.11,2417,28180480,215,11655,21.42551040649414,0.8495417833328247,8350,0.2,0.4436105489730835,0.5867706466000527,0.25478413701057434,0.1,-0.0011232111746721785,0.00096480356,-1.223287667054683,0.009902191162109376,1e-06
638.71,2429,28311552,216,11655,22.108430862426758,0.8824289441108704,8360,0.2,0.38403600454330444,0.4662428863812238,0.25502556562423706,0.1,-0.00117872871014697,0.0008913879,-1.2459532851353288,0.00627899169921875,1e-06
647.77,2440,28442624,217,11656,22.160287857055664,0.8551994562149048,8370,0.2,0.484252005815506,0.5721007858868689,0.2552650570869446,0.1,-0.0010587690905595082,0.00090196193,-1.2685858562588692,0.007051849365234375,1e-06
607.06,2450,28573696,218,11660,20.588478088378906,0.8771858215332031,8380,0.2,0.3965843617916107,0.48337359870783986,0.25550246238708496,0.1,-0.0010263132487125404,0.0008273109,-1.290999157167971,0.005425262451171875,1e-06
692.83,2461,28704768,219,11662,23.765609741210938,0.8665114641189575,8390,0.2,0.5110737085342407,0.5434008917305618,0.255740761756897,0.1,-0.001085108920779021,0.0009387435,-1.3133540305308997,0.009477996826171875,1e-06
714.25,2472,28835840,220,11663,25.84274673461914,0.8672271966934204,8400,0.2,0.35927796363830566,0.48971982207149267,0.2559798061847687,0.1,-0.001130277558331727,0.00096698554,-1.335752042848617,0.009664154052734375,1e-06
698.31,2483,28966912,221,11665,25.085866928100586,0.854394257068634,8410,0.2,0.5257914662361145,0.5359247577376663,0.2562192380428314,0.1,-0.0010931476384939743,0.0009787631,-1.3581799692474306,0.010236358642578125,1e-06
700.38,2494,29097984,222,11666,24.638078689575195,0.8437680602073669,8420,0.2,0.4957424998283386,0.5128110536141322,0.2564622163772583,0.1,-0.0009266780231882877,0.0008579904,-1.380771728232503,0.006809234619140625,1e-06
641.91,2505,29229056,223,11668,21.74860191345215,0.8452090620994568,8430,0.2,0.6119828224182129,0.5766810051398352,0.25670287013053894,0.1,-0.0009431224181753351,0.00085660873,-1.4033639478497206,0.00567779541015625,1e-06
662.6,2516,29360128,224,11669,22.469501495361328,0.8647984862327576,8440,0.2,0.4276626706123352,0.5075498938560485,0.2569505572319031,0.1,-0.0009531076624625711,0.00082838454,-1.426239823177457,0.00495452880859375,1e-06
622.15,2527,29491200,225,11670,20.837688446044922,0.8717373609542847,8450,0.2,0.3935938775539398,0.5251055497908965,0.2571941018104553,0.1,-0.0010485171443178841,0.0007937203,-1.449136984255165,0.00494232177734375,1e-06
704.17,2538,29622272,226,11671,24.663978576660156,0.8868542313575745,8460,0.2,0.5093738436698914,0.4627866111928597,0.25743889808654785,0.1,-0.001113348022227001,0.0009051254,-1.4719103395007551,0.007482147216796875,1e-06
686.72,2549,29753344,227,11672,24.32155990600586,0.8581441640853882,8470,0.2,0.4753352105617523,0.536209138063714,0.2576864957809448,0.1,-0.0009965126267161395,0.0008448059,-1.494882793352008,0.00482635498046875,1e-06
683.89,2560,29884416,228,11672,24.018383026123047,0.8525617122650146,8480,0.2,0.4901558756828308,0.5148513230029493,0.2579295039176941,0.1,-0.001171469462042296,0.00093992776,-1.517678006272763,0.008942413330078124,1e-06
660.96,2571,30015488,229,11671,23.35986328125,0.8710038065910339,8490,0.2,0.35227930545806885,0.4975018265657127,0.2581671178340912,0.1,-0.0009547844295411778,0.0008153836,-1.5399997921660542,0.005583953857421875,1e-06
614.03,2582,30146560,230,11671,21.270801544189453,0.8631781935691833,8500,0.2,0.4128913879394531,0.5114070062059909,0.2584090232849121,0.1,-0.001139599458565499,0.000968775,-1.5623209668323397,0.0108123779296875,1e-06
620.06,2593,30277632,231,11672,21.703493118286133,0.8744279146194458,8510,0.2,0.4804365038871765,0.5351563256699592,0.2586469054222107,0.1,-0.0011412933414248982,0.00095247885,-1.5845866697840392,0.0095062255859375,1e-06
666.68,2604,30408704,232,11674,23.530746459960938,0.8756307363510132,8520,0.2,0.3720397353172302,0.5092947305645794,0.25888869166374207,0.1,-0.0010893986700466485,0.0009471978,-1.6068510400131344,0.010213470458984375,1e-06
595.36,2615,30539776,233,11675,20.319698333740234,0.8755387663841248,8530,0.2,0.498291015625,0.5026909011881798,0.2591289281845093,0.1,-0.0011390636102987628,0.0009055409,-1.6291946681216358,0.007546234130859375,1e-06
618.96,2626,30670848,234,11677,20.711406707763672,0.867172360420227,8540,0.2,0.5491464138031006,0.5635814892593771,0.25937551259994507,0.1,-0.0011575755242120068,0.0009435377,-1.6517329062335193,0.010066986083984375,1e-06
626.99,2637,30801920,235,11678,21.3900146484375,0.8850924968719482,8550,0.2,0.38267725706100464,0.4650621454929933,0.2596209645271301,0.1,-0.0011636351820015988,0.0008969654,-1.6744763398543,0.007138824462890625,1e-06
635.15,2648,30932992,236,11679,21.81127166748047,0.8746122121810913,8560,0.2,0.4826394319534302,0.5081987877143547,0.25986671447753906,0.1,-0.0010691629893699428,0.0009084657,-1.6971775094047188,0.006754302978515625,1e-06
666.77,2659,31064064,237,11681,23.2532901763916,0.8628115057945251,8570,0.2,0.39885038137435913,0.5318930013105273,0.26011574268341064,0.1,-0.0010404644530353836,0.000886927,-1.7200200465507804,0.007199859619140625,1e-06
652.06,2670,31195136,238,11682,22.864622116088867,0.8471509218215942,8580,0.2,0.4266323149204254,0.5551911727990955,0.2603570520877838,0.1,-0.0010126799557838239,0.00087988435,-1.7425906117074192,0.0077850341796875,1e-06
681.07,2681,31326208,239,11683,24.311134338378906,0.8622872829437256,8590,0.2,0.37627744674682617,0.5399074901826679,0.26060330867767334,0.1,-0.0011207949779418413,0.00093016785,-1.7651084300130606,0.009854888916015625,1e-06
721.89,2692,31457280,240,11684,26.2471923828125,0.856012225151062,8600,0.2,0.43672165274620056,0.5266512012807653,0.26085031032562256,0.1,-0.0011549600745638599,0.00095362257,-1.7877926748245954,0.008855438232421875,1e-06
716.22,2703,31588352,241,11683,25.676837921142578,0.8539940714836121,8610,0.2,0.603417694568634,0.5365634015994146,0.2610958218574524,0.1,-0.0009675959721789695,0.0008834225,-1.8104574082419276,0.006201171875,1e-06
683.13,2714,31719424,242,11683,24.284147262573242,0.8572539687156677,8620,0.2,0.39221975207328796,0.5163613698678091,0.2613446116447449,0.1,-0.0011042308959076763,0.0009738369,-1.8331820868887008,0.01025390625,1e-06
655.08,2725,31850496,243,11684,22.495878219604492,0.8385999798774719,8630,0.2,0.4104230999946594,0.5930524564813823,0.261587917804718,0.1,-0.0010271525362441024,0.00092155376,-1.8557403137907387,0.007398223876953125,1e-06
723.24,2736,31981568,244,11685,25.806764602661133,0.8612544536590576,8640,0.2,0.5039480924606323,0.5119842365849763,0.26183268427848816,0.1,-0.0011146914694109,0.00089412456,-1.8781111435033382,0.005884552001953125,1e-06
677.56,2747,32112640,245,11685,22.952463150024414,0.8551849126815796,8650,0.2,0.5486952066421509,0.5639143002452329,0.26208335161209106,0.1,-0.0010534762714996758,0.0008911545,-1.9008413903415202,0.007549285888671875,1e-06
