train/action_std_20,train/action_std_23,rollout/recovery_noforce,train/action_std_16,train/action_std_22,train/action_std_04,rollout/is_fall_mean,time/fps,train/action_std_13,rollout/ep_len_mean,time/time_elapsed,train/action_std_03,train/action_std_21,train/action_std_24,train/std_max,train/action_std_18,rollout/force_requested_impulse_mean,train/action_std_01,train/action_std_12,train/action_std_05,rollout/force_direction_mean,train/action_std_00,train/action_std_07,train/action_std_10,rollout/is_timeout_mean,train/action_std_08,train/action_std_09,time/total_timesteps,rollout/action_saturation_fraction,rollout/ep_rew_mean,train/action_std_14,train/action_std_17,rollout/force_onset_mean,train/action_std_15,train/action_std_19,train/action_std_06,train/action_std_02,time/iterations,train/std_min,train/action_std_11,rollout/episodes_noforce,rollout/timeouts,train/clip_fraction,train/n_updates,train/explained_variance,train/value_loss,train/loss,train/clip_range_vf,train/policy_gradient_loss,rollout/timeout_without_onset_fraction,train/approx_kl,train/std,train/entropy_loss,train/learning_rate,train/clip_range
0.0689486712217331,0.06835497915744781,0.0,0.0689069926738739,0.06853801012039185,0.06926117092370987,1.0,12775,0.07053038477897644,376.57142857142856,10,0.06891895830631256,0.06952419131994247,0.07033828645944595,0.07066159695386887,0.068891242146492,0.0,0.0689423605799675,0.0688466802239418,0.07066159695386887,-1.0,0.06932161748409271,0.06981445848941803,0.06939252465963364,0.0,0.06884577870368958,0.06990256905555725,131072,0.0,254.97398376464844,0.06972849369049072,0.06906143575906754,1.3514285714285723,0.06899098306894302,0.06935902684926987,0.06888353824615479,0.06891410797834396,1,0.06835497915744781,0.07022932171821594,7,,,,,,,,,,,,,,
0.06897056847810745,0.06837103515863419,0.964,0.06893464922904968,0.0685548484325409,0.06928549706935883,0.036,9245,0.07054218649864197,1000.0,28,0.0689486414194107,0.06954110413789749,0.07035361975431442,0.07069607824087143,0.06890033930540085,0.0,0.0689697340130806,0.06887536495923996,0.07069607824087143,-1.0,0.06933770328760147,0.06982848048210144,0.06942956149578094,0.964,0.06887040287256241,0.06991900503635406,262144,0.0,681.724609375,0.06975012272596359,0.06908293813467026,1.401096000000001,0.06902147084474564,0.06938491761684418,0.06889715790748596,0.06893820315599442,2,0.06837103515863419,0.07024528086185455,250,241,0.03138046264648438,1540,0.8233227729797363,0.08573205792781664,0.3836864233016968,0.2,-0.0021476609991168518,0.0,0.0013800728,0.06934595853090286,31.24762853085995,1e-06,0.1
0.06899268925189972,0.0683927983045578,0.25,0.06894275546073914,0.06857907027006149,0.06930902600288391,0.75,8646,0.07055389881134033,913.08,45,0.06895981729030609,0.06956256181001663,0.07036348432302475,0.07071133702993393,0.06891267746686935,0.0,0.06898599863052368,0.06889856606721878,0.07071133702993393,-1.0,0.06936147809028625,0.06984726339578629,0.06944867968559265,0.25,0.0688881054520607,0.06992281973361969,393216,0.0,619.5818481445312,0.06976963579654694,0.06909992545843124,1.369000000000001,0.06903868168592453,0.06940397620201111,0.06892240792512894,0.06895452737808228,3,0.0683927983045578,0.07026780396699905,20,5,0.028818511962890626,1550,0.8753300905227661,0.11901642975280993,0.38127461075782776,0.2,-0.002702323613493718,0.0,0.0013404966,0.06936360150575638,31.2406169205904,1e-06,0.1
0.06901916116476059,0.06841083616018295,0.9449152542372882,0.0689503625035286,0.06860383599996567,0.0693264901638031,0.05508474576271186,8235,0.0705646425485611,1000.0,63,0.0689845010638237,0.0695817843079567,0.0703754797577858,0.07072798907756805,0.06893014907836914,0.0,0.06899881362915039,0.06892728805541992,0.07072798907756805,-1.0,0.06938526034355164,0.06986922770738602,0.06946860253810883,0.9449152542372882,0.068903349339962,0.06994222849607468,524288,0.0,684.1200561523438,0.06978928297758102,0.06912129372358322,1.394228813559323,0.06906270235776901,0.06940264999866486,0.06894339621067047,0.06897202134132385,4,0.06841083616018295,0.07028022408485413,236,223,0.02926483154296875,1560,0.8802245855331421,0.1324542823364027,0.47104060649871826,0.2,-0.0025714677398809725,0.0,0.0013532612,0.06938166916370392,31.2341029971838,1e-06,0.1
0.06904329359531403,0.06843840330839157,0.7407407407407407,0.06897152215242386,0.06861837208271027,0.06934264302253723,0.25925925925925924,8116,0.0705760046839714,963.21,80,0.06899848580360413,0.06958267837762833,0.07040036469697952,0.07073891907930374,0.06895046681165695,0.0,0.06900899857282639,0.06894554942846298,0.07073891907930374,-1.0,0.06938765943050385,0.06990128755569458,0.06948082894086838,0.7407407407407407,0.06892157346010208,0.06997764110565186,655360,0.0,657.195068359375,0.0698167085647583,0.06914933025836945,1.3699259259259269,0.06908109784126282,0.06942835450172424,0.06895794719457626,0.06898710131645203,5,0.06843840330839157,0.07030663639307022,27,20,0.02869110107421875,1570,0.8864597082138062,0.1317625115509145,0.4007701575756073,0.2,-0.0024620845822937555,0.0,0.0013641203,0.06940047442913055,31.2274817481637,1e-06,0.1
0.06905467063188553,0.06846418976783752,0.9401709401709402,0.06898193806409836,0.06863010674715042,0.06935998797416687,0.05982905982905983,7951,0.07059405744075775,995.06,98,0.06900807470083237,0.06961150467395782,0.07042635232210159,0.07075833529233932,0.06896526366472244,0.0,0.06903333216905594,0.0689755231142044,0.07075833529233932,-1.0,0.06939927488565445,0.06992115080356598,0.0695045217871666,0.9401709401709402,0.06893526017665863,0.06999839842319489,786432,0.0,680.1808471679688,0.06984134763479233,0.06916981190443039,1.3910170940170952,0.0691012591123581,0.0694504901766777,0.06896895915269852,0.06901485472917557,6,0.06846418976783752,0.07032819837331772,234,220,0.03304214477539062,1580,0.8600931763648987,0.11019874012854416,0.38789835572242737,0.2,-0.002512382670693114,0.0,0.0014026474,0.06941986829042435,31.220513877272605,1e-06,0.1
0.06907332688570023,0.06849491596221924,0.7352941176470589,0.06900162249803543,0.06863746792078018,0.06938135623931885,0.2647058823529412,7912,0.07061360031366348,940.26,115,0.0690276250243187,0.06962107867002487,0.0704473927617073,0.07078512758016586,0.06897886097431183,0.0,0.0690581426024437,0.06899678707122803,0.07078512758016586,-1.0,0.06941358745098114,0.06993269175291061,0.06951781362295151,0.7352941176470589,0.06895578652620316,0.07003282010555267,917504,0.0,641.5437622070312,0.0698491781949997,0.06919175386428833,1.4196470588235304,0.06912220269441605,0.06946519017219543,0.06898835301399231,0.0690334290266037,7,0.06849491596221924,0.0703582838177681,34,25,0.029084014892578124,1590,0.9050241708755493,0.11678361984668299,0.47876930236816406,0.2,-0.002625319143771776,0.0,0.001351492,0.06943913549184799,31.213618092238903,1e-06,0.1
0.06908063590526581,0.06852252036333084,0.9774774774774775,0.06900572031736374,0.06864813715219498,0.06941075623035431,0.02252252252252252,7830,0.07064163684844971,1000.0,133,0.06903547048568726,0.06963813304901123,0.07047060877084732,0.0708051472902298,0.06899750977754593,0.0,0.06907376646995544,0.06900552660226822,0.0708051472902298,-1.0,0.06943671405315399,0.06994851678609848,0.06954392045736313,0.9774774774774775,0.06898374110460281,0.07005369663238525,1048576,0.0,684.0781860351562,0.06987689435482025,0.06921463459730148,1.3946396396396408,0.0691339373588562,0.06949044018983841,0.06900078803300858,0.06904923170804977,8,0.06852252036333084,0.07037582993507385,222,217,0.03229446411132812,1600,0.8499669432640076,0.12377038050326519,0.38904428482055664,0.2,-0.0025665365338227277,0.0,0.0013438053,0.0694577619433403,31.206763872504233,1e-06,0.1
0.06909994035959244,0.06854415684938431,0.6530612244897959,0.0690230280160904,0.06865568459033966,0.06943103671073914,0.3469387755102041,7808,0.07066623121500015,923.41,151,0.0690414160490036,0.06965158134698868,0.07048443704843521,0.07081669569015503,0.06902028620243073,0.0,0.0690922960639,0.06901692599058151,0.07081669569015503,-1.0,0.06944989413022995,0.06996726244688034,0.06956955790519714,0.6530612244897959,0.06900404393672943,0.0700765922665596,1179648,0.0,626.04833984375,0.06988930702209473,0.06921691447496414,1.398326530612246,0.06915350258350372,0.06951119750738144,0.06901752203702927,0.06907263398170471,9,0.06854415684938431,0.07038762420415878,49,32,0.03208084106445312,1610,0.8882041573524475,0.07033151034265757,0.38793250918388367,0.2,-0.0026549489667104355,0.0,0.0013653464,0.06947439163923264,31.200452868640422,1e-06,0.1
0.06911934912204742,0.06856756657361984,0.9761904761904762,0.06905093044042587,0.06867937743663788,0.06943972408771515,0.023809523809523808,7757,0.07068420946598053,994.87,168,0.06905736774206161,0.06966906785964966,0.07049855589866638,0.07084033638238907,0.06903315335512161,0.0,0.06911752372980118,0.0690317377448082,0.07084033638238907,-1.0,0.06945575028657913,0.06998873502016068,0.06958497315645218,0.9761904761904762,0.06901427358388901,0.07008922845125198,1310720,0.0,682.6422729492188,0.06990738213062286,0.06922896206378937,1.3839904761904773,0.06917834281921387,0.06952666491270065,0.06904265284538269,0.06908758729696274,10,0.06856756657361984,0.07040662318468094,210,205,0.028165435791015624,1620,0.8884411454200745,0.17219919228809885,0.44826215505599976,0.2,-0.0025705144333642237,0.0,0.0013228087,0.06949200481176376,31.194300906360148,1e-06,0.1
0.06913387030363083,0.06858392804861069,0.8703703703703703,0.0690619945526123,0.06869532912969589,0.06945295631885529,0.12962962962962962,7743,0.07070809602737427,958.8,186,0.06906627863645554,0.06967875361442566,0.07051082700490952,0.07086131721735,0.06904599070549011,0.0,0.06912149488925934,0.06904540210962296,0.07086131721735,-1.0,0.06947509944438934,0.07000415772199631,0.06960614025592804,0.8703703703703703,0.06902539730072021,0.07010891288518906,1441792,0.0,654.964599609375,0.0699271708726883,0.0692497119307518,1.3952222222222233,0.06919731199741364,0.06954491883516312,0.06908134371042252,0.06910695880651474,11,0.06858392804861069,0.07042940706014633,54,47,0.026993560791015624,1630,0.8942206501960754,0.06658383141329978,0.35603389143943787,0.2,-0.0025386023319242668,0.0,0.0012734209,0.06950890272855759,31.18802661150694,1e-06,0.1
0.06915749609470367,0.06861598789691925,0.9603960396039604,0.06907859444618225,0.06870965659618378,0.06948082894086838,0.039603960396039604,7708,0.07071217894554138,1000.0,204,0.06909091770648956,0.06969790905714035,0.07052867114543915,0.07089455425739288,0.0690699964761734,0.0,0.06914675980806351,0.06906317919492722,0.07089455425739288,-1.0,0.06949297338724136,0.07002042979001999,0.06962969899177551,0.9603960396039604,0.06903886049985886,0.07012991607189178,1572864,0.0,687.31494140625,0.06994936615228653,0.06926985830068588,1.3899306930693078,0.06920986622571945,0.06956332176923752,0.06909485161304474,0.06913204491138458,12,0.06861598789691925,0.07045036554336548,202,194,0.027761077880859374,1640,0.8871740102767944,0.11101606114534661,0.38555651903152466,0.2,-0.0024032870631799596,0.0,0.0013184107,0.06952913105487823,31.18138415068388,1e-06,0.1
0.06917278468608856,0.06863509863615036,0.873015873015873,0.06909994035959244,0.06871386617422104,0.06949323415756226,0.12698412698412698,7701,0.07073771953582764,957.0,221,0.06910616904497147,0.0697154626250267,0.07054924964904785,0.07092809677124023,0.06909198313951492,0.0,0.06916198134422302,0.06907671689987183,0.07092809677124023,-1.0,0.06951405107975006,0.07004173845052719,0.06964457035064697,0.873015873015873,0.06906500458717346,0.0701490268111229,1703936,0.0,657.5128173828125,0.06995992362499237,0.06930609792470932,1.3850476190476202,0.069219209253788,0.06959295272827148,0.06910918653011322,0.06914834678173065,13,0.06863509863615036,0.07046368718147278,63,55,0.028537750244140625,1650,0.8822510242462158,0.08926721384923439,0.391991525888443,0.2,-0.00246495242513447,0.0,0.0013171221,0.06954784691333771,31.17437349706888,1e-06,0.1
0.06919137388467789,0.0686555877327919,0.9438775510204082,0.06911249458789825,0.06874105334281921,0.06950399279594421,0.05612244897959184,7676,0.07074688374996185,1000.0,239,0.06911968439817429,0.06973068416118622,0.07058064639568329,0.0709468200802803,0.06910514831542969,0.0,0.06918023526668549,0.06908809393644333,0.0709468200802803,-1.0,0.06953881680965424,0.07006122916936874,0.06967338919639587,0.9438775510204082,0.06908229738473892,0.07017746567726135,1835008,0.0,685.3970947265625,0.06998851895332336,0.06933388113975525,1.3851020408163277,0.06923805177211761,0.06961299479007721,0.06912752240896225,0.06915926188230515,14,0.0686555877327919,0.0704849436879158,196,185,0.029453277587890625,1660,0.8159849643707275,0.11566692937922199,0.43958404660224915,0.2,-0.002445288566968884,0.0,0.0013173685,0.0695672407746315,31.16755613386631,1e-06,0.1
0.06921494752168655,0.0686706155538559,0.927536231884058,0.06911762058734894,0.0687660351395607,0.06953068822622299,0.07246376811594203,7677,0.07075185328722,974.92,256,0.0691341832280159,0.06974979490041733,0.07059789448976517,0.07096685469150543,0.0691261887550354,0.0,0.06920341402292252,0.06910793483257294,0.07096685469150543,-1.0,0.06955191493034363,0.07007088512182236,0.06968779116868973,0.927536231884058,0.06909989565610886,0.07019060105085373,1966080,0.0,665.38671875,0.07000592350959778,0.0693546012043953,1.3822318840579721,0.0692639946937561,0.06963145732879639,0.06914342939853668,0.06917477399110794,15,0.0686706155538559,0.0705154538154602,69,64,0.026631927490234374,1670,0.8545542359352112,0.0851253967237426,0.3958567678928375,0.2,-0.0024254459817257155,0.0,0.0012889613,0.0695851519703865,31.16083087027073,1e-06,0.1
0.06923546642065048,0.06869817525148392,0.9484536082474226,0.06913212686777115,0.0687895193696022,0.0695500373840332,0.05154639175257732,7655,0.07077394425868988,988.82,273,0.0691550225019455,0.06975618004798889,0.0706116184592247,0.07099807262420654,0.06912878155708313,0.0,0.06922998279333115,0.06913286447525024,0.07099807262420654,-1.0,0.06957868486642838,0.0700918659567833,0.06970588862895966,0.9484536082474226,0.06912048906087875,0.07021164149045944,2097152,0.0,676.8264770507812,0.07002552598714828,0.06936866790056229,1.3970000000000011,0.06928546726703644,0.069647878408432,0.06915424764156342,0.06919163465499878,16,0.06869817525148392,0.07053462415933609,194,184,0.028066253662109374,1680,0.8681728839874268,0.08179629501100863,0.40253233909606934,0.2,-0.0025120031776623363,0.0,0.0013360275,0.06960433721542358,31.154160223901272,1e-06,0.1
0.06923450529575348,0.06870104372501373,0.918918918918919,0.06915628910064697,0.0688135176897049,0.06956548243761063,0.08108108108108109,7649,0.07078715413808823,953.35,291,0.06916771829128265,0.06978345662355423,0.07062791287899017,0.0710231363773346,0.0691412091255188,0.0,0.06925161182880402,0.06915899366140366,0.0710231363773346,-1.0,0.06959109008312225,0.07010794430971146,0.06971649080514908,0.918918918918919,0.0691421627998352,0.07024425268173218,2228224,0.0,653.9527587890625,0.07003595679998398,0.06938660144805908,1.4372432432432443,0.06930005550384521,0.06965611129999161,0.06918330490589142,0.06919846683740616,17,0.06870104372501373,0.07056141644716263,74,68,0.03268585205078125,1690,0.8855964541435242,0.10445056521566584,0.39716389775276184,0.2,-0.002516646839876557,0.0,0.0013847197,0.06962142884731293,31.147666916251183,1e-06,0.1
0.06925392150878906,0.06871657073497772,0.9679144385026738,0.06917205452919006,0.06883489340543747,0.069581538438797,0.03208556149732621,7635,0.07080651819705963,988.69,308,0.06918031722307205,0.06978581845760345,0.07064215838909149,0.0710444226861,0.06916755437850952,0.0,0.06926984339952469,0.06917569786310196,0.0710444226861,-1.0,0.06961024552583694,0.07011234015226364,0.06972910463809967,0.9679144385026738,0.06916351616382599,0.07026094198226929,2359296,0.0,679.1111450195312,0.07005856931209564,0.06940549612045288,1.4011229946524075,0.06930840015411377,0.06967521458864212,0.06919152289628983,0.06921502947807312,18,0.06871657073497772,0.07057613879442215,187,181,0.027661895751953124,1700,0.8159015774726868,0.09722647693997714,0.3815099000930786,0.2,-0.0023302771987346203,0.0,0.0013220306,0.06963751465082169,31.141712105274202,1e-06,0.1
0.06927148997783661,0.06874369084835052,0.8674698795180723,0.0691833347082138,0.06885099411010742,0.06958936899900436,0.13253012048192772,7633,0.07082132250070572,938.93,326,0.06919234246015549,0.06979607045650482,0.07065641134977341,0.07105924189090729,0.06920123845338821,0.0,0.06926881521940231,0.06919290125370026,0.07105924189090729,-1.0,0.06961950659751892,0.07011371105909348,0.06974516808986664,0.8674698795180723,0.06917784363031387,0.07026614993810654,2490368,0.0,642.5895385742188,0.07008585333824158,0.0694345086812973,1.379156626506025,0.06932774931192398,0.06969835609197617,0.06920085847377777,0.06924118846654892,19,0.06874369084835052,0.07058335840702057,83,72,0.02828521728515625,1710,0.8965131044387817,0.0782621408259729,0.3891648054122925,0.2,-0.002434702313644266,0.0,0.0013020384,0.06965285539627075,31.13607717603445,1e-06,0.1
0.0692814365029335,0.06877073645591736,0.9385474860335196,0.06921117007732391,0.06887026876211166,0.0696166455745697,0.061452513966480445,7620,0.07085330784320831,987.46,344,0.06919597089290619,0.06981552392244339,0.07067479193210602,0.07107042521238327,0.0692155584692955,0.0,0.06928036361932755,0.06920603662729263,0.07107042521238327,-1.0,0.0696365013718605,0.0701286792755127,0.06976963579654694,0.9385474860335196,0.06919550895690918,0.07028616964817047,2621440,0.0,677.531982421875,0.0701024979352951,0.06945600360631943,1.392513966480448,0.06934347003698349,0.06972096115350723,0.069225013256073,0.06924944370985031,20,0.06877073645591736,0.0705934688448906,179,168,0.033953857421875,1720,0.8943725228309631,0.12032836426515132,0.42434850335121155,0.2,-0.002693560994566724,0.0,0.0014094154,0.06967078149318695,31.130103319883347,1e-06,0.1
0.06931277364492416,0.0687878280878067,0.8901098901098901,0.06921618431806564,0.06889129430055618,0.06963180750608444,0.10989010989010989,7619,0.07086104899644852,935.34,361,0.0692141056060791,0.06984271109104156,0.07069933414459229,0.0710897147655487,0.06923367828130722,0.0,0.06930700689554214,0.0692337304353714,0.0710897147655487,-1.0,0.06964965164661407,0.07016881555318832,0.0697823092341423,0.8901098901098901,0.06921429187059402,0.07032519578933716,2752512,0.0,639.97021484375,0.07011622190475464,0.06947403401136398,1.3892747252747262,0.06936055421829224,0.06974407285451889,0.06923221051692963,0.06927086412906647,21,0.0687878280878067,0.07061611115932465,91,81,0.02982025146484375,1730,0.8967103958129883,0.09936856673448347,0.42178329825401306,0.2,-0.002710017611070725,0.0,0.0013180203,0.06969102472066879,31.123275619745254,1e-06,0.1
0.06932903826236725,0.06880508363246918,0.9479768786127167,0.06923582404851913,0.06892219185829163,0.06964359432458878,0.05202312138728324,7611,0.07087735086679459,987.17,378,0.06923049688339233,0.06987147778272629,0.07071392983198166,0.07111554592847824,0.06924159079790115,0.0,0.06933514028787613,0.0692690834403038,0.07111554592847824,-1.0,0.06967397034168243,0.07017841935157776,0.06980270892381668,0.9479768786127167,0.069242924451828,0.07033620774745941,2883584,0.0,681.1300048828125,0.07013901323080063,0.06949876993894577,1.3916069364161858,0.06937488913536072,0.06976643949747086,0.06924913078546524,0.06928715109825134,22,0.06880508363246918,0.07063344120979309,173,164,0.030393218994140624,1740,0.8710935711860657,0.11042751199856866,0.39969033002853394,0.2,-0.0024833320298057516,0.0,0.0013597207,0.06971094012260437,31.116108112037182,1e-06,0.1
0.0693373903632164,0.06881500780582428,0.8958333333333334,0.06925616413354874,0.06894630193710327,0.06965825706720352,0.10416666666666667,7611,0.07088366895914078,952.36,396,0.06925453245639801,0.06988278776407242,0.07073745131492615,0.07113908231258392,0.06926130503416061,0.0,0.06936065107584,0.06928089261054993,0.07113908231258392,-1.0,0.06968116015195847,0.07019679248332977,0.06983131170272827,0.8958333333333334,0.06925538927316666,0.07035856693983078,3014656,0.0,649.8518676757812,0.07015250623226166,0.06950899213552475,1.378979166666668,0.06938888132572174,0.06979388743638992,0.06928645819425583,0.06931102275848389,23,0.06881500780582428,0.07064445316791534,96,86,0.03165740966796875,1750,0.8785551190376282,0.0968342628213577,0.3564920723438263,0.2,-0.0023897093333289376,0.0,0.0013714486,0.06972891837358475,31.109281983971595,1e-06,0.1
0.06935087591409683,0.06884034723043442,0.9534883720930233,0.06926896423101425,0.06896042823791504,0.0696648508310318,0.046511627906976744,7601,0.07089585810899734,980.66,413,0.0692664235830307,0.06989343464374542,0.07075414806604385,0.07115153223276138,0.06929255276918411,0.0,0.06937452405691147,0.06930162012577057,0.07115153223276138,-1.0,0.06969603151082993,0.0702165812253952,0.06984223425388336,0.9534883720930233,0.06927540898323059,0.07037965953350067,3145728,0.0,676.8046264648438,0.07017458975315094,0.06954607367515564,1.3961046511627917,0.06940106302499771,0.06980475783348083,0.06930621713399887,0.06933055818080902,24,0.06884034723043442,0.07066092640161514,172,164,0.02686920166015625,1760,0.9116129875183105,0.11333847265050281,0.40090614557266235,0.2,-0.0025003335576911923,0.0,0.0012850561,0.0697459876537323,31.102978390455245,1e-06,0.1
0.06937799602746964,0.06886894255876541,0.9381443298969072,0.06929238885641098,0.06898185610771179,0.06967760622501373,0.061855670103092786,7598,0.07090356945991516,978.4,431,0.06927277892827988,0.06990963965654373,0.07077294588088989,0.07118044793605804,0.0693131759762764,0.0,0.06939373165369034,0.0693240836262703,0.07118044793605804,-1.0,0.06971754133701324,0.07024358958005905,0.06986646354198456,0.9381443298969072,0.06928957998752594,0.07040397077798843,3276800,0.0,670.6604614257812,0.07019078731536865,0.06957054138183594,1.3878556701030937,0.06941790878772736,0.06983029097318649,0.06932874023914337,0.06934422999620438,25,0.06886894255876541,0.07066980749368668,97,91,0.03316421508789062,1770,0.8823020458221436,0.0804495685180882,0.36919698119163513,0.2,-0.0025459576074808865,0.0,0.0013762256,0.06976570188999176,31.096317841112615,1e-06,0.1
0.06940716505050659,0.06889189779758453,0.9470588235294117,0.06931012868881226,0.06900479644536972,0.06970010697841644,0.052941176470588235,7589,0.070926733314991,968.89,449,0.06929084658622742,0.06992190331220627,0.07078668475151062,0.07119764387607574,0.06932255625724792,0.0,0.06942102313041687,0.06933953613042831,0.07119764387607574,-1.0,0.06973870098590851,0.07026633620262146,0.06987782567739487,0.9470588235294117,0.06930124014616013,0.07042312622070312,3407872,0.0,664.9513549804688,0.07021495699882507,0.06958650052547455,1.380364705882354,0.06943227350711823,0.06983886659145355,0.0693480521440506,0.0693703219294548,26,0.06889189779758453,0.07067907601594925,170,161,0.028621673583984375,1780,0.890201210975647,0.11167793945642188,0.37260180711746216,0.2,-0.0025020769031016245,0.0,0.0013581507,0.06978392601013184,31.089525793492793,1e-06,0.1
0.06941994279623032,0.0689069926738739,0.95,0.06933057308197021,0.06902571022510529,0.06973334401845932,0.05,7588,0.07095375657081604,977.81,466,0.0693095400929451,0.06994473189115524,0.07080148160457611,0.07121317088603973,0.06933839619159698,0.0,0.06944473832845688,0.06937090307474136,0.07121317088603973,-1.0,0.06975466758012772,0.07028650492429733,0.0699111670255661,0.95,0.0693184956908226,0.07042843848466873,3538944,0.0,673.1090698242188,0.07022541761398315,0.0695967972278595,1.4091400000000014,0.06944473832845688,0.06985603272914886,0.06936571002006531,0.06938375532627106,27,0.0689069926738739,0.07069005817174911,100,95,0.035915374755859375,1790,0.8807961344718933,0.08811293934413697,0.43496355414390564,0.2,-0.0025850207950043115,0.0,0.0013976821,0.06980220228433609,31.083073742687702,1e-06,0.1
0.06942980736494064,0.06892385333776474,0.9627329192546584,0.0693587139248848,0.06904017925262451,0.06974881142377853,0.037267080745341616,7580,0.07096555083990097,985.02,484,0.0693255364894867,0.0699668601155281,0.07082236558198929,0.07123713195323944,0.06935914605855942,0.0,0.06945783644914627,0.06939121335744858,0.07123713195323944,-1.0,0.06977926939725876,0.07029087841510773,0.06993624567985535,0.9627329192546584,0.0693221464753151,0.07044697552919388,3670016,0.0,677.2256469726562,0.07023963332176208,0.06960558146238327,1.3919627329192557,0.06946578621864319,0.06987669318914413,0.06938595324754715,0.06939530372619629,28,0.06892385333776474,0.07070577144622803,161,155,0.03130340576171875,1800,0.8590232133865356,0.08085992761480157,0.4070281684398651,0.2,-0.0024802389176784346,0.0,0.0013606558,0.06981908529996872,31.076724664866923,1e-06,0.1
0.0694517120718956,0.06895577162504196,0.9363636363636364,0.06938056647777557,0.06907373666763306,0.06976592540740967,0.06363636363636363,7578,0.07098480314016342,972.1,501,0.06934799998998642,0.0699932724237442,0.07084126770496368,0.071253202855587,0.06938719749450684,0.0,0.06947140395641327,0.0694027841091156,0.071253202855587,-1.0,0.0697905644774437,0.07030455768108368,0.06996459513902664,0.9363636363636364,0.06933975219726562,0.07047195732593536,3801088,0.0,667.5925903320312,0.07024320214986801,0.06962625682353973,1.3916181818181825,0.06948120892047882,0.06989223510026932,0.06940106302499771,0.06940832734107971,29,0.06895577162504196,0.07072606682777405,110,103,0.03079833984375,1810,0.8710912466049194,0.06326582075998885,0.39566880464553833,0.2,-0.002536186642237226,0.0,0.001340887,0.06983837485313416,31.070237094163893,1e-06,0.1
0.069477878510952,0.06897395849227905,0.9612903225806452,0.06940304487943649,0.06909725815057755,0.06978525221347809,0.03870967741935484,7573,0.07100459188222885,980.59,519,0.06937174499034882,0.07002084702253342,0.07086890190839767,0.0712813213467598,0.06939184665679932,0.0,0.06947413831949234,0.06941243261098862,0.0712813213467598,-1.0,0.06980746984481812,0.07032235711812973,0.06998468190431595,0.9612903225806452,0.06936066597700119,0.07049954682588577,3932160,0.0,676.9813232421875,0.07027696818113327,0.06963822990655899,1.370567741935485,0.06950800120830536,0.06990943849086761,0.06942573934793472,0.0694272443652153,30,0.06897395849227905,0.0707358866930008,155,149,0.0254486083984375,1820,0.8863694667816162,0.09163103760802187,0.40417036414146423,0.2,-0.0024868029588105854,0.0,0.0012716269,0.0698583796620369,31.06321613639593,1e-06,0.1
0.06949542462825775,0.06899598240852356,0.896551724137931,0.06942140311002731,0.06911522895097733,0.06980068236589432,0.10344827586206896,7572,0.07101825624704361,950.37,536,0.06939057260751724,0.07003649324178696,0.07090674340724945,0.07131165266036987,0.0694151297211647,0.0,0.06948245316743851,0.06943300366401672,0.07131165266036987,-1.0,0.0698307603597641,0.07034514844417572,0.07000412046909332,0.896551724137931,0.06938774138689041,0.07051997631788254,4063232,0.0,649.95166015625,0.07028969377279282,0.06965690851211548,1.392000000000001,0.06952769309282303,0.06992983818054199,0.069457046687603,0.06944962590932846,31,0.06899598240852356,0.07075788080692291,116,104,0.027216339111328126,1830,0.8434605598449707,0.09291673163243104,0.4408338665962219,0.2,-0.002426383295460255,0.0,0.0012668662,0.06987918168306351,31.055914722383022,1e-06,0.1
0.06951973587274551,0.0690259262919426,0.9527027027027027,0.06945760548114777,0.06913208961486816,0.06981432437896729,0.0472972972972973,7569,0.07104238867759705,987.24,554,0.06941911578178406,0.07005434483289719,0.0709284171462059,0.07133520394563675,0.06943461298942566,0.0,0.06950215250253677,0.0694522112607956,0.07133520394563675,-1.0,0.06985160708427429,0.07036014646291733,0.07002809643745422,0.9527027027027027,0.06940408796072006,0.07052898406982422,4194304,0.0,682.3367309570312,0.07031208276748657,0.06967727094888687,1.3952837837837848,0.06954128295183182,0.06996432691812515,0.0694829672574997,0.06945700943470001,32,0.0690259262919426,0.07077743113040924,148,141,0.030724334716796874,1840,0.8812829256057739,0.12562956314941404,0.37216538190841675,0.2,-0.0027142608336362174,0.0,0.0013900572,0.06990013271570206,31.04851329475641,1e-06,0.1
0.0695357620716095,0.06904954463243484,0.9568965517241379,0.06947030872106552,0.06913790851831436,0.06983054429292679,0.04310344827586207,7568,0.07106468081474304,989.29,571,0.0694338008761406,0.07007692754268646,0.07095088064670563,0.07134699076414108,0.0694575086236,0.0,0.06953171640634537,0.0694786086678505,0.07134699076414108,-1.0,0.0698690414428711,0.07039382308721542,0.0700518861413002,0.9568965517241379,0.0694245770573616,0.0705527514219284,4325376,0.0,680.9674072265625,0.070330411195755,0.06969693303108215,1.3949655172413804,0.06955861300230026,0.06999362260103226,0.06950365751981735,0.06947915256023407,33,0.06904954463243484,0.07079615443944931,116,111,0.0283935546875,1850,0.8935340046882629,0.0686328660332947,0.3638484477996826,0.2,-0.002613165263119299,0.0,0.0012667374,0.06992063671350479,31.041042613983155,1e-06,0.1
0.06955695897340775,0.06906181573867798,0.9805194805194806,0.06947746872901917,0.06915144622325897,0.06983940303325653,0.01948051948051948,7564,0.07108592987060547,986.63,589,0.06944576650857925,0.0701114758849144,0.07096198201179504,0.07135561108589172,0.06946519017219543,0.0,0.06955038756132126,0.06949394941329956,0.07135561108589172,-1.0,0.06989414989948273,0.07040536403656006,0.07007133215665817,0.9805194805194806,0.06943918019533157,0.07057223469018936,4456448,0.0,679.6740112304688,0.07036170363426208,0.06971728801727295,1.3855194805194815,0.06959360092878342,0.07001612335443497,0.06952749192714691,0.06948930770158768,34,0.06906181573867798,0.07081826776266098,154,151,0.0244476318359375,1860,0.7976860404014587,0.07934913148492342,0.3414599299430847,0.2,-0.002015056157779327,0.0,0.0012453982,0.0699385404586792,31.034144750237466,1e-06,0.1
0.06958279758691788,0.06908106058835983,0.8782608695652174,0.06949543952941895,0.06918198615312576,0.06986439973115921,0.12173913043478261,7562,0.07109709829092026,966.17,606,0.06946845352649689,0.07013673335313797,0.07096893340349197,0.07138510048389435,0.06947477906942368,0.0,0.06957065314054489,0.06950169056653976,0.07138510048389435,-1.0,0.06992512196302414,0.07042499631643295,0.07007580995559692,0.8782608695652174,0.06945764273405075,0.07058615237474442,4587520,0.0,666.5953369140625,0.07037963718175888,0.06974044442176819,1.391373913043479,0.06960244476795197,0.07003004848957062,0.06955402344465256,0.0695047378540039,35,0.06908106058835983,0.07083532214164734,115,101,0.028121185302734376,1870,0.823063313961029,0.07809144029743038,0.3981197476387024,0.2,-0.0022863073309054016,0.0,0.0012697242,0.06995701789855957,31.0276086807251,1e-06,0.1
0.06960239261388779,0.06910327076911926,0.9727891156462585,0.06951429694890976,0.06919747591018677,0.06988058984279633,0.027210884353741496,7561,0.0711117684841156,986.35,624,0.06949751079082489,0.07015378028154373,0.07099731266498566,0.07139209657907486,0.06950090825557709,0.0,0.06958165019750595,0.06952013075351715,0.07139209657907486,-1.0,0.06993767619132996,0.07044191658496857,0.07010407000780106,0.9727891156462585,0.06946896761655807,0.07061222195625305,4718592,0.0,681.2821655273438,0.07039453834295273,0.06975138932466507,1.4033605442176882,0.06963314861059189,0.07003876566886902,0.06957115232944489,0.06952358037233353,36,0.06910327076911926,0.07085651904344559,147,143,0.0311309814453125,1880,0.8887337446212769,0.11462827392097097,0.39870190620422363,0.2,-0.002559799013988595,0.0,0.0013557831,0.06997548788785934,31.021064223349093,1e-06,0.1
0.06962544471025467,0.06911101192235947,0.925,0.06953298300504684,0.0692199170589447,0.06988228857517242,0.075,7560,0.0711187869310379,966.98,641,0.0695185735821724,0.0701637789607048,0.07100880891084671,0.07141456753015518,0.06951804459095001,0.0,0.06959575414657593,0.06952615082263947,0.07141456753015518,-1.0,0.06995855271816254,0.07044929265975952,0.07012861222028732,0.925,0.06948841363191605,0.07063860446214676,4849664,0.0,666.4974365234375,0.07040128856897354,0.0697690024971962,1.403700000000001,0.06965459883213043,0.07005461305379868,0.06958626210689545,0.06955118477344513,37,0.06911101192235947,0.0708736702799797,120,111,0.029865264892578125,1890,0.8776654601097107,0.08824856539431494,0.3856598138809204,0.2,-0.002684503701675567,0.0,0.0013374109,0.06999161094427109,31.014794075489043,1e-06,0.1
0.06965182721614838,0.06912761181592941,0.9121621621621622,0.0695490762591362,0.0692266970872879,0.06991004943847656,0.08783783783783784,7559,0.07113340497016907,959.64,658,0.0695328637957573,0.07017875462770462,0.07102730125188828,0.07142037898302078,0.06954377144575119,0.0,0.06962383538484573,0.06954233348369598,0.07142037898302078,-1.0,0.06997987627983093,0.07047036290168762,0.07014364004135132,0.9121621621621622,0.0695163682103157,0.07066259533166885,4980736,0.0,659.9623413085938,0.07042984664440155,0.06978759914636612,1.3962567567567576,0.06967762112617493,0.07005481421947479,0.06961125135421753,0.0695604532957077,38,0.06912761181592941,0.07088073343038559,148,135,0.03122100830078125,1900,0.9037129878997803,0.10565636916144286,0.4699006974697113,0.2,-0.0027232962090238287,0.0,0.0013761662,0.07000972330570221,31.008760485053063,1e-06,0.1
0.06966875493526459,0.06913848966360092,0.9508196721311475,0.06958037614822388,0.06924577802419662,0.06992623955011368,0.04918032786885246,7556,0.07114642858505249,982.61,676,0.0695447325706482,0.07020372152328491,0.07105019688606262,0.07144679129123688,0.06956096738576889,0.0,0.06965086609125137,0.0695641040802002,0.07144679129123688,-1.0,0.06999646127223969,0.07047462463378906,0.07016105204820633,0.9508196721311475,0.06952869892120361,0.0706726685166359,5111808,0.0,674.388427734375,0.07045577466487885,0.06980589032173157,1.3982459016393454,0.06970416009426117,0.07006849348545074,0.06963782757520676,0.0695820152759552,39,0.06913848966360092,0.07090334594249725,122,116,0.031484222412109374,1910,0.8803421854972839,0.11744929077103734,0.3936171531677246,0.2,-0.0025876003292978566,0.0,0.0013763353,0.07002873718738556,31.00214082300663,1e-06,0.1
0.06967774033546448,0.06915944069623947,0.952054794520548,0.06960778683423996,0.06926704943180084,0.06995715200901031,0.04794520547945205,7552,0.07116744667291641,968.78,694,0.06956395506858826,0.07022220641374588,0.07107486575841904,0.07146142423152924,0.06957810372114182,0.0,0.06966061145067215,0.06959567219018936,0.07146142423152924,-1.0,0.07001066207885742,0.07050198316574097,0.07018660008907318,0.952054794520548,0.0695560947060585,0.07068729400634766,5242880,0.0,670.9061889648438,0.07047516107559204,0.06982053816318512,1.394863013698631,0.06972332298755646,0.07008745521306992,0.06965666264295578,0.06959301978349686,40,0.06915944069623947,0.07092221826314926,146,139,0.03213958740234375,1920,0.8856091499328613,0.08873114291927778,0.4103422164916992,0.2,-0.0025992407187004573,0.0,0.0013762907,0.07004857808351517,30.995193411409854,1e-06,0.1
0.06967999786138535,0.06918320804834366,0.943089430894309,0.06962189078330994,0.06928181648254395,0.06998457759618759,0.056910569105691054,7551,0.07118631899356842,985.19,711,0.0695793628692627,0.07024186104536057,0.07109971344470978,0.07147534936666489,0.06959426403045654,0.0,0.06969257444143295,0.06962445378303528,0.07147534936666489,-1.0,0.07002847641706467,0.0705265998840332,0.0702090784907341,0.943089430894309,0.06958002597093582,0.07070848345756531,5373952,0.0,683.0369262695312,0.07048990577459335,0.06983763724565506,1.396325203252034,0.06974530220031738,0.07010973244905472,0.0696575716137886,0.06960771977901459,41,0.06918320804834366,0.07094205170869827,123,116,0.02734832763671875,1930,0.8722069263458252,0.07276429587072926,0.37084341049194336,0.2,-0.002311304042268603,0.0,0.0012875146,0.07006751745939255,30.988272514939307,1e-06,0.1
0.06969970464706421,0.06919364631175995,0.9782608695652174,0.06964462250471115,0.06930305808782578,0.07000964879989624,0.021739130434782608,7548,0.07121164351701736,981.72,729,0.06959597021341324,0.07025318592786789,0.07112427800893784,0.0714997723698616,0.06960370391607285,0.0,0.06970103085041046,0.0696479082107544,0.0714997723698616,-1.0,0.0700497031211853,0.07055312395095825,0.07022866606712341,0.9782608695652174,0.06960174441337585,0.07073910534381866,5505024,0.0,681.9201049804688,0.07050243765115738,0.06986133009195328,1.3920144927536242,0.06976372748613358,0.0701242983341217,0.06967217475175858,0.06963060796260834,42,0.06919364631175995,0.07095260918140411,138,135,0.02722930908203125,1940,0.7868066430091858,0.09337691878899931,0.41861987113952637,0.2,-0.002244421202067315,0.0,0.0012602089,0.07008670270442963,30.98147687315941,1e-06,0.1
0.06971211731433868,0.0692128837108612,0.967391304347826,0.06965722888708115,0.06932161748409271,0.07001888006925583,0.03260869565217391,7546,0.07124172151088715,1000.0,746,0.0696033388376236,0.07027841359376907,0.07114047557115555,0.0715014711022377,0.0696188434958458,0.0,0.06972383707761765,0.06966551393270493,0.0715014711022377,-1.0,0.07006309926509857,0.07056671380996704,0.07026395201683044,0.967391304347826,0.06962613016366959,0.07077313214540482,5636096,0.0,696.1423950195312,0.07052337378263474,0.06988228857517242,1.386641304347827,0.06978662312030792,0.07013929635286331,0.0696929395198822,0.06964775919914246,43,0.0692128837108612,0.07096091657876968,184,178,0.034174346923828126,1950,0.7163379192352295,0.07851870956365019,0.37289661169052124,0.2,-0.0025677451447336354,0.0,0.0014123006,0.07010491192340851,30.974777272343637,1e-06,0.1
0.06972937285900116,0.06923159956932068,0.9166666666666666,0.06967239081859589,0.06933978199958801,0.07004448771476746,0.08333333333333333,7545,0.07126922905445099,967.39,764,0.0696190744638443,0.07029947638511658,0.07117864489555359,0.0715298131108284,0.06964942067861557,0.0,0.06973414868116379,0.06968441605567932,0.0715298131108284,-1.0,0.07008273154497147,0.07059309631586075,0.07028563320636749,0.9166666666666666,0.06964091956615448,0.07077417522668839,5767168,0.0,670.129638671875,0.07053513824939728,0.06989113986492157,1.389404761904763,0.06980089843273163,0.07014738768339157,0.06969967484474182,0.06966694444417953,44,0.06923159956932068,0.0709858387708664,84,77,0.027974700927734374,1960,0.8488904237747192,0.0834218524134485,0.37975308299064636,0.2,-0.002388036974730312,0.0,0.0013220797,0.07012341171503067,30.968241585791112,1e-06,0.1
0.06974789500236511,0.06924577802419662,0.96045197740113,0.06969327479600906,0.06935779005289078,0.07005991041660309,0.03954802259887006,7527,0.07128144055604935,986.15,783,0.06963851302862167,0.07030656933784485,0.07120475172996521,0.07154354453086853,0.06966594606637955,0.0,0.06976302713155746,0.06970985978841782,0.07154354453086853,-1.0,0.07010622322559357,0.07061481475830078,0.0703139454126358,0.96045197740113,0.06965161114931107,0.07079091668128967,5898240,0.0,686.611083984375,0.07056267559528351,0.06990814954042435,1.3935706214689274,0.06981629133224487,0.07015860825777054,0.0697239562869072,0.069694384932518,45,0.06924577802419662,0.07099614292383194,177,170,0.03205718994140625,1970,0.8579350709915161,0.09982100634952076,0.4125402867794037,0.2,-0.0023680922762878255,0.0,0.0013076183,0.0701422393321991,30.961677940189837,1e-06,0.1
0.06976629048585892,0.06926876306533813,0.9578947368421052,0.06970725208520889,0.06938661634922028,0.07007578015327454,0.042105263157894736,7515,0.071295365691185,986.44,802,0.06966740638017654,0.07033310830593109,0.07123832404613495,0.0715576708316803,0.06966029852628708,0.0,0.06977372616529465,0.06971877068281174,0.0715576708316803,-1.0,0.07011981308460236,0.07062959671020508,0.07032915204763412,0.9578947368421052,0.06966698914766312,0.07081681489944458,6029312,0.0,685.302978515625,0.07057157903909683,0.06991472095251083,1.414084210526317,0.06982597708702087,0.07017707824707031,0.06974222511053085,0.0697159618139267,46,0.06926876306533813,0.07100366055965424,95,91,0.025241851806640625,1980,0.8469295501708984,0.07980197072902229,0.34797388315200806,0.2,-0.002249253036961818,0.0,0.0012737158,0.07015851885080338,30.955362373590468,1e-06,0.1
0.06978565454483032,0.06928922981023788,0.9575757575757575,0.0697266161441803,0.0694027692079544,0.07010089606046677,0.04242424242424243,7506,0.07130850106477737,991.3,820,0.069696344435215,0.07035628706216812,0.0712595209479332,0.07156497240066528,0.06968538463115692,0.0,0.06979250907897949,0.06971777230501175,0.07156497240066528,-1.0,0.07012557983398438,0.07065213471651077,0.07034077495336533,0.9575757575757575,0.06968649476766586,0.07083296030759811,6160384,0.0,687.3886108398438,0.07059852033853531,0.06993024051189423,1.4015030303030314,0.06984199583530426,0.07020482420921326,0.06976374238729477,0.06972683221101761,47,0.06928922981023788,0.0710202232003212,165,158,0.03192977905273438,1990,0.7664033770561218,0.08678353964642156,0.36666589975357056,0.2,-0.002353428819333203,0.0,0.0013377347,0.07017643004655838,30.94928214251995,1e-06,0.1
0.0698111355304718,0.06929762661457062,0.912621359223301,0.06973686814308167,0.06941837072372437,0.07011301070451736,0.08737864077669903,7500,0.07131794095039368,959.42,838,0.06972038000822067,0.0703573226928711,0.07128593325614929,0.07159887999296188,0.06970249861478806,0.0,0.06980246305465698,0.06974427402019501,0.07159887999296188,-1.0,0.07014051824808121,0.0706726685166359,0.07036147266626358,0.912621359223301,0.06969674676656723,0.07083817571401596,6291456,0.0,663.7106323242188,0.07060644775629044,0.06993158906698227,1.397242718446603,0.06987820565700531,0.07023005932569504,0.06978384405374527,0.06975233554840088,48,0.06929762661457062,0.07103656232357025,103,94,0.028655242919921876,2000,0.8794857859611511,0.09698168076574802,0.40017834305763245,0.2,-0.002391016914270949,0.0,0.0012761485,0.07019341737031937,30.943015533685685,1e-06,0.1
0.06982056796550751,0.06932228058576584,0.9506172839506173,0.0697486475110054,0.06944522261619568,0.07013656944036484,0.04938271604938271,7491,0.07134462147951126,983.39,857,0.06973343342542648,0.07035504281520844,0.07130850106477737,0.07162836939096451,0.0697224885225296,0.0,0.06982636451721191,0.06976595520973206,0.07162836939096451,-1.0,0.0701654851436615,0.07069343328475952,0.07038000971078873,0.9506172839506173,0.06971985101699829,0.0708545595407486,6422528,0.0,683.2349853515625,0.0706242099404335,0.06995242089033127,1.3904074074074084,0.06989029049873352,0.07025212794542313,0.06979873031377792,0.06976324319839478,49,0.06932228058576584,0.07105202972888947,162,154,0.033792877197265626,2010,0.8861751556396484,0.0857681908615632,0.38755881786346436,0.2,-0.002598106505956821,0.0,0.0013609548,0.07021217048168182,30.936730575561523,1e-06,0.1
0.06984125077724457,0.0693439170718193,0.9326923076923077,0.06976166367530823,0.06946787238121033,0.07016485184431076,0.0673076923076923,7487,0.07135556638240814,972.85,875,0.06976798921823502,0.070364810526371,0.07133081555366516,0.07164271175861359,0.0697379857301712,0.0,0.06983696669340134,0.06978008151054382,0.07164271175861359,-1.0,0.07017883658409119,0.07072003185749054,0.07039524614810944,0.9326923076923077,0.06974388659000397,0.07086222618818283,6553600,0.0,674.92333984375,0.07064514607191086,0.06996817886829376,1.4088076923076933,0.06991282105445862,0.07027450948953629,0.0698239654302597,0.06977277994155884,50,0.0693439170718193,0.07106854766607285,104,97,0.028338623046875,2020,0.8765828609466553,0.09109359972935635,0.3652443289756775,0.2,-0.0022192939657088573,0.0,0.0013084107,0.07023050636053085,30.93007823675871,1e-06,0.1
0.06985235214233398,0.06936027109622955,0.9512195121951219,0.06977196037769318,0.06948800384998322,0.07016799598932266,0.04878048780487805,7477,0.0713665559887886,986.34,893,0.06977251172065735,0.0703812688589096,0.07135523855686188,0.07166431099176407,0.06976133584976196,0.0,0.06986178457736969,0.06979420781135559,0.07166431099176407,-1.0,0.07019359618425369,0.07074762135744095,0.07041958719491959,0.9512195121951219,0.06975704431533813,0.07086748629808426,6684672,0.0,685.577392578125,0.07065499573945999,0.06999005377292633,1.3977682926829278,0.06993032246828079,0.07028335332870483,0.06984807550907135,0.069786436855793,51,0.06936027109622955,0.07108435779809952,164,156,0.023921966552734375,2030,0.8652322292327881,0.08822390329733025,0.42398855090141296,0.2,-0.002214527276601075,0.0,0.0012044848,0.07024642825126648,30.923994371294974,1e-06,0.1
0.069867342710495,0.06938590854406357,0.8932038834951457,0.06979810446500778,0.06950751692056656,0.07019113749265671,0.10679611650485436,7466,0.07138513773679733,956.76,912,0.06979522109031677,0.0704006478190422,0.07138588279485703,0.07168782502412796,0.06976958364248276,0.0,0.0698910728096962,0.06981789320707321,0.07168782502412796,-1.0,0.07021204382181168,0.07076671719551086,0.07043406367301941,0.8932038834951457,0.06975893676280975,0.07088630646467209,6815744,0.0,661.8605346679688,0.07067373394966125,0.0700063407421112,1.386718446601943,0.06994616240262985,0.07030926644802094,0.06986919790506363,0.06980887055397034,52,0.06938590854406357,0.07109366357326508,103,92,0.0273223876953125,2040,0.8324264287948608,0.11061452702269889,0.5052909851074219,0.2,-0.0022127484490738424,0.0,0.0013126094,0.07026594877243042,30.917740647494792,1e-06,0.1
0.06988564133644104,0.06939389556646347,0.9936305732484076,0.06981860846281052,0.06952755898237228,0.07021324336528778,0.006369426751592357,7460,0.07139567285776138,998.52,931,0.06981547921895981,0.07042092829942703,0.07141312211751938,0.0717025026679039,0.0697818249464035,0.0,0.06990500539541245,0.06982671469449997,0.0717025026679039,-1.0,0.07022570073604584,0.07078500837087631,0.07046246528625488,0.9936305732484076,0.06978098303079605,0.07090581208467484,6946816,0.0,695.4447631835938,0.0706784650683403,0.07002519071102142,1.3991210191082812,0.06996569782495499,0.07033313810825348,0.06988103687763214,0.06983596831560135,53,0.06939389556646347,0.07111305743455887,157,156,0.0291717529296875,2050,0.8636296391487122,0.10411005819332786,0.43793654441833496,0.2,-0.0024554455661927933,0.0,0.0013133346,0.07028371095657349,30.911057864129543,1e-06,0.1
0.06990960240364075,0.06940741837024689,0.9099099099099099,0.06982769817113876,0.06954720616340637,0.0702243447303772,0.09009009009009009,7457,0.07139989733695984,960.07,949,0.06982756406068802,0.07043785601854324,0.07143592089414597,0.07172735035419464,0.06980448961257935,0.0,0.06992148607969284,0.06984876096248627,0.07172735035419464,-1.0,0.07023149728775024,0.07080315798521042,0.0704881027340889,0.9099099099099099,0.06978848576545715,0.07090894132852554,7077888,0.0,667.5106201171875,0.07069592922925949,0.07003358751535416,1.388702702702704,0.0699804276227951,0.07034474611282349,0.06989805400371552,0.06985420733690262,54,0.06940741837024689,0.0711195170879364,111,101,0.026782989501953125,2060,0.8492984175682068,0.048902688274392855,0.35617130994796753,0.2,-0.002192936896562969,0.0,0.0012580433,0.07029864937067032,30.9051664352417,1e-06,0.1
0.06991682201623917,0.06942562013864517,0.9493670886075949,0.06986113637685776,0.06955934315919876,0.07022955268621445,0.05063291139240506,7451,0.07140868157148361,986.29,967,0.06985165923833847,0.07047015428543091,0.0714588537812233,0.0717468336224556,0.06981266289949417,0.0,0.06995180249214172,0.06987782567739487,0.0717468336224556,-1.0,0.07025238126516342,0.07082413882017136,0.07051526755094528,0.9493670886075949,0.06980625540018082,0.07094306498765945,7208960,0.0,684.1642456054688,0.07071379572153091,0.07005492597818375,1.3900759493670898,0.06999285519123077,0.07035160809755325,0.0699135884642601,0.06988363713026047,55,0.06942562013864517,0.07113416492938995,158,150,0.03148651123046875,2070,0.8541946411132812,0.11238540366757661,0.3928180932998657,0.2,-0.0025292775253092257,0.0,0.0013624369,0.07031826674938202,30.899115693569183,1e-06,0.1
0.06992939114570618,0.06943967193365097,0.9454545454545454,0.06987344473600388,0.06956887990236282,0.07025834172964096,0.05454545454545454,7448,0.07142259180545807,987.86,985,0.06985177099704742,0.07048416882753372,0.07148268818855286,0.07178501784801483,0.06983378529548645,0.0,0.06997839361429214,0.06989363580942154,0.07178501784801483,-1.0,0.07027055323123932,0.07083885371685028,0.07053470611572266,0.9454545454545454,0.0698268786072731,0.07096204906702042,7340032,0.0,690.7393798828125,0.07073898613452911,0.07007517665624619,1.3888363636363645,0.0699976310133934,0.0703766718506813,0.0699259415268898,0.06990262120962143,56,0.06943967193365097,0.07114095240831375,110,104,0.02879486083984375,2080,0.9003176093101501,0.08840572460612747,0.37189579010009766,0.2,-0.0024350446365133394,0.0,0.001314674,0.07033570855855942,30.892492350935935,1e-06,0.1
0.0699443444609642,0.06946239620447159,0.9871794871794872,0.069906085729599,0.06957841664552689,0.07028638571500778,0.01282051282051282,7440,0.07143643498420715,988.75,1004,0.06986616551876068,0.07050777226686478,0.07150152325630188,0.07181749492883682,0.06985991448163986,0.0,0.06999387592077255,0.06991101801395416,0.07181749492883682,-1.0,0.07029403001070023,0.07086578011512756,0.07056476175785065,0.9871794871794872,0.06985052675008774,0.07098546624183655,7471104,0.0,687.8439331054688,0.07075808197259903,0.07009577751159668,1.3777435897435908,0.07001403719186783,0.0704001784324646,0.06994885206222534,0.06992462277412415,57,0.06946239620447159,0.07115340232849121,156,154,0.025052642822265624,2090,0.8447868824005127,0.06947696093993727,0.3574008643627167,0.2,-0.0022794017772412188,0.0,0.001223152,0.07035709172487259,30.88562101125717,1e-06,0.1
0.06994908303022385,0.0694781094789505,0.9099099099099099,0.06991595029830933,0.06959231942892075,0.07030241191387177,0.09009009009009009,7433,0.07145339995622635,968.87,1022,0.06988898664712906,0.07051778584718704,0.07151717692613602,0.07182896882295609,0.06987680494785309,0.0,0.07002335041761398,0.0699276402592659,0.07182896882295609,-1.0,0.07031134516000748,0.07088210433721542,0.07058544456958771,0.9099099099099099,0.06985790282487869,0.07100801169872284,7602176,0.0,671.7982788085938,0.0707661435008049,0.07010252773761749,1.402432432432433,0.07003377377986908,0.07041219621896744,0.0699571892619133,0.06993424147367477,58,0.0694781094789505,0.07117307931184769,111,101,0.029775238037109374,2100,0.7825857400894165,0.05652929693169426,0.3409735858440399,0.2,-0.0024079949599581595,0.0,0.0013046244,0.0703718438744545,30.87915302813053,1e-06,0.1
0.06996197253465652,0.06948728859424591,0.9539473684210527,0.06994004547595978,0.06960900127887726,0.07030972093343735,0.046052631578947366,7428,0.07147429138422012,980.91,1041,0.06989867240190506,0.07053813338279724,0.07153242081403732,0.07185289263725281,0.06988395750522614,0.0,0.07004395872354507,0.06994090974330902,0.07185289263725281,-1.0,0.07033493369817734,0.07089543342590332,0.07060348242521286,0.9539473684210527,0.06986667960882187,0.07101820409297943,7733248,0.0,683.9676513671875,0.0707838162779808,0.07011660188436508,1.4027105263157906,0.07004990428686142,0.07043374329805374,0.06998337805271149,0.06996024399995804,59,0.06948728859424591,0.07119526714086533,152,145,0.029758453369140625,2110,0.8728065490722656,0.10871845792862586,0.5095797777175903,0.2,-0.0024619944847472652,0.0,0.0013028653,0.07038859277963638,30.873644280433655,1e-06,0.1
0.06998411566019058,0.06950553506612778,0.9646017699115044,0.06995003670454025,0.06962285935878754,0.0703272745013237,0.035398230088495575,7424,0.07148376107215881,995.3,1059,0.06992795318365097,0.07055158913135529,0.07155788689851761,0.07187934964895248,0.06990747153759003,0.0,0.0700613260269165,0.06996113806962967,0.07187934964895248,-1.0,0.07035217434167862,0.07090868800878525,0.07062943279743195,0.9646017699115044,0.06989123672246933,0.07104946672916412,7864320,0.0,692.5127563476562,0.07081325352191925,0.07013203948736191,1.3943716814159302,0.0700598731637001,0.07046083360910416,0.07000275701284409,0.06997275352478027,60,0.06950553506612778,0.07121577113866806,113,109,0.03018341064453125,2120,0.8472862243652344,0.08803751294617541,0.3521571159362793,0.2,-0.0023260770696651887,0.0,0.0013449113,0.07040835171937943,30.867075763642788,1e-06,0.1
0.06999155879020691,0.0695287212729454,0.959731543624161,0.06995712220668793,0.06964372843503952,0.07035566866397858,0.040268456375838924,7420,0.07150275260210037,986.01,1077,0.06994649767875671,0.07056580483913422,0.07156891375780106,0.0718938484787941,0.06992047280073166,0.0,0.07007315754890442,0.06997667253017426,0.0718938484787941,-1.0,0.07036776095628738,0.07092500478029251,0.07064743340015411,0.959731543624161,0.0699208676815033,0.0710633248090744,7995392,0.0,688.60302734375,0.07083521783351898,0.07015597075223923,1.4108590604026854,0.07006747275590897,0.07047372311353683,0.07001662254333496,0.06999165564775467,61,0.0695287212729454,0.0712355226278305,149,143,0.031005096435546876,2130,0.8680897355079651,0.06594493947632145,0.3796437978744507,0.2,-0.002548292231222149,0.0,0.0013169416,0.07042502611875534,30.860586789250373,1e-06,0.1
0.0700029507279396,0.06955260783433914,0.926829268292683,0.06997089833021164,0.0696549043059349,0.07037495821714401,0.07317073170731707,7416,0.07152548432350159,976.02,1095,0.0699697807431221,0.07058928161859512,0.07157678157091141,0.07190130650997162,0.06992455571889877,0.0,0.07009146362543106,0.06999048590660095,0.07190130650997162,-1.0,0.07039801776409149,0.07093988358974457,0.07067401707172394,0.926829268292683,0.06995245069265366,0.07109423726797104,8126464,0.0,682.3632202148438,0.0708543211221695,0.07018054276704788,1.4076747967479684,0.07006334513425827,0.07048042118549347,0.07003868371248245,0.0699986144900322,62,0.06955260783433914,0.07125755399465561,123,114,0.02683868408203125,2140,0.871296763420105,0.0891566077596508,0.380775511264801,0.2,-0.0023088743053449436,0.0,0.001283058,0.07044229656457901,30.854610304534436,1e-06,0.1
0.07001747936010361,0.0695674866437912,0.950354609929078,0.0699901357293129,0.06968379020690918,0.07038664072751999,0.04964539007092199,7411,0.07154873013496399,996.71,1114,0.06998753547668457,0.07060159742832184,0.07160253077745438,0.07191538065671921,0.0699448436498642,0.0,0.07011162489652634,0.07000866532325745,0.07191538065671921,-1.0,0.07042495906352997,0.0709596797823906,0.0706794410943985,0.950354609929078,0.06996732950210571,0.07111666351556778,8257536,0.0,695.493408203125,0.07087946683168411,0.07020030915737152,1.3833617021276603,0.07007419317960739,0.07050850987434387,0.07005486637353897,0.07000879943370819,63,0.0695674866437912,0.0712849423289299,141,134,0.027504730224609374,2150,0.8638836145401001,0.10173607131291647,0.4092220067977905,0.2,-0.002365195160564326,0.0,0.0013051382,0.07046102732419968,30.848236799240112,1e-06,0.1
0.07004430890083313,0.06959182024002075,0.96,0.07001090049743652,0.06970617175102234,0.07042574882507324,0.04,7406,0.07157514244318008,984.21,1132,0.07002343237400055,0.07060770690441132,0.07162737846374512,0.07194052636623383,0.06995805352926254,0.0,0.07012509554624557,0.0700259730219841,0.07194052636623383,-1.0,0.07044187188148499,0.07096177339553833,0.07069773226976395,0.96,0.06997793912887573,0.07112529873847961,8388608,0.0,686.3546142578125,0.07090603560209274,0.0702277272939682,1.404816000000001,0.07009163498878479,0.07053754478693008,0.07006765902042389,0.07002216577529907,64,0.06959182024002075,0.07130857557058334,125,120,0.03214950561523437,2160,0.8756612539291382,0.08370963868073886,0.39824146032333374,0.2,-0.0026690489704833454,0.0,0.0013600425,0.07048112899065018,30.841377913951874,1e-06,0.1
0.0700652003288269,0.069613017141819,0.9782608695652174,0.07002615928649902,0.06970731914043427,0.0704517811536789,0.021739130434782608,7403,0.07159483432769775,998.85,1150,0.0700443908572197,0.07061370462179184,0.07164601236581802,0.07195916771888733,0.06998041272163391,0.0,0.07015027850866318,0.07003804296255112,0.07195916771888733,-1.0,0.07045802474021912,0.07098617404699326,0.07072065770626068,0.9782608695652174,0.07000046968460083,0.07113270461559296,8519680,0.0,696.3370361328125,0.07091935724020004,0.07025329768657684,1.3852463768115952,0.07012518495321274,0.07055515795946121,0.07008234411478043,0.07004046440124512,65,0.069613017141819,0.07132244855165482,138,135,0.028501129150390624,2170,0.7911515235900879,0.09766703895293176,0.44749754667282104,0.2,-0.002554749200544393,0.0,0.0013179625,0.07049945741891861,30.83455488830805,1e-06,0.1
0.07007888704538345,0.06964261084794998,0.953125,0.07003755867481232,0.06973595917224884,0.07046009600162506,0.046875,7401,0.07162119448184967,983.95,1168,0.07006251066923141,0.07063015550374985,0.07166736572980881,0.07198648899793625,0.07000308483839035,0.0,0.07016552239656448,0.0700603723526001,0.07198648899793625,-1.0,0.07047983258962631,0.07100178301334381,0.07074560225009918,0.953125,0.07000861316919327,0.0711413100361824,8650752,0.0,685.3650512695312,0.07095122337341309,0.07028404623270035,1.4042812500000013,0.07014048099517822,0.07056255638599396,0.07009866833686829,0.07006939500570297,66,0.06964261084794998,0.07134932279586792,128,122,0.0276611328125,2180,0.8472966551780701,0.06385819521528902,0.35479211807250977,0.2,-0.0022375446113983345,0.0,0.0013177746,0.07051938772201538,30.827750290930272,1e-06,0.1
0.07009808719158173,0.0696592852473259,0.9416058394160584,0.07005083560943604,0.06975376605987549,0.07047649472951889,0.058394160583941604,7399,0.07164151966571808,989.29,1186,0.07006951421499252,0.07065849751234055,0.07168896496295929,0.07200523465871811,0.07002189755439758,0.0,0.07017800211906433,0.07008010149002075,0.07200523465871811,-1.0,0.07049437612295151,0.07101969420909882,0.07075153291225433,0.9416058394160584,0.07002527266740799,0.07116539776325226,8781824,0.0,690.5689086914062,0.07096781581640244,0.07031308859586716,1.386204379562045,0.07015328854322433,0.07056862860918045,0.07011503726243973,0.07007860392332077,67,0.0696592852473259,0.07137465476989746,137,129,0.03028106689453125,2190,0.8683492541313171,0.07574217898072674,0.35657915472984314,0.2,-0.002503427727901908,0.0,0.0013448488,0.07053638249635696,30.821201491355897,1e-06,0.1
0.07010970264673233,0.06968727707862854,0.9765625,0.07006857544183731,0.0697774663567543,0.07048413902521133,0.0234375,7396,0.07165728509426117,999.12,1204,0.07008709013462067,0.07068763673305511,0.07170457392930984,0.07202990353107452,0.0700429379940033,0.0,0.07019627094268799,0.07009507715702057,0.07202990353107452,-1.0,0.0705169290304184,0.07102949917316437,0.07077676057815552,0.9765625,0.07004354149103165,0.0711730346083641,8912896,0.0,700.3218994140625,0.07098975032567978,0.07033085823059082,1.397250000000001,0.07016227394342422,0.07058821618556976,0.07013031095266342,0.07009246945381165,68,0.06968727707862854,0.07139556854963303,128,125,0.031903076171875,2200,0.8559126853942871,0.10268881475785747,0.4603019952774048,0.2,-0.002545947066755616,0.0,0.0014052223,0.07055428624153137,30.815053871273996,1e-06,0.1
0.07012169063091278,0.06971010565757751,0.9708029197080292,0.07008204609155655,0.06980551034212112,0.07050872594118118,0.029197080291970802,7395,0.07166934758424759,985.74,1222,0.07010560482740402,0.07072065770626068,0.07171664386987686,0.07204120606184006,0.07005442678928375,0.0,0.07020635157823563,0.07011157274246216,0.07204120606184006,-1.0,0.07053371518850327,0.07104171067476273,0.07078953087329865,0.9708029197080292,0.07006236165761948,0.07118837535381317,9043968,0.0,690.7256469726562,0.0709942877292633,0.07035273313522339,1.4054452554744534,0.07018924504518509,0.0705970898270607,0.0701432079076767,0.07010582089424133,69,0.06971010565757751,0.07141394168138504,137,133,0.028055572509765626,2210,0.8532796502113342,0.044387855431705245,0.3462983965873718,0.2,-0.0022677744489556064,0.0,0.0012442451,0.07057063281536102,30.808888690173625,1e-06,0.1
0.0701349601149559,0.06972942501306534,0.9307692307692308,0.07009576261043549,0.0698215663433075,0.07052674889564514,0.06923076923076923,7393,0.07169032096862793,971.68,1240,0.07012362778186798,0.07074242830276489,0.07173800468444824,0.07205384969711304,0.0700596421957016,0.0,0.07021426409482956,0.07011685520410538,0.07205384969711304,-1.0,0.0705571249127388,0.07106637954711914,0.07080317288637161,0.9307692307692308,0.07006693631410599,0.07120585441589355,9175040,0.0,680.9696044921875,0.071017324924469,0.07036814838647842,1.4014153846153856,0.07019884884357452,0.07061617821455002,0.07017268240451813,0.07013256847858429,70,0.06972942501306534,0.07142456620931625,130,121,0.031180572509765626,2220,0.8591004014015198,0.07555687600979581,0.4037206768989563,0.2,-0.002554578076615144,0.0,0.0013298171,0.07058709114789963,30.803213076293467,1e-06,0.1
0.07014629989862442,0.06973928213119507,0.9393939393939394,0.0701097697019577,0.06983520090579987,0.07053984701633453,0.06060606060606061,7390,0.0717037171125412,989.21,1259,0.07013922929763794,0.07075826823711395,0.07176695019006729,0.07207231968641281,0.07009384036064148,0.0,0.07023953646421432,0.07012446224689484,0.07207231968641281,-1.0,0.07058560848236084,0.07107271254062653,0.07081831991672516,0.9393939393939394,0.07007948309183121,0.0712142288684845,9306112,0.0,690.6649780273438,0.07103490084409714,0.0703834816813469,1.3920909090909102,0.07022074609994888,0.07063960283994675,0.07018671929836273,0.07014130055904388,71,0.06973928213119507,0.0714486613869667,132,124,0.031156158447265624,2230,0.8936774134635925,0.09270634911372326,0.38135623931884766,0.2,-0.002643266890117957,0.0,0.0013372875,0.07060378044843674,30.79730103760958,1e-06,0.1
0.07015269249677658,0.06974932551383972,0.9481481481481482,0.07012560218572617,0.0698653981089592,0.0705433338880539,0.05185185185185185,7386,0.07172909379005432,974.19,1277,0.07016588747501373,0.07077842950820923,0.07179592549800873,0.07209691405296326,0.07012071460485458,0.0,0.07026820629835129,0.07014064490795135,0.07209691405296326,-1.0,0.07061151415109634,0.07109048962593079,0.0708489716053009,0.9481481481481482,0.07010248303413391,0.07123168557882309,9437184,0.0,677.65380859375,0.07105353474617004,0.07041602581739426,1.4069481481481492,0.07024380564689636,0.07065693289041519,0.07021689414978027,0.07015255838632584,72,0.06974932551383972,0.07147610932588577,135,128,0.032550048828125,2240,0.8931764364242554,0.10291782528802287,0.4091593325138092,0.2,-0.0027418470052452903,0.0,0.0013525262,0.07062533497810364,30.79051434546709,1e-06,0.1
0.07015886157751083,0.06976840645074844,0.9389312977099237,0.07014559954404831,0.06987999379634857,0.07056134939193726,0.061068702290076333,7385,0.0717509537935257,994.31,1295,0.07018326967954636,0.0708087906241417,0.0718170627951622,0.07212125509977341,0.0701373890042305,0.0,0.07029015570878983,0.07014886289834976,0.07212125509977341,-1.0,0.07063089311122894,0.07110844552516937,0.07087485492229462,0.9389312977099237,0.07011503726243973,0.07126307487487793,9568256,0.0,696.23876953125,0.07106442749500275,0.07043887674808502,1.3994656488549626,0.07026397436857224,0.07067364454269409,0.0702349990606308,0.07018004357814789,73,0.06976840645074844,0.07150408625602722,131,123,0.03013763427734375,2250,0.8714945316314697,0.1153573542193044,0.4356866478919983,0.2,-0.0026539234977235537,0.0,0.0013321707,0.07064496725797653,30.7832661062479,1e-06,0.1
0.07018007338047028,0.06979276239871979,0.9496402877697842,0.07017015665769577,0.06988900154829025,0.07057731598615646,0.050359712230215826,7383,0.07176996022462845,988.76,1313,0.07020526379346848,0.07082900404930115,0.07184748351573944,0.07213351875543594,0.07014890760183334,0.0,0.07030876725912094,0.07017286121845245,0.07213351875543594,-1.0,0.07065767794847488,0.07113004475831985,0.07089227437973022,0.9496402877697842,0.07013183832168579,0.0712708905339241,9699328,0.0,691.46630859375,0.07107437402009964,0.070452481508255,1.3977985611510801,0.0702790841460228,0.07070142030715942,0.07024797052145004,0.07019504904747009,74,0.06979276239871979,0.07152960449457169,139,132,0.027973175048828125,2260,0.9068859219551086,0.08708832303527743,0.39403629302978516,0.2,-0.002523750340424158,0.0,0.0012905404,0.07066351175308228,30.776424756646158,1e-06,0.1
0.07021105289459229,0.06981434673070908,0.9538461538461539,0.07018852233886719,0.06990122050046921,0.0706009790301323,0.046153846153846156,7382,0.07179799675941467,983.08,1331,0.0702085942029953,0.07084716111421585,0.07186341285705566,0.07214557379484177,0.07015809416770935,0.0,0.0703248381614685,0.07018914818763733,0.07214557379484177,-1.0,0.07067696750164032,0.07115906476974487,0.07091903686523438,0.9538461538461539,0.07015078514814377,0.07127680629491806,9830400,0.0,686.6387329101562,0.07108800113201141,0.07048091292381287,1.3901384615384629,0.07030103355646133,0.07071234285831451,0.070270836353302,0.07019975781440735,75,0.06981434673070908,0.07154546678066254,130,124,0.02541656494140625,2270,0.8814972639083862,0.08449565055780113,0.3674003481864929,0.2,-0.002454935538276004,0.0,0.0012658003,0.07068127393722534,30.770100031793117,1e-06,0.1
0.07023395597934723,0.0698283463716507,0.9481481481481482,0.07019642740488052,0.06992757320404053,0.07061969488859177,0.05185185185185185,7381,0.0718245655298233,985.04,1349,0.07022438198328018,0.07086986303329468,0.07189791649580002,0.07216310501098633,0.07017405331134796,0.0,0.07034061849117279,0.0702110007405281,0.07216310501098633,-1.0,0.07069764286279678,0.07117833942174911,0.0709368959069252,0.9481481481481482,0.07017982751131058,0.07129810005426407,9961472,0.0,691.0677490234375,0.07110610604286194,0.07050270587205887,1.3902518518518532,0.07031047344207764,0.07072610408067703,0.0702856034040451,0.0702146664261818,76,0.0698283463716507,0.07156232744455338,135,128,0.031021881103515624,2280,0.8749784231185913,0.09180487342528068,0.40652480721473694,0.2,-0.0026683318568757387,0.0,0.001350228,0.07070042192935944,30.763489457964898,1e-06,0.1
0.07024659961462021,0.06985130906105042,0.9618320610687023,0.07022449374198914,0.06994953006505966,0.07063347101211548,0.03816793893129771,7378,0.07184292376041412,977.96,1367,0.07024179399013519,0.0708887055516243,0.07192371785640717,0.0721854418516159,0.07019771635532379,0.0,0.07036024332046509,0.07023266702890396,0.0721854418516159,-1.0,0.0707264095544815,0.07119465619325638,0.07095742970705032,0.9618320610687023,0.07020725309848785,0.07132112234830856,10092544,0.0,689.2471923828125,0.07111836224794388,0.07052072882652283,1.402259541984734,0.07032153755426407,0.0707462877035141,0.07032296061515808,0.07024579495191574,77,0.06985130906105042,0.07157944142818451,131,126,0.03296051025390625,2290,0.8818414807319641,0.07905023909115698,0.3749740719795227,0.2,-0.0027024086072742646,0.0,0.0013823083,0.07072161883115768,30.75643456578255,1e-06,0.1
