rollout/ep_rew_mean,rollout/ep_len_mean,time/total_timesteps,time/iterations,time/fps,time/time_elapsed,train/clip_fraction,train/clip_range,train/approx_kl,train/adaptive_lr,train/value_loss,train/clip_range_vf,train/n_updates,train/std,train/loss,train/entropy_loss,train/learning_rate,train/explained_variance,train/policy_gradient_loss
17.13483238220215,380.54,131072,1,2719,48,,,,,,,,,,,,,
17.850440979003906,365.66,262144,2,2254,116,0.07381973266601563,0.1,0.0018525755,1.5000000000000002e-05,2.128431949578226,0.2,3070,0.0970175564289093,2.1353538036346436,22.87969405353069,1e-05,0.6564676761627197,-0.006721497576745605
18.825782775878906,366.27,393216,3,2097,187,0.104449462890625,0.1,0.0023075857,2.2500000000000005e-05,3.3142007388174535,0.2,3080,0.09726575762033463,3.4349958896636963,22.81353354305029,1.5000000000000002e-05,0.575049638748169,-0.0042156903597060594
18.577829360961914,368.02,524288,4,2029,258,0.14272842407226563,0.1,0.0030418066,3.375000000000001e-05,2.611910600960255,0.2,3090,0.09761524945497513,2.8040082454681396,22.730872310698032,2.2500000000000005e-05,0.6259357929229736,-0.006320667449108442
16.925151824951172,333.48,655360,5,1985,330,0.19302291870117189,0.1,0.004141735,5e-05,2.3855399334803224,0.2,3100,0.0979374498128891,2.8513200283050537,22.639542067050932,3.375000000000001e-05,0.7046830654144287,-0.0060650649304079705
17.35015106201172,336.46,786432,6,1959,401,0.2645576477050781,0.1,0.0057732896,5e-05,2.4582490355707707,0.2,3110,0.09831824898719788,2.833090305328369,22.53992827683687,5e-05,0.684951663017273,-0.0042032254749756245
19.957582473754883,393.96,917504,7,1942,472,0.2644004821777344,0.1,0.0054259533,5e-05,2.3468676653690634,0.2,3120,0.0986613854765892,2.8448266983032227,22.452787087857722,5e-05,0.7154031991958618,-0.0028101208536099875
19.934541702270508,403.52,1048576,8,1932,542,0.2616737365722656,0.1,0.005719714,5e-05,1.6133288216777146,0.2,3130,0.09901855140924454,1.8454316854476929,22.361661386489867,5e-05,0.7528367042541504,-0.004202572461781529
18.019634246826172,366.76,1179648,9,1920,614,0.2696319580078125,0.1,0.005676713,5e-05,1.587593951076269,0.2,3140,0.09933765232563019,1.6267330646514893,22.279267039895057,5e-05,0.7684990763664246,-0.0037310435825929746
18.629446029663086,368.19,1310720,10,1907,687,0.26812896728515623,0.1,0.0059278877,5e-05,1.5095069881528616,0.2,3150,0.0996757224202156,1.6769790649414062,22.195427317917346,5e-05,0.8067246675491333,-0.004611947028706709
17.115867614746094,346.59,1441792,11,1894,761,0.2714271545410156,0.1,0.005691874,5e-05,1.5243927277624607,0.2,3160,0.10002449154853821,1.4557026624679565,22.106100292503832,5e-05,0.7975021600723267,-0.003703717690359554
18.633333206176758,361.97,1572864,12,1891,831,0.2710227966308594,0.1,0.005701514,5e-05,1.4309998731128872,0.2,3170,0.10035410523414612,1.7329750061035156,22.02427412569523,5e-05,0.8240723013877869,-0.0034387512850116765
18.265869140625,358.08,1703936,13,1888,902,0.27520065307617186,0.1,0.0055714473,5e-05,1.3954010726884007,0.2,3180,0.10071373730897903,1.551008701324463,21.93736339509487,5e-05,0.8072435259819031,-0.0030295591469439386
19.073524475097656,364.72,1835008,14,1886,972,0.26735763549804686,0.1,0.005389824,5e-05,1.39051248668693,0.2,3190,0.10106012225151062,1.7489426136016846,21.84829102009535,5e-05,0.8070577383041382,-0.0018657965458714898
17.925148010253906,356.17,1966080,15,1885,1042,0.27266921997070315,0.1,0.0053095305,5e-05,1.3502359400969,0.2,3200,0.1014166921377182,1.550604224205017,21.762416191399097,5e-05,0.8101571202278137,-0.0009750163149874425
17.90164566040039,348.51,2097152,16,1884,1112,0.2726264953613281,0.1,0.005370925,5e-05,1.4617437341250479,0.2,3210,0.1017196923494339,1.72867751121521,21.68482298851013,5e-05,0.8158248662948608,-0.0008432067026660662
17.595468521118164,345.79,2228224,17,1883,1182,0.2762290954589844,0.1,0.005349247,5e-05,1.4119941584765912,0.2,3220,0.10205285251140594,1.595468282699585,21.60462472885847,5e-05,0.7949973344802856,-0.0005138657042152772
17.781770706176758,357.68,2359296,18,1883,1252,0.2796897888183594,0.1,0.0054799407,5e-05,1.3317875176668168,0.2,3230,0.10241669416427612,1.576075553894043,21.517462262511252,5e-05,0.834351658821106,-0.0008161345323060232
18.664453506469727,362.45,2490368,19,1883,1321,0.27192153930664065,0.1,0.0053691184,5e-05,1.2517179184593261,0.2,3240,0.10270193219184875,1.442122459411621,21.444951851665973,5e-05,0.8227827548980713,-0.00035633403658721365
17.522241592407227,343.97,2621440,20,1884,1390,0.2818107604980469,0.1,0.0054924074,5e-05,1.2293623021803797,0.2,3250,0.10305275022983551,1.272937297821045,21.3621562987566,5e-05,0.8150085210800171,-0.00017821885703597217
17.523359298706055,342.61,2752512,21,1886,1459,0.2769500732421875,0.1,0.0052975705,5e-05,1.2584949396550655,0.2,3260,0.10338839888572693,1.445557713508606,21.280327880382536,5e-05,0.8146471381187439,-0.00022250978549891441
18.07994842529297,358.16,2883584,22,1887,1527,0.2793182373046875,0.1,0.0054999646,5e-05,1.2319843591190875,0.2,3270,0.1037352979183197,1.3025062084197998,21.198533080518246,5e-05,0.8265117406845093,-0.0002047056141691428
16.878347396850586,331.42,3014656,23,1887,1597,0.28195877075195314,0.1,0.0055055004,5e-05,1.1401926562655718,0.2,3280,0.10408034175634384,1.294220209121704,21.114672787487507,5e-05,0.8312051892280579,-0.0005522574342649023
16.993724822998047,345.23,3145728,24,1887,1666,0.2793418884277344,0.1,0.005206506,5e-05,1.2320628555491566,0.2,3290,0.1044282615184784,1.6389000415802002,21.031097772717477,5e-05,0.823397159576416,-1.954399067471968e-07
16.277183532714844,321.76,3276800,25,1888,1735,0.27623519897460935,0.1,0.0053066644,5e-05,1.1985253820195794,0.2,3300,0.10472699254751205,1.3823271989822388,20.956986628472805,5e-05,0.8350168466567993,-0.0003447101727942936
17.035709381103516,340.44,3407872,26,1888,1804,0.2788665771484375,0.1,0.0055043385,5e-05,1.1484709586016835,0.2,3310,0.10506340861320496,1.358917474746704,20.87916196286678,5e-05,0.8385007381439209,-0.00048359273923779254
16.779922485351562,335.56,3538944,27,1885,1876,0.28174667358398436,0.1,0.005517032,5e-05,1.1235919456463308,0.2,3320,0.10541805624961853,1.2338776588439941,20.79566898345947,5e-05,0.8450169563293457,-0.0002691156902528746
17.719667434692383,362.79,3670016,28,1886,1945,0.28088531494140623,0.1,0.005470015,5e-05,1.1453227131161838,0.2,3330,0.10578279197216034,1.388231635093689,20.71061493605375,5e-05,0.8406530618667603,-0.0005978183268780413
17.427427291870117,362.81,3801088,29,1887,2013,0.28354644775390625,0.1,0.0056366995,5e-05,1.1298876356799155,0.2,3340,0.1061532199382782,1.2515513896942139,20.623388826847076,5e-05,0.849619448184967,-0.0006014639523073129
17.299848556518555,364.79,3932160,30,1888,2082,0.28108062744140627,0.1,0.0056217387,5e-05,1.0482264136895538,0.2,3350,0.10650309920310974,1.2660447359085083,20.54047191888094,5e-05,0.854844868183136,-0.00041689695822242354
16.788883209228516,359.36,4063232,31,1888,2151,0.28518218994140626,0.1,0.0055874144,5e-05,1.0402112260926515,0.2,3360,0.1068706065416336,1.1143304109573364,20.455656130611896,5e-05,0.8700767755508423,-0.0005080558151803416
16.07958221435547,336.93,4194304,32,1888,2221,0.2820152282714844,0.1,0.0055770837,5e-05,0.9562896257266402,0.2,3370,0.10720665007829666,1.236875057220459,20.373945336043835,5e-05,0.8774420022964478,-0.0007056978650780366
17.284637451171875,362.47,4325376,33,1888,2290,0.28008041381835935,0.1,0.0054340465,5e-05,1.0000421055126936,0.2,3380,0.10758920758962631,1.0795036554336548,20.286055672168732,5e-05,0.8655054569244385,-0.0005128684103056002
18.711851119995117,387.88,4456448,34,1888,2360,0.27554779052734374,0.1,0.0053872922,5e-05,1.0392075976356865,0.2,3390,0.10791166126728058,1.2165957689285278,20.209982718527318,5e-05,0.8578103184700012,-0.0003239270317408227
19.003273010253906,389.56,4587520,35,1889,2428,0.27769775390625,0.1,0.0053643184,5e-05,0.9627195361535996,0.2,3400,0.10826706141233444,1.293075680732727,20.129635919630527,5e-05,0.8594904541969299,-0.0005333267674814124
19.040237426757812,396.48,4718592,36,1888,2498,0.27619171142578125,0.1,0.0053363135,5e-05,0.997195600811392,0.2,3410,0.10860879719257355,1.2901078462600708,20.048182970285417,5e-05,0.8506749868392944,-0.00024118287810779294
18.287511825561523,384.69,4849664,37,1889,2567,0.2806053161621094,0.1,0.0057363147,5e-05,0.9803418503142893,0.2,3420,0.10901747643947601,1.0457404851913452,19.959589198231697,5e-05,0.8542830944061279,-0.0004877253415997984
18.305212020874023,388.86,4980736,38,1889,2635,0.27326812744140627,0.1,0.005323601,5e-05,1.028856251668185,0.2,3430,0.10938824713230133,1.2125239372253418,19.872682081162928,5e-05,0.8529024720191956,-0.00020536918286779838
18.48688316345215,392.23,5111808,39,1890,2704,0.27928695678710935,0.1,0.0055282936,5e-05,1.0092826501466334,0.2,3440,0.10976611822843552,1.2117738723754883,19.788183291256427,5e-05,0.8670364618301392,-0.0003517503593684523
18.197397232055664,390.22,5242880,40,1890,2773,0.27729339599609376,0.1,0.005537166,5e-05,0.9863289712462574,0.2,3450,0.11015567928552628,1.3501029014587402,19.697843596339226,5e-05,0.8596752285957336,-0.00042354881238679807
18.934850692749023,402.7,5373952,41,1890,2842,0.27341766357421876,0.1,0.005533157,5e-05,1.0336016105487942,0.2,3460,0.11053323745727539,1.1495099067687988,19.611865201592444,5e-05,0.8605920076370239,-0.000240026921073877
18.772645950317383,390.01,5505024,42,1891,2911,0.2718055725097656,0.1,0.005348296,5e-05,0.9873844591900707,0.2,3470,0.11088520288467407,1.1996560096740723,19.53003128170967,5e-05,0.8567293286323547,-0.0003356284236815554
18.519556045532227,380.32,5636096,43,1891,2979,0.27611770629882815,0.1,0.005346285,5e-05,1.0555597790982574,0.2,3480,0.11130639910697937,1.1571283340454102,19.440980011224745,5e-05,0.8503159880638123,-8.934207736501775e-05
18.136083602905273,371.63,5767168,44,1891,3048,0.2726158142089844,0.1,0.005216676,5e-05,1.1226951915305108,0.2,3490,0.11170561611652374,1.3242413997650146,19.34906382113695,5e-05,0.8358973860740662,6.234047168618417e-05
16.84002685546875,341.28,5898240,45,1891,3117,0.27096023559570315,0.1,0.005231826,5e-05,1.1364165489096194,0.2,3500,0.11210095137357712,1.4252548217773438,19.261968751251697,5e-05,0.8296700716018677,0.000115515396646515
17.735248565673828,358.36,6029312,46,1891,3187,0.26682205200195314,0.1,0.005071324,5e-05,1.2139413569122552,0.2,3510,0.11245342344045639,1.4533426761627197,19.18096007555723,5e-05,0.8057389259338379,0.00017815854512264194
16.39789581298828,335.21,6160384,47,1890,3258,0.2639472961425781,0.1,0.005042845,5e-05,1.1697885744273662,0.2,3520,0.11280541121959686,1.3907424211502075,19.105317133665086,5e-05,0.8149394392967224,0.00012009787878923817
16.1724853515625,327.35,6291456,48,1889,3329,0.26756973266601564,0.1,0.0050564716,5e-05,1.2216957904398442,0.2,3530,0.11319778114557266,1.3308677673339844,19.019175224006176,5e-05,0.7968897819519043,-8.388663541154528e-05
15.14600944519043,312.08,6422528,49,1889,3399,0.2627540588378906,0.1,0.0049310667,5e-05,1.1907990245148539,0.2,3540,0.11357560753822327,1.2586909532546997,18.93436828106642,5e-05,0.7927919626235962,-0.00014009911074026605
14.925206184387207,317.26,6553600,50,1888,3469,0.2622222900390625,0.1,0.004766861,5e-05,1.1924600929021836,0.2,3550,0.11397793889045715,1.2036153078079224,18.846331816911697,5e-05,0.8042154908180237,-0.00022555409213964595
15.142987251281738,317.61,6684672,51,1888,3540,0.26102218627929685,0.1,0.0049202237,5e-05,1.0641463159583509,0.2,3560,0.11434125155210495,1.212085485458374,18.764783491194247,5e-05,0.8335767388343811,-0.00024564551181356365
15.430522918701172,333.33,6815744,52,1887,3610,0.2627113342285156,0.1,0.004980076,5e-05,0.9774398969020694,0.2,3570,0.11470532417297363,1.0793285369873047,18.685449439287186,5e-05,0.8525466918945312,-0.0005277397464851675
16.107135772705078,345.93,6946816,53,1887,3681,0.2639778137207031,0.1,0.005140708,5e-05,0.8748832727316767,0.2,3580,0.11509817093610764,0.9579768180847168,18.602321022748946,5e-05,0.8659963011741638,-0.0005939053313568365
17.427474975585938,370.47,7077888,54,1886,3752,0.2607666015625,0.1,0.0051187756,5e-05,0.9133621444460005,0.2,3590,0.11550185829401016,1.0309805870056152,18.51756786108017,5e-05,0.8589338660240173,-0.0004152786231770733
16.861936569213867,359.3,7208960,55,1885,3822,0.2631538391113281,0.1,0.005006034,5e-05,0.8149477531667799,0.2,3600,0.1158786416053772,0.8996995687484741,18.43165265619755,5e-05,0.8711910843849182,-0.0008246884014170064
17.315303802490234,373.41,7340032,56,1885,3892,0.2576103210449219,0.1,0.004969025,5e-05,0.8650845365133136,0.2,3610,0.11622171103954315,0.9381427764892578,18.356834489107133,5e-05,0.8663595914840698,-0.0004383573326776968
17.446271896362305,372.61,7471104,57,1884,3963,0.2633338928222656,0.1,0.0051267166,5e-05,0.8824924896471202,0.2,3620,0.11667885631322861,0.9253275990486145,18.26501475274563,5e-05,0.8641965985298157,-0.000655295429828584
17.431373596191406,370.7,7602176,58,1884,4033,0.26243438720703127,0.1,0.005048557,5e-05,0.8631177393253893,0.2,3630,0.11709000915288925,1.0457152128219604,18.176016172766687,5e-05,0.8661537766456604,-0.00044198069472258796
17.400924682617188,362.53,7733248,59,1884,4103,0.26082382202148435,0.1,0.005075861,5e-05,0.9723106617573649,0.2,3640,0.11751154065132141,1.1088508367538452,18.085886494815348,5e-05,0.8354629278182983,-0.00044764304720956716
17.782861709594727,370.27,7864320,60,1884,4173,0.2529632568359375,0.1,0.0049193115,5e-05,0.9526612316258252,0.2,3650,0.11789683252573013,1.18861722946167,18.002393388748168,5e-05,0.8284862637519836,-0.0003793566132117121
18.722387313842773,385.49,7995392,61,1883,4243,0.256854248046875,0.1,0.0049331114,5e-05,0.980144421895966,0.2,3660,0.11831329017877579,1.0740214586257935,17.913559858500957,5e-05,0.8217459917068481,-0.0003340134459449473
18.23391342163086,385.14,8126464,62,1883,4314,0.25569610595703124,0.1,0.0048271157,5e-05,1.0275400715880096,0.2,3670,0.1187228113412857,1.0978575944900513,17.828080374002457,5e-05,0.8121616840362549,-1.6784043509687763e-05
18.522991180419922,399.33,8257536,63,1883,4385,0.2613807678222656,0.1,0.00529127,5e-05,1.0075160160195082,0.2,3680,0.11916117370128632,1.235059380531311,17.73757211267948,5e-05,0.8262835741043091,-0.0003486214310669311
17.761568069458008,382.16,8388608,64,1882,4455,0.25800247192382814,0.1,0.004926308,5e-05,1.0090695996303112,0.2,3690,0.1195964515209198,1.12676203250885,17.647281336784364,5e-05,0.838080644607544,-0.00043898945150431243
17.03729248046875,371.55,8519680,65,1882,4525,0.2576751708984375,0.1,0.005083996,5e-05,0.9923130094073713,0.2,3700,0.11997754871845245,1.219341516494751,17.563957922160625,5e-05,0.8488502502441406,-0.0004791108841345704
15.861040115356445,348.6,8650752,66,1882,4595,0.255535888671875,0.1,0.004974167,5e-05,0.9586605444550514,0.2,3710,0.12037620693445206,1.299782395362854,17.48300298452377,5e-05,0.8581809997558594,-0.0004269626366749435
15.750646591186523,348.43,8781824,67,1881,4666,0.25501861572265627,0.1,0.004964793,5e-05,1.005262724030763,0.2,3720,0.1207754909992218,1.0172808170318604,17.39934871941805,5e-05,0.8508415222167969,-0.0005036013070821354
15.682334899902344,342.57,8912896,68,1881,4737,0.25789642333984375,0.1,0.0049772477,5e-05,0.9189103289041668,0.2,3730,0.12118282914161682,1.0774481296539307,17.31592479646206,5e-05,0.8636574149131775,-0.0007061501832140493
15.990522384643555,346.58,9043968,69,1880,4809,0.25627899169921875,0.1,0.0049720583,5e-05,1.0015276158228517,0.2,3740,0.12158872932195663,1.1623477935791016,17.2329116076231,5e-05,0.8486253023147583,-0.0006199423424732231
15.70642375946045,337.31,9175040,70,1880,4879,0.25166854858398435,0.1,0.0048857187,5e-05,0.9441613651346416,0.2,3750,0.12193737924098969,1.160617470741272,17.159476366639137,5e-05,0.843415379524231,-0.0007301017933968978
15.970847129821777,345.96,9306112,71,1880,4949,0.24998779296875,0.1,0.0047606817,5e-05,1.024472252232954,0.2,3760,0.12239633500576019,1.1635122299194336,17.069887767732144,5e-05,0.8239738941192627,-0.00033344169937663535
16.336292266845703,356.53,9437184,72,1879,5020,0.24787979125976561,0.1,0.0047477856,5e-05,0.9497441074345261,0.2,3770,0.12281161546707153,1.1775919198989868,16.980644083023073,5e-05,0.8430350422859192,-0.0003904471823716449
15.639798164367676,344.12,9568256,73,1879,5091,0.25211563110351565,0.1,0.004949146,5e-05,0.9362852500751615,0.2,3780,0.12324373424053192,1.2412047386169434,16.894615286588667,5e-05,0.8522647619247437,-0.0004514846387337457
15.83912467956543,344.79,9699328,74,1878,5162,0.253240966796875,0.1,0.004920341,5e-05,0.9495413101743907,0.2,3790,0.12362311035394669,1.11811101436615,16.81651706546545,5e-05,0.8464508652687073,-0.0007486296029583173
15.189393043518066,341.61,9830400,75,1878,5233,0.25357208251953123,0.1,0.004991157,5e-05,0.928708488913253,0.2,3800,0.12405416369438171,1.0170053243637085,16.73045269846916,5e-05,0.8512152433395386,-0.0007968842601712822
15.496246337890625,343.51,9961472,76,1877,5304,0.25511703491210935,0.1,0.004903537,5e-05,0.9048753349110484,0.2,3810,0.12447172403335571,1.0953058004379272,16.64556951522827,5e-05,0.85917067527771,-0.0008377861918233975
15.638477325439453,349.44,10092544,77,1877,5375,0.2548103332519531,0.1,0.0051521417,5e-05,0.8475335937459022,0.2,3820,0.12493771314620972,0.9225895404815674,16.555069121718407,5e-05,0.866719126701355,-0.0010145601296244421
16.084495544433594,357.09,10223616,78,1877,5445,0.25429458618164064,0.1,0.004942452,5e-05,0.8730490145739168,0.2,3830,0.12534929811954498,0.9426847696304321,16.470902048051357,5e-05,0.8589467406272888,-0.0009654332557147427
16.04607391357422,369.96,10354688,79,1877,5516,0.25154953002929686,0.1,0.00483045,5e-05,0.8489979684818536,0.2,3840,0.1257622390985489,0.8434466123580933,16.387332579493524,5e-05,0.8635984659194946,-0.0008495168549416121
15.870928764343262,355.33,10485760,80,1877,5585,0.25137863159179685,0.1,0.00497957,5e-05,0.8409745414741338,0.2,3850,0.1262357383966446,0.8530653715133667,16.296053816378116,5e-05,0.8584998846054077,-0.0007247651500165375
16.012121200561523,355.53,10616832,81,1877,5653,0.25364227294921876,0.1,0.00505972,5e-05,0.8891255194786936,0.2,3860,0.12665751576423645,1.1010620594024658,16.21005926579237,5e-05,0.8530439734458923,-0.0008160114707152389
15.826568603515625,348.0,10747904,82,1878,5722,0.2511741638183594,0.1,0.0049892906,5e-05,0.8855408087838441,0.2,3870,0.127065509557724,1.1500272750854492,16.131267078220844,5e-05,0.8446745872497559,-0.0007174935940383875
15.034830093383789,336.32,10878976,83,1878,5790,0.24972763061523437,0.1,0.004922971,5e-05,0.895343401003629,0.2,3880,0.12754295766353607,1.157653570175171,16.038947251439094,5e-05,0.8420588970184326,-0.0007791000886754774
15.880788803100586,356.35,11010048,84,1879,5858,0.24644851684570312,0.1,0.0049551884,5e-05,0.9274940839037299,0.2,3890,0.12797516584396362,1.0480502843856812,15.951665960997342,5e-05,0.8365777134895325,-0.0005674713283042365
15.614510536193848,356.23,11141120,85,1879,5927,0.2535987854003906,0.1,0.004903692,5e-05,0.8930099107325077,0.2,3900,0.12843607366085052,1.1287658214569092,15.86381299123168,5e-05,0.8454901576042175,-0.000798810237483849
15.4904203414917,353.21,11272192,86,1880,5995,0.24957199096679689,0.1,0.0048776157,5e-05,0.8450682956259697,0.2,3910,0.1288623809814453,1.0079325437545776,15.781438621878625,5e-05,0.8484858274459839,-0.0008159339905432717
15.538568496704102,351.68,11403264,87,1880,6064,0.24986801147460938,0.1,0.0046620336,5e-05,0.8717795943841338,0.2,3920,0.12929749488830566,1.1705964803695679,15.695290767401456,5e-05,0.8500676155090332,-0.0006226018718280101
15.926270484924316,365.86,11534336,88,1880,6132,0.24715805053710938,0.1,0.0047149407,5e-05,0.846902516623959,0.2,3930,0.129630908370018,1.054219126701355,15.62730680629611,5e-05,0.8493920564651489,-0.0007490361030249914
15.814325332641602,361.66,11665408,89,1881,6200,0.24849472045898438,0.1,0.004866672,5e-05,0.8115072186570614,0.2,3940,0.1301289051771164,1.1604759693145752,15.53693406432867,5e-05,0.8609943389892578,-0.0007212089083168394
16.078777313232422,363.76,11796480,90,1881,6268,0.24934005737304688,0.1,0.0048160427,5e-05,0.8100824074354023,0.2,3950,0.130563884973526,0.8593337535858154,15.453040228039026,5e-05,0.8572311401367188,-0.0010605936742649647
16.027284622192383,361.94,11927552,91,1882,6336,0.2509941101074219,0.1,0.004959804,5e-05,0.809181419480592,0.2,3960,0.1310092806816101,0.936759352684021,15.368603244423866,5e-05,0.8530992865562439,-0.0010599328327543845
15.824407577514648,358.51,12058624,92,1882,6404,0.24595947265625,0.1,0.0049772942,5e-05,0.7833169769495726,0.2,3970,0.13148102164268494,0.8894369006156921,15.278557715564967,5e-05,0.8589503765106201,-0.0007576415210223785
15.557570457458496,352.69,12189696,93,1883,6472,0.24755630493164063,0.1,0.0047705304,5e-05,0.7992214233148843,0.2,3980,0.13194170594215393,0.8923178315162659,15.188541924208403,5e-05,0.8594585657119751,-0.0009411162579226584
15.465317726135254,355.87,12320768,94,1883,6539,0.24893035888671874,0.1,0.004758167,5e-05,0.8033756319899112,0.2,3990,0.13244003057479858,0.9276713132858276,15.09805228188634,5e-05,0.8587489724159241,-0.0008778058644111298
15.9349946975708,368.08,12451840,95,1884,6609,0.24319381713867189,0.1,0.004668982,5e-05,0.8091486145742237,0.2,4000,0.13286232948303223,0.9032190442085266,15.014454959332943,5e-05,0.8618655204772949,-0.0007868190439694444
15.586714744567871,359.37,12582912,96,1884,6677,0.245623779296875,0.1,0.0046887314,5e-05,0.7810606920160353,0.2,4010,0.1332930326461792,0.887030839920044,14.934224317222833,5e-05,0.8670201897621155,-0.001146238068713501
15.824193954467773,367.6,12713984,97,1884,6745,0.24772415161132813,0.1,0.0048112385,5e-05,0.7761252764612436,0.2,4020,0.13372541964054108,0.908050537109375,14.854199568927289,5e-05,0.8677389025688171,-0.0009151301840120141
15.212136268615723,349.65,12845056,98,1884,6814,0.2484588623046875,0.1,0.0048657563,5e-05,0.736284972820431,0.2,4030,0.1342143416404724,0.90567946434021,14.764354968070984,5e-05,0.8753465414047241,-0.0009926780632213195
14.945587158203125,343.19,12976128,99,1885,6882,0.2467559814453125,0.1,0.004930397,5e-05,0.7590525018051266,0.2,4040,0.13464979827404022,0.7800253033638,14.681021016836166,5e-05,0.8653227686882019,-0.0010302324535587104
15.779881477355957,366.93,13107200,100,1885,6950,0.24902114868164063,0.1,0.0049333475,5e-05,0.7522722461260856,0.2,4050,0.13512346148490906,0.8780200481414795,14.593209867924452,5e-05,0.8688341975212097,-0.0012351117677553702
16.12854766845703,370.59,13238272,101,1886,7018,0.24587249755859375,0.1,0.00480905,5e-05,0.7217601953074336,0.2,4060,0.13562528789043427,0.9550716876983643,14.50204923376441,5e-05,0.8691865801811218,-0.001032047679382231
16.033267974853516,371.63,13369344,102,1886,7086,0.2442108154296875,0.1,0.004822727,5e-05,0.7408354007638991,0.2,4070,0.13606542348861694,0.8908096551895142,14.420183772593736,5e-05,0.8695068359375,-0.0007952714195653243
16.280000686645508,373.14,13500416,103,1886,7155,0.24322738647460937,0.1,0.004586447,5e-05,0.709763985266909,0.2,4080,0.1365147978067398,0.818688154220581,14.336950840055943,5e-05,0.8691995739936829,-0.0008521138381638593
16.00923728942871,368.98,13631488,104,1887,7222,0.24195785522460939,0.1,0.004715845,5e-05,0.7324007640127093,0.2,4090,0.1369757503271103,0.8475055694580078,14.2523831859231,5e-05,0.8681217432022095,-0.001180603600187169
16.23128318786621,374.63,13762560,105,1887,7290,0.24599609375,0.1,0.004763959,5e-05,0.7080260048853233,0.2,4100,0.13742755353450775,0.7798799276351929,14.172483944147825,5e-05,0.8747843503952026,-0.001081306902688084
15.655008316040039,369.14,13893632,106,1887,7359,0.24109344482421874,0.1,0.004726221,5e-05,0.7502634058706462,0.2,4110,0.13788314163684845,0.8114660978317261,14.086706966161728,5e-05,0.8668051958084106,-0.0009769950679583417
15.973030090332031,370.71,14024704,107,1888,7427,0.24460830688476562,0.1,0.0048730453,5e-05,0.7240286069456487,0.2,4120,0.1383727490901947,0.8782269954681396,13.999953094869852,5e-05,0.8739784359931946,-0.0011628898108938302
15.539534568786621,363.93,14155776,108,1888,7496,0.24829788208007814,0.1,0.004857668,5e-05,0.7214394380571321,0.2,4130,0.1388300061225891,0.8082523345947266,13.917298886179925,5e-05,0.8713630437850952,-0.0010561909157331684
15.63460922241211,366.95,14286848,109,1888,7564,0.24602508544921875,0.1,0.004748623,5e-05,0.7473755775718018,0.2,4140,0.13935013115406036,0.8513009548187256,13.825847739726305,5e-05,0.8715562224388123,-0.0009540253784962261
15.123705863952637,349.81,14417920,110,1889,7632,0.243841552734375,0.1,0.0047075753,5e-05,0.7365195111837238,0.2,4150,0.1398543268442154,0.9589400291442871,13.735517705231905,5e-05,0.8698493242263794,-0.0009711479344332475
15.948744773864746,368.22,14548992,111,1889,7700,0.24722442626953126,0.1,0.004798264,5e-05,0.7229992873501032,0.2,4160,0.1403549313545227,0.9095249176025391,13.644434760510922,5e-05,0.8761540055274963,-0.0008609696997609717
15.552922248840332,359.36,14680064,112,1889,7768,0.24366378784179688,0.1,0.004797104,5e-05,0.7148344573564828,0.2,4170,0.1408226042985916,0.8838565349578857,13.560425661504269,5e-05,0.8756405711174011,-0.0010540510661030567
15.619580268859863,358.65,14811136,113,1889,7838,0.24939727783203125,0.1,0.004897357,5e-05,0.7394516517408192,0.2,4180,0.14133566617965698,0.8165004849433899,13.4720583550632,5e-05,0.8664228320121765,-0.001217071434302852
15.389062881469727,347.27,14942208,114,1889,7906,0.24236068725585938,0.1,0.004672175,5e-05,0.7257211262825877,0.2,4190,0.14180758595466614,1.0043258666992188,13.38753288909793,5e-05,0.8670867681503296,-0.0010052139063191135
14.893606185913086,341.23,15073280,115,1889,7975,0.2442291259765625,0.1,0.004690386,5e-05,0.7963140253908932,0.2,4200,0.1423410028219223,0.9104800820350647,13.296428991109133,5e-05,0.8497602343559265,-0.0010067159864320275
14.837088584899902,345.51,15204352,116,1890,8043,0.24044418334960938,0.1,0.0046746293,5e-05,0.7481805923860521,0.2,4210,0.14282463490962982,0.7461360692977905,13.2087436594069,5e-05,0.8608378767967224,-0.0008423681239946746
15.348014831542969,354.35,15335424,117,1890,8111,0.2416778564453125,0.1,0.0047138464,5e-05,0.7642880617175252,0.2,4220,0.14329013228416443,0.972306489944458,13.125378768891096,5e-05,0.8584515452384949,-0.0010583918764496048
14.391022682189941,338.43,15466496,118,1890,8180,0.2456085205078125,0.1,0.004752864,5e-05,0.743559239199385,0.2,4230,0.14380355179309845,0.886729896068573,13.037670484185218,5e-05,0.8592336773872375,-0.0010855276676238646
14.397967338562012,336.74,15597568,119,1890,8248,0.24564361572265625,0.1,0.004815516,5e-05,0.7230063504073769,0.2,4240,0.14429296553134918,0.7972373962402344,12.953903365880251,5e-05,0.8736019134521484,-0.0013618960668281943
14.400864601135254,334.48,15728640,120,1891,8317,0.24478302001953126,0.1,0.0047857966,5e-05,0.7364692926406861,0.2,4250,0.14479005336761475,0.9032468795776367,12.8690665692091,5e-05,0.8686241507530212,-0.0015453557561613707
14.281122207641602,334.14,15859712,121,1891,8385,0.24234085083007811,0.1,0.004714368,5e-05,0.6650762244593352,0.2,4260,0.14527398347854614,0.7606342434883118,12.78372061625123,5e-05,0.8750528693199158,-0.001439520664689553
14.875650405883789,351.23,15990784,122,1890,8457,0.24074554443359375,0.1,0.0047099045,5e-05,0.6910989638417959,0.2,4270,0.1457628458738327,0.70955890417099,12.69918966293335,5e-05,0.8756471276283264,-0.0014411349011425045
14.516559600830078,341.91,16121856,123,1890,8528,0.24313201904296874,0.1,0.0048221103,5e-05,0.6506342220120132,0.2,4280,0.14626705646514893,0.9369609355926514,12.615087028592825,5e-05,0.8828083276748657,-0.0016944362110507428
15.078149795532227,359.08,16252928,124,1890,8599,0.24083328247070312,0.1,0.0046686474,5e-05,0.6782885171938687,0.2,4290,0.14676980674266815,0.8248697519302368,12.527006134390831,5e-05,0.8656609058380127,-0.0014629785544002516
15.752359390258789,368.45,16384000,125,1889,8669,0.2425628662109375,0.1,0.004734825,5e-05,0.6858607517555356,0.2,4300,0.1472686231136322,0.9247012138366699,12.441640591621399,5e-05,0.8666547536849976,-0.0014954837432014755
15.52610969543457,374.01,16515072,126,1889,8740,0.24209671020507811,0.1,0.004653467,5e-05,0.6539089730940759,0.2,4310,0.14778321981430054,0.6779937744140625,12.3560284614563,5e-05,0.8722215294837952,-0.0015251191992774692
15.862692832946777,373.65,16646144,127,1889,8810,0.24298858642578125,0.1,0.0048714764,5e-05,0.6340630375314504,0.2,4320,0.148246169090271,0.7278744578361511,12.275976181030273,5e-05,0.8832178115844727,-0.0015172580162470695
15.638890266418457,373.43,16777216,128,1889,8881,0.24169692993164063,0.1,0.0046486957,5e-05,0.676564475777559,0.2,4330,0.14880074560642242,0.8773459792137146,12.185289180278778,5e-05,0.8686467409133911,-0.0015577232245050255
15.660737037658691,371.69,16908288,129,1888,8951,0.245635986328125,0.1,0.0047453507,5e-05,0.6690601768670603,0.2,4340,0.14932554960250854,0.7951675653457642,12.096318116039038,5e-05,0.8773982524871826,-0.0013364377661218897
15.061424255371094,359.33,17039360,130,1888,9024,0.24482955932617187,0.1,0.0048474516,5e-05,0.6900223676115275,0.2,4350,0.14979663491249084,0.8587823510169983,12.016180947422981,5e-05,0.8708851337432861,-0.0014829756571998586
15.424715995788574,367.6,17170432,131,1887,9094,0.2396575927734375,0.1,0.0046664975,5e-05,0.6813245812663808,0.2,4360,0.1502956598997116,0.720566987991333,11.936381288617849,5e-05,0.8772493600845337,-0.001213527393019831
15.190262794494629,357.65,17301504,132,1887,9165,0.2425537109375,0.1,0.0046750605,5e-05,0.7163513942621649,0.2,4370,0.15085968375205994,0.8075444102287292,11.843247230350972,5e-05,0.8714303970336914,-0.0012025119010559138
15.2661771774292,356.65,17432576,133,1887,9236,0.24016571044921875,0.1,0.0046256743,5e-05,0.7084325877018273,0.2,4380,0.15138910710811615,0.8328131437301636,11.754874193668366,5e-05,0.8726276159286499,-0.0011640455970336916
14.846475601196289,352.03,17563648,134,1887,9306,0.24275741577148438,0.1,0.0048177466,5e-05,0.6942177766934037,0.2,4390,0.15192359685897827,0.7247329354286194,11.665664578974248,5e-05,0.8706811666488647,-0.0013218248680914257
15.141284942626953,359.44,17694720,135,1886,9377,0.2416595458984375,0.1,0.0046694763,5e-05,0.70458977969829,0.2,4400,0.1524689644575119,0.8030760884284973,11.577694775164128,5e-05,0.8728440999984741,-0.0012625468847090814
14.832916259765625,347.1,17825792,136,1886,9448,0.23960494995117188,0.1,0.0046468386,5e-05,0.7025419830111787,0.2,4410,0.15300574898719788,0.8408446907997131,11.489115971326829,5e-05,0.8701058626174927,-0.0012563014672650752
15.62735366821289,371.55,17956864,137,1886,9518,0.24188613891601562,0.1,0.00483054,5e-05,0.706480854563415,0.2,4420,0.1535457819700241,0.8385438323020935,11.401429695636034,5e-05,0.8627618551254272,-0.0013800517107483757
15.237890243530273,364.8,18087936,138,1886,9588,0.23758468627929688,0.1,0.004628703,5e-05,0.6746397230308503,0.2,4430,0.15404321253299713,0.8315516710281372,11.32009352967143,5e-05,0.868887722492218,-0.001269476050401863
14.652554512023926,350.26,18219008,139,1886,9658,0.24357147216796876,0.1,0.0047707045,5e-05,0.6847596180159599,0.2,4440,0.1545935571193695,0.751125693321228,11.231549974530935,5e-05,0.8645562529563904,-0.0017136813882189018
14.922603607177734,358.99,18350080,140,1886,9729,0.23421096801757812,0.1,0.004523232,5e-05,0.668691071588546,0.2,4450,0.15511970221996307,0.7333023548126221,11.146241059154272,5e-05,0.8702088594436646,-0.001541688833549415
15.141709327697754,357.09,18481152,141,1885,9799,0.23415374755859375,0.1,0.0045756577,5e-05,0.6732097411295399,0.2,4460,0.15566594898700714,0.7888485789299011,11.058538933843375,5e-05,0.8672975301742554,-0.0013885477393159817
15.104181289672852,358.49,18612224,142,1885,9869,0.23697586059570314,0.1,0.004587497,5e-05,0.6668037595460191,0.2,4470,0.1561824381351471,0.7145054936408997,10.975257043540477,5e-05,0.870214581489563,-0.0013952446472103475
15.330562591552734,360.22,18743296,143,1885,9939,0.24277725219726562,0.1,0.004719505,5e-05,0.675621299026534,0.2,4480,0.1567440778017044,0.8973257541656494,10.887734740227462,5e-05,0.8654773235321045,-0.0015381374754042554
14.63728141784668,354.02,18874368,144,1885,10009,0.23233566284179688,0.1,0.0044736858,5e-05,0.6518287634011358,0.2,4490,0.1572762131690979,0.7404893040657043,10.800498363375663,5e-05,0.868741512298584,-0.0012135149045207072
15.576833724975586,373.33,19005440,145,1885,10079,0.2366302490234375,0.1,0.004639106,5e-05,0.663919223495759,0.2,4500,0.15783517062664032,0.8210341334342957,10.714256235212087,5e-05,0.8680086135864258,-0.0016947330654147664
15.551901817321777,364.96,19136512,146,1885,10149,0.2370574951171875,0.1,0.0045626285,5e-05,0.6624164027394727,0.2,4510,0.15831659734249115,0.797913134098053,10.634266045689582,5e-05,0.8661413788795471,-0.001739393375646614
15.113641738891602,357.64,19267584,147,1885,10220,0.23556594848632811,0.1,0.004524314,5e-05,0.6753903983626515,0.2,4520,0.15881580114364624,0.746616542339325,10.556419860571623,5e-05,0.8653785586357117,-0.0014342291711727738
14.598518371582031,351.81,19398656,148,1884,10291,0.23269119262695312,0.1,0.0046105525,5e-05,0.6741874661063776,0.2,4530,0.15933960676193237,0.7440061569213867,10.473880697786807,5e-05,0.862589955329895,-0.0013277084372930402
15.103608131408691,374.37,19529728,149,1884,10361,0.231719970703125,0.1,0.0045812246,5e-05,0.6642028815578669,0.2,4540,0.15985548496246338,0.6728365421295166,10.392407277226448,5e-05,0.8723276853561401,-0.0015028492084638856
15.50636100769043,373.58,19660800,150,1884,10431,0.24028549194335938,0.1,0.0046686484,5e-05,0.6204868577187881,0.2,4550,0.16039277613162994,0.5984048247337341,10.310900164395571,5e-05,0.8836230039596558,-0.0016941424099059077
14.96548843383789,361.53,19791872,151,1885,10499,0.23896865844726561,0.1,0.0047406843,5e-05,0.6695650489535183,0.2,4560,0.16090285778045654,0.7056571245193481,10.22927738726139,5e-05,0.8682261109352112,-0.0015654802608878527
15.305353164672852,372.8,19922944,152,1885,10567,0.24026260375976563,0.1,0.004608487,5e-05,0.6153650581138208,0.2,4570,0.16146355867385864,0.7112916111946106,10.146355992555618,5e-05,0.8808883428573608,-0.0016458095548841812
15.131572723388672,376.13,20054016,153,1885,10635,0.23866729736328124,0.1,0.0047345012,5e-05,0.6507663488155231,0.2,4580,0.1620759218931198,0.760908842086792,10.052346880733968,5e-05,0.8792205452919006,-0.0015841180607822024
14.632046699523926,367.42,20185088,154,1885,10702,0.23907012939453126,0.1,0.004651779,5e-05,0.5782470482867211,0.2,4590,0.16265755891799927,0.6114380359649658,9.96290394589305,5e-05,0.8913008570671082,-0.0018196285567228187
14.894186019897461,368.88,20316160,155,1886,10771,0.23850936889648439,0.1,0.004665941,5e-05,0.5920405651209876,0.2,4600,0.16316275298595428,0.657454252243042,9.88171020001173,5e-05,0.8900021314620972,-0.0019612256954133047
15.824588775634766,387.36,20447232,156,1886,10839,0.23984603881835936,0.1,0.004801523,5e-05,0.6033654610160738,0.2,4610,0.16373224556446075,0.7376976609230042,9.796912530064583,5e-05,0.8885921239852905,-0.0021167673451600423
15.031336784362793,370.66,20578304,157,1886,10907,0.23449249267578126,0.1,0.004567181,5e-05,0.5809092287672684,0.2,4620,0.1642213761806488,0.7220191955566406,9.719522370398044,5e-05,0.8844133615493774,-0.0016892235603336303
15.534008979797363,383.3,20709376,158,1886,10975,0.23826980590820312,0.1,0.0046248455,5e-05,0.611532423645258,0.2,4630,0.16482076048851013,0.7557615041732788,9.633075980842113,5e-05,0.8804320096969604,-0.0019467480474759213
15.569106101989746,371.17,20840448,159,1887,11042,0.23314666748046875,0.1,0.0045083873,5e-05,0.6043719326378778,0.2,4640,0.16538196802139282,0.6791826486587524,9.545857053250074,5e-05,0.8831133246421814,-0.0016664533204220789
15.760393142700195,388.78,20971520,160,1887,11110,0.2352935791015625,0.1,0.0045639435,5e-05,0.6270577427465469,0.2,4650,0.165879026055336,0.825800895690918,9.468155467510224,5e-05,0.8748281598091125,-0.0017677109947726421
15.916739463806152,385.43,21102592,161,1887,11178,0.24202117919921876,0.1,0.004655428,5e-05,0.5881801945157349,0.2,4660,0.16645607352256775,0.7563660740852356,9.384906676411628,5e-05,0.8863201141357422,-0.00202424144122233
15.882928848266602,380.55,21233664,162,1888,11246,0.23535003662109374,0.1,0.0046383305,5e-05,0.6099109285743907,0.2,4670,0.16712439060211182,0.7144275903701782,9.287717162072658,5e-05,0.881928563117981,-0.001672167373544653
16.12684440612793,391.27,21364736,163,1888,11313,0.2373687744140625,0.1,0.004450987,5e-05,0.6221101870527491,0.2,4680,0.16765949130058289,0.8126493096351624,9.203238605707885,5e-05,0.8774784207344055,-0.001812631802431497
15.493673324584961,375.87,21495808,164,1888,11380,0.23734054565429688,0.1,0.0046294257,5e-05,0.610640442604199,0.2,4690,0.16828212141990662,0.6948049068450928,9.11463741660118,5e-05,0.8811326026916504,-0.0018430528800536194
15.555930137634277,380.46,21626880,165,1889,11448,0.23075180053710936,0.1,0.004526199,5e-05,0.5934660802828148,0.2,4700,0.16879035532474518,0.6959639191627502,9.035226581245661,5e-05,0.8848812580108643,-0.0018417032512843435
15.378117561340332,373.99,21757952,166,1889,11516,0.2397247314453125,0.1,0.0045125387,5e-05,0.6080916977021843,0.2,4710,0.16936232149600983,0.6428931951522827,8.952580318599939,5e-05,0.8837845921516418,-0.001855113645979145
14.600196838378906,354.9,21889024,167,1889,11583,0.23779067993164063,0.1,0.0046660285,5e-05,0.607885608356446,0.2,4720,0.16994251310825348,0.6343770027160645,8.86789637580514,5e-05,0.8874267935752869,-0.0020088328445126537
15.561144828796387,375.53,22020096,168,1889,11651,0.23643569946289061,0.1,0.0045111487,5e-05,0.6478131321957334,0.2,4730,0.1704832911491394,0.7829486131668091,8.786082942038774,5e-05,0.8812673091888428,-0.001839681948672478
15.3646879196167,367.23,22151168,169,1890,11718,0.2405609130859375,0.1,0.004701752,5e-05,0.6350891504436731,0.2,4740,0.1711236983537674,0.7834112644195557,8.695418614149094,5e-05,0.8825057148933411,-0.001968049111610526
14.870993614196777,358.86,22282240,170,1890,11785,0.24180221557617188,0.1,0.0046191122,5e-05,0.6318828746909275,0.2,4750,0.1717740297317505,0.7452592849731445,8.60094674155116,5e-05,0.8785998225212097,-0.0018786690103297587
14.972450256347656,353.14,22413312,171,1890,11853,0.23364944458007814,0.1,0.0045255115,5e-05,0.631193086784333,0.2,4760,0.17239214479923248,0.679206371307373,8.510663369297982,5e-05,0.8794996738433838,-0.001805280681082877
15.505931854248047,375.26,22544384,172,1891,11920,0.23031997680664062,0.1,0.004474582,5e-05,0.6504139201715589,0.2,4770,0.17292866110801697,0.7791745662689209,8.431365512311459,5e-05,0.8717628717422485,-0.0016698249199180281
15.51719856262207,365.63,22675456,173,1891,11987,0.23779525756835937,0.1,0.004603577,5e-05,0.6080087626818568,0.2,4780,0.17352436482906342,0.6568058133125305,8.345922164618969,5e-05,0.88149493932724,-0.0018118485917511863
15.281315803527832,360.42,22806528,174,1891,12055,0.23217239379882812,0.1,0.0044756653,5e-05,0.6435098255285994,0.2,4790,0.17401495575904846,0.730269730091095,8.271681214123964,5e-05,0.8729388117790222,-0.0015729064258721338
15.170265197753906,363.91,22937600,175,1891,12123,0.24047775268554689,0.1,0.004737808,5e-05,0.5955180062912404,0.2,4800,0.17465126514434814,0.7259982824325562,8.185138638317586,5e-05,0.8868355751037598,-0.0021245671254291666
15.146496772766113,369.41,23068672,176,1892,12191,0.2315338134765625,0.1,0.004433019,5e-05,0.6013831769116222,0.2,4810,0.17517785727977753,0.6868994832038879,8.107707994431257,5e-05,0.8860841989517212,-0.0018590373716506291
14.958399772644043,358.51,23199744,177,1892,12258,0.240863037109375,0.1,0.0046388926,5e-05,0.5626293163048104,0.2,4820,0.17577055096626282,0.6085854768753052,8.024802567064762,5e-05,0.8989028930664062,-0.0022574453280867603
14.825387001037598,357.7,23330816,178,1892,12326,0.23463134765625,0.1,0.0044568907,5e-05,0.5682776488829404,0.2,4830,0.17638008296489716,0.5909504890441895,7.9381876852363344,5e-05,0.8955351710319519,-0.001971207443239109
14.36050796508789,348.9,23461888,179,1893,12393,0.2301788330078125,0.1,0.0044152206,5e-05,0.5373911759117618,0.2,4840,0.176961287856102,0.5972835421562195,7.855189407989383,5e-05,0.9063805341720581,-0.0019499036792240076
14.346967697143555,350.37,23592960,180,1893,12460,0.2365966796875,0.1,0.004598969,5e-05,0.5213989777257666,0.2,4850,0.1775101274251938,0.5945043563842773,7.778170939162374,5e-05,0.9103896021842957,-0.0021647458227789683
14.765776634216309,366.15,23724032,181,1893,12528,0.240142822265625,0.1,0.0045540165,5e-05,0.5549020685022696,0.2,4860,0.17807409167289734,0.728501558303833,7.698039545491338,5e-05,0.9068392515182495,-0.0022060573291128095
14.2761812210083,355.81,23855104,182,1894,12594,0.24429092407226563,0.1,0.004732323,5e-05,0.49596893941052256,0.2,4870,0.17872768640518188,0.5891335606575012,7.6089881982654335,5e-05,0.918477475643158,-0.0024047910435456288
14.471880912780762,355.06,23986176,183,1894,12662,0.2417877197265625,0.1,0.0045795813,5e-05,0.556828835932538,0.2,4880,0.17929378151893616,0.6287232637405396,7.528321970254183,5e-05,0.9052783846855164,-0.0020707280963051743
14.648641586303711,370.51,24117248,184,1894,12729,0.23477935791015625,0.1,0.00444205,5e-05,0.5512230270775035,0.2,4890,0.17987754940986633,0.5155386328697205,7.448063414543867,5e-05,0.9061124920845032,-0.002108722223601944
14.574790000915527,367.03,24248320,185,1894,12799,0.24736175537109376,0.1,0.0046119457,5e-05,0.5479680713498964,0.2,4900,0.18051466345787048,0.5664622783660889,7.360691504180432,5e-05,0.9058063626289368,-0.002155003320240212
14.464752197265625,372.87,24379392,186,1895,12861,0.2418975830078125,0.1,0.0046141935,5e-05,0.5801220173249021,0.2,4910,0.18113325536251068,0.5877152681350708,7.275900281220674,5e-05,0.903178334236145,-0.0023723117055396868
14.269186973571777,356.32,24510464,187,1895,12930,0.242529296875,0.1,0.0046235453,5e-05,0.5615585301071405,0.2,4920,0.18169927597045898,0.5543519258499146,7.195943634957075,5e-05,0.906585156917572,-0.0022640001020135967
14.4150972366333,362.32,24641536,188,1895,13000,0.240380859375,0.1,0.004444905,5e-05,0.602192283491604,0.2,4930,0.18234997987747192,0.7413077354431152,7.109128393605351,5e-05,0.8985325694084167,-0.0022554803450475446
14.344870567321777,360.12,24772608,189,1895,13070,0.24076690673828124,0.1,0.0046388768,5e-05,0.60786219954025,0.2,4940,0.1830521821975708,0.6222880482673645,7.01305343285203,5e-05,0.9004741907119751,-0.0023427918216839317
14.543985366821289,362.79,24903680,190,1895,13140,0.24021148681640625,0.1,0.0045539094,5e-05,0.6065004831179976,0.2,4950,0.18362024426460266,0.5928803086280823,6.931886832788587,5e-05,0.8956767320632935,-0.0023900698345642015
14.35719108581543,361.63,25034752,191,1895,13210,0.233953857421875,0.1,0.0044137836,5e-05,0.6606995892943814,0.2,4960,0.18420587480068207,0.6933075189590454,6.854563629627227,5e-05,0.8832070231437683,-0.0016734392856051273
14.239632606506348,360.08,25165824,192,1895,13279,0.24022598266601564,0.1,0.0045539504,5e-05,0.664479065570049,0.2,4970,0.1847652643918991,0.7573241591453552,6.775795248150826,5e-05,0.8823064565658569,-0.0019161638368586863
14.48127555847168,364.44,25296896,193,1894,13349,0.24460830688476562,0.1,0.0046407897,5e-05,0.6516746412962675,0.2,4980,0.18538622558116913,0.6738966703414917,6.694384159520268,5e-05,0.8848339915275574,-0.002054228194879215
13.849862098693848,343.15,25427968,194,1894,13419,0.24508743286132811,0.1,0.004636896,5e-05,0.6281930354889482,0.2,4990,0.18604505062103271,0.6427342891693115,6.607915865629911,5e-05,0.8887725472450256,-0.002248626065920689
14.116215705871582,362.67,25559040,195,1894,13489,0.23544540405273437,0.1,0.0043807225,5e-05,0.7004100738093257,0.2,5000,0.18664205074310303,0.8170182704925537,6.525386995822191,5e-05,0.8709715008735657,-0.001877804560945151
13.883685111999512,356.43,25690112,196,1894,13558,0.23850555419921876,0.1,0.0045735594,5e-05,0.6717256567673757,0.2,5010,0.18723274767398834,0.7531946897506714,6.446423668414354,5e-05,0.8768726587295532,-0.0019464750134829956
14.199694633483887,365.32,25821184,197,1894,13628,0.23475875854492187,0.1,0.0045016473,5e-05,0.727721224585548,0.2,5020,0.1878366470336914,0.774636447429657,6.365744791552425,5e-05,0.864120602607727,-0.001732479532074649
14.172691345214844,352.87,25952256,198,1894,13698,0.2383392333984375,0.1,0.0046183374,5e-05,0.646733389631845,0.2,5030,0.18844951689243317,0.6100004315376282,6.285245183855295,5e-05,0.876812756061554,-0.0019369334079783584
13.820374488830566,353.39,26083328,199,1894,13767,0.24009323120117188,0.1,0.0046288883,5e-05,0.6247846973827109,0.2,5040,0.18909087777137756,0.7225512862205505,6.199624191597104,5e-05,0.8769406080245972,-0.002013512723397071
13.609169960021973,349.98,26214400,200,1894,13837,0.23945541381835939,0.1,0.0045672795,5e-05,0.6571402916451916,0.2,5050,0.1896965056657791,0.7012496590614319,6.1204022657126185,5e-05,0.8713594079017639,-0.001793446060764836
14.195748329162598,361.41,26345472,201,1894,13907,0.24002532958984374,0.1,0.0044808066,5e-05,0.6674914186121896,0.2,5060,0.19027189910411835,0.6384214162826538,6.043131167814136,5e-05,0.8704067468643188,-0.0021260689133669073
13.862545013427734,352.2,26476544,202,1894,13977,0.23812026977539064,0.1,0.0045031747,5e-05,0.7055907464586199,0.2,5070,0.19093358516693115,0.8061623573303223,5.959857890382409,5e-05,0.8617146015167236,-0.0017939200031833024
13.691458702087402,349.98,26607616,203,1894,14047,0.23642730712890625,0.1,0.004504498,5e-05,0.7018563777208329,0.2,5080,0.1915508210659027,0.7059070467948914,5.875755268707872,5e-05,0.8620550632476807,-0.0019580767078423377
14.416703224182129,363.08,26738688,204,1894,14117,0.23153533935546874,0.1,0.004422564,5e-05,0.7151098538655788,0.2,5090,0.1920638531446457,0.8611078858375549,5.809041187539696,5e-05,0.8649064302444458,-0.001780853992113407
13.61945915222168,347.28,26869760,205,1893,14187,0.23224029541015626,0.1,0.0043780115,5e-05,0.6976482829079032,0.2,5100,0.1927143633365631,0.7459554076194763,5.727546740695834,5e-05,0.8574308753013611,-0.0014903218968811416
14.496888160705566,367.99,27000832,206,1893,14257,0.23441543579101562,0.1,0.0042896876,5e-05,0.7386936172842979,0.2,5110,0.19340461492538452,0.8407672643661499,5.6390528496354815,5e-05,0.8510289192199707,-0.0016462991960906948
14.345019340515137,361.76,27131904,207,1893,14327,0.23342437744140626,0.1,0.0043887235,5e-05,0.7045951083768159,0.2,5120,0.19397518038749695,0.8168794512748718,5.562213012576104,5e-05,0.8543180227279663,-0.001518978911008162
14.598827362060547,369.0,27262976,208,1893,14397,0.23782577514648437,0.1,0.0044583967,5e-05,0.7120279676746577,0.2,5130,0.19468311965465546,0.7555832862854004,5.474373469501733,5e-05,0.8573794364929199,-0.0016725969177059596
14.947212219238281,378.39,27394048,209,1893,14467,0.23570480346679687,0.1,0.004403321,5e-05,0.7396047465968877,0.2,5140,0.19532962143421173,0.879172682762146,5.390796402841806,5e-05,0.8547384738922119,-0.001844205240104202
14.594115257263184,366.21,27525120,210,1893,14537,0.2389739990234375,0.1,0.0044783,5e-05,0.73618194446899,0.2,5150,0.19598661363124847,0.8035803437232971,5.305245621874929,5e-05,0.8532296419143677,-0.0018544439475135731
14.08659553527832,355.57,27656192,211,1893,14606,0.23615875244140624,0.1,0.00445303,5e-05,0.713863026839681,0.2,5160,0.19672363996505737,0.7097738981246948,5.217397068068385,5e-05,0.8636418581008911,-0.001501818195447413
14.750962257385254,374.53,27787264,212,1893,14675,0.23776092529296874,0.1,0.004440986,5e-05,0.721124722994864,0.2,5170,0.19742685556411743,0.7762678861618042,5.125540141016245,5e-05,0.8648985624313354,-0.0016639855833091132
14.544325828552246,368.64,27918336,213,1893,14744,0.22710494995117186,0.1,0.0042736814,5e-05,0.7633695262018592,0.2,5180,0.19803647696971893,0.7885738015174866,5.046585056185722,5e-05,0.8538163304328918,-0.001491184735823481
14.543082237243652,362.15,28049408,214,1893,14814,0.231658935546875,0.1,0.004225158,5e-05,0.7605776562355459,0.2,5190,0.19862830638885498,0.7221770882606506,4.972670624777675,5e-05,0.856690526008606,-0.001516588438880717
14.093173027038574,357.63,28180480,215,1893,14883,0.22955474853515626,0.1,0.004424396,5e-05,0.714874499803409,0.2,5200,0.19932550191879272,0.7270891070365906,4.884947027266025,5e-05,0.8647812604904175,-0.001525691458982692
14.388911247253418,366.49,28311552,216,1893,14952,0.22923431396484376,0.1,0.0044047465,5e-05,0.707512721652165,0.2,5210,0.19993020594120026,0.7300435304641724,4.80611854083836,5e-05,0.8654147982597351,-0.0016523159619964644
14.411498069763184,362.3,28442624,217,1893,15022,0.22699203491210937,0.1,0.0042707156,5e-05,0.6966620185179636,0.2,5220,0.20058031380176544,0.7183183431625366,4.7282179415225984,5e-05,0.8608905673027039,-0.0016278196335406392
14.317483901977539,360.39,28573696,218,1893,15092,0.2342498779296875,0.1,0.0044379914,5e-05,0.7072155536618083,0.2,5230,0.20120933651924133,0.6705935001373291,4.649070503935218,5e-05,0.8619984984397888,-0.0020115262367653487
14.682663917541504,368.95,28704768,219,1893,15161,0.23020248413085936,0.1,0.0044057323,5e-05,0.7379472146742045,0.2,5240,0.20186899602413177,0.6971780061721802,4.568544633314014,5e-05,0.8572900295257568,-0.0017286297491864388
14.543354034423828,365.11,28835840,220,1893,15230,0.233782958984375,0.1,0.004304912,5e-05,0.7262929044198245,0.2,5250,0.20259231328964233,0.6832530498504639,4.4808227576315405,5e-05,0.8498746156692505,-0.0018070520152832614
14.720942497253418,369.64,28966912,221,1893,15300,0.2270416259765625,0.1,0.0043172156,5e-05,0.7641737627796829,0.2,5260,0.2032250165939331,0.8473972678184509,4.400657678022981,5e-05,0.8416330814361572,-0.0016434712158115872
14.875732421875,374.89,29097984,222,1893,15367,0.22901229858398436,0.1,0.004328969,5e-05,0.7491696843411774,0.2,5270,0.20389625430107117,0.7991449236869812,4.319318668171763,5e-05,0.8461818099021912,-0.0016127052348565486
15.033661842346191,373.33,29229056,223,1893,15434,0.23435516357421876,0.1,0.0043628262,5e-05,0.7990778718143702,0.2,5280,0.20469534397125244,0.7483289837837219,4.225196500867606,5e-05,0.8316487073898315,-0.0015361760494670307
14.714041709899902,366.39,29360128,224,1894,15501,0.23006744384765626,0.1,0.004226246,5e-05,0.8009533291682601,0.2,5290,0.2054082453250885,0.8291828632354736,4.136263642460108,5e-05,0.8331434726715088,-0.00138786995821647
14.449005126953125,359.1,29491200,225,1894,15567,0.22845001220703126,0.1,0.0042520436,5e-05,0.7802227385807783,0.2,5300,0.20615115761756897,0.7706383466720581,4.047758030891418,5e-05,0.8385623097419739,-0.0015784092519425031
14.752019882202148,367.21,29622272,226,1894,15634,0.23011856079101561,0.1,0.0042396416,5e-05,0.8198951629456133,0.2,5310,0.2067621350288391,0.8174598217010498,3.9698415510356426,5e-05,0.8246191740036011,-0.0016529513304249122
14.525516510009766,371.88,29753344,227,1894,15702,0.23233261108398437,0.1,0.0043109227,5e-05,0.7746578118763864,0.2,5320,0.20751367509365082,0.8685914278030396,3.882366839982569,5e-05,0.8410367965698242,-0.001711794384800669
14.399383544921875,364.82,29884416,228,1895,15769,0.227093505859375,0.1,0.0042538703,5e-05,0.8171832523308694,0.2,5330,0.20817482471466064,0.831935703754425,3.799762912094593,5e-05,0.840389609336853,-0.0016352027838820505
13.943756103515625,363.92,30015488,229,1895,15836,0.22432937622070312,0.1,0.00417745,5e-05,0.7909929133951664,0.2,5340,0.20878255367279053,0.9382225275039673,3.7276038225740193,5e-05,0.8371331691741943,-0.0015547504633104837
14.086636543273926,361.86,30146560,230,1895,15903,0.22597579956054686,0.1,0.0041438034,5e-05,0.7986030729487539,0.2,5350,0.20947618782520294,0.8471378087997437,3.6470295092090965,5e-05,0.8420476913452148,-0.0015533663904534478
13.606942176818848,350.79,30277632,231,1895,15971,0.22820892333984374,0.1,0.004261046,5e-05,0.7728433292824775,0.2,5360,0.21015861630439758,0.7068229913711548,3.564046801254153,5e-05,0.8404250144958496,-0.0016932732536588447
13.498373985290527,344.27,30408704,232,1895,16038,0.22594985961914063,0.1,0.004286156,5e-05,0.7726120801176876,0.2,5370,0.2108757346868515,0.8730398416519165,3.47773068677634,5e-05,0.8389368057250977,-0.001664483024069341
13.246328353881836,344.54,30539776,233,1896,16105,0.22386474609375,0.1,0.004079148,5e-05,0.757727568084374,0.2,5380,0.21157599985599518,0.8999695777893066,3.397990119457245,5e-05,0.8463560342788696,-0.001682963865050624
14.006430625915527,364.57,30670848,234,1896,16171,0.22636337280273439,0.1,0.0044154683,5e-05,0.7518262290861457,0.2,5390,0.21240569651126862,0.7293663024902344,3.3009244507178663,5e-05,0.8461223244667053,-0.001814478057940505
13.685547828674316,355.62,30801920,235,1896,16239,0.22591018676757812,0.1,0.004176366,5e-05,0.6913754347478971,0.2,5400,0.21307086944580078,0.720872163772583,3.219958176650107,5e-05,0.8560690879821777,-0.0017767217425898707
13.48230266571045,349.45,30932992,236,1896,16306,0.22013168334960936,0.1,0.0041281944,5e-05,0.7517378851305694,0.2,5410,0.21369531750679016,0.7901006937026978,3.145126099139452,5e-05,0.8407331109046936,-0.0017323796389064228
13.520544052124023,350.16,31064064,237,1897,16373,0.22435150146484376,0.1,0.00421011,5e-05,0.7086416428908706,0.2,5420,0.2143339216709137,0.7533518671989441,3.071588666178286,5e-05,0.8523931503295898,-0.0017558757992446772
13.478462219238281,348.35,31195136,238,1897,16440,0.2191558837890625,0.1,0.004140624,5e-05,0.7281967461574823,0.2,5430,0.21505112946033478,0.745880126953125,2.990259530954063,5e-05,0.8412180542945862,-0.0017137436848315701
13.551997184753418,357.8,31326208,239,1897,16507,0.2290252685546875,0.1,0.0042469148,5e-05,0.7123388470616192,0.2,5440,0.21579883992671967,0.7421850562095642,2.9038570512086155,5e-05,0.8521934151649475,-0.0018569906542325043
14.125166893005371,368.43,31457280,240,1897,16574,0.22798538208007812,0.1,0.0042960434,5e-05,0.6468272081576287,0.2,5450,0.21649232506752014,0.5779909491539001,2.8219849003478883,5e-05,0.8629119992256165,-0.002097829167996679
13.375561714172363,348.46,31588352,241,1898,16641,0.2243194580078125,0.1,0.0040793065,5e-05,0.6540883349021896,0.2,5460,0.2171558141708374,0.6822444200515747,2.7436278367415072,5e-05,0.8575865626335144,-0.0018309514491193113
13.82809066772461,361.26,31719424,242,1898,16708,0.22292404174804686,0.1,0.0041088024,5e-05,0.6451523951021955,0.2,5470,0.21782025694847107,0.6591664552688599,2.6667977700009944,5e-05,0.8653645515441895,-0.0018212757639958
14.597439765930176,378.13,31850496,243,1898,16775,0.2280548095703125,0.1,0.0043218858,5e-05,0.6791876997100189,0.2,5480,0.21858114004135132,0.78857421875,2.582723651267588,5e-05,0.859656810760498,-0.002079185631373548
14.295309066772461,371.93,31981568,244,1898,16841,0.21928558349609376,0.1,0.0041049947,5e-05,0.6785698211286217,0.2,5490,0.21931730210781097,0.8128664493560791,2.499138379842043,5e-05,0.8514707088470459,-0.0016918917892326136
13.844691276550293,361.31,32112640,245,1899,16908,0.221002197265625,0.1,0.0041130558,5e-05,0.6927668047603219,0.2,5500,0.22006332874298096,0.7165676951408386,2.413018306903541,5e-05,0.8580893874168396,-0.001958830899275199
14.169468879699707,373.86,32243712,246,1899,16975,0.22328033447265624,0.1,0.0040870714,5e-05,0.6756192979170009,0.2,5510,0.22079284489154816,0.5738744735717773,2.331970855034888,5e-05,0.8609094619750977,-0.0018807163099154422
13.813616752624512,357.59,32374784,247,1899,17043,0.22333984375,0.1,0.004184895,5e-05,0.6666101955110207,0.2,5520,0.22158852219581604,0.5923125743865967,2.242633369192481,5e-05,0.856689453125,-0.0019213086431591365
13.717899322509766,359.31,32505856,248,1899,17110,0.22105636596679687,0.1,0.0041779503,5e-05,0.6730035763466731,0.2,5530,0.2224046289920807,0.6181254982948303,2.152811295352876,5e-05,0.8561573624610901,-0.001570556456636041
13.72584342956543,356.25,32636928,249,1900,17177,0.22104644775390625,0.1,0.0041551692,5e-05,0.687775392876938,0.2,5540,0.2232138067483902,0.7890229821205139,2.0586687810719013,5e-05,0.8488083481788635,-0.0019205075528589076
13.948007583618164,364.13,32768000,250,1900,17243,0.22381973266601562,0.1,0.0042723585,5e-05,0.7040652558673173,0.2,5550,0.22403839230537415,0.7602184414863586,1.9674717623740434,5e-05,0.8526527285575867,-0.001688121639062956
13.925559997558594,358.8,32899072,251,1900,17310,0.21759109497070311,0.1,0.0040052375,5e-05,0.6988497181329876,0.2,5560,0.22481411695480347,0.7346153855323792,1.882294766791165,5e-05,0.8492091298103333,-0.0017043876907791855
14.01504898071289,366.57,33030144,252,1900,17377,0.22443084716796874,0.1,0.0041604694,5e-05,0.6808088660007343,0.2,5570,0.22554808855056763,0.6462002992630005,1.7992301507852972,5e-05,0.8564403057098389,-0.001912699797685491
13.932661056518555,360.36,33161216,253,1900,17445,0.22183456420898437,0.1,0.0041620135,5e-05,0.6663934965850785,0.2,5580,0.22631683945655823,0.8300021886825562,1.7149956149980425,5e-05,0.8561745285987854,-0.0019934989829380355
13.764957427978516,358.89,33292288,254,1901,17512,0.22014923095703126,0.1,0.0041283704,5e-05,0.6797805355163291,0.2,5590,0.22707346081733704,0.7080954909324646,1.6307157984003424,5e-05,0.8519506454467773,-0.001894489884853101
14.35567855834961,379.74,33423360,255,1901,17578,0.22226943969726562,0.1,0.0041149417,5e-05,0.6894159876508639,0.2,5600,0.22787132859230042,0.7543250918388367,1.5444157579913735,5e-05,0.8523676991462708,-0.0020582533298693305
13.737452507019043,357.81,33554432,256,1901,17645,0.2190277099609375,0.1,0.0040406166,5e-05,0.6496170498197898,0.2,5610,0.22862426936626434,0.6904276013374329,1.4613812050782145,5e-05,0.8620874285697937,-0.0018885861538365134
13.645264625549316,361.5,33685504,257,1901,17712,0.21464004516601562,0.1,0.0040181763,5e-05,0.6915567873511463,0.2,5620,0.2293725609779358,0.5856916308403015,1.3795443521812558,5e-05,0.8514347076416016,-0.001733017840069806
14.163917541503906,371.86,33816576,258,1902,17779,0.2198822021484375,0.1,0.0041776244,5e-05,0.7197766984580085,0.2,5630,0.23019251227378845,0.7666261792182922,1.2913721799850464,5e-05,0.8465601801872253,-0.0016619437305052998
13.654474258422852,350.39,33947648,259,1902,17845,0.22368087768554687,0.1,0.0041843364,5e-05,0.6798140078550204,0.2,5640,0.23105350136756897,0.7390897274017334,1.1991662125103175,5e-05,0.8502132892608643,-0.00212742014050491
13.773049354553223,361.69,34078720,260,1902,17912,0.21862335205078126,0.1,0.0040111677,5e-05,0.737139819841832,0.2,5650,0.23181824386119843,0.7849645614624023,1.1127301905304194,5e-05,0.8412925601005554,-0.0017795619401113072
13.748993873596191,356.1,34209792,261,1902,17979,0.21614303588867187,0.1,0.004013108,5e-05,0.7404541111085564,0.2,5660,0.23259879648685455,0.7300363779067993,1.031158215738833,5e-05,0.8422393202781677,-0.0017384867572218354
13.510734558105469,356.39,34340864,262,1902,18045,0.21800918579101564,0.1,0.0039562955,5e-05,0.734039775421843,0.2,5670,0.23329807817935944,0.776658833026886,0.9527134287636727,5e-05,0.8436545133590698,-0.0020227160660397205
13.78708267211914,368.5,34471936,263,1903,18111,0.22130584716796875,0.1,0.004068385,5e-05,0.7245146367931738,0.2,5680,0.23417824506759644,0.6200159788131714,0.8651093944907189,5e-05,0.8419890403747559,-0.0016043632930632158
14.036003112792969,359.37,34603008,264,1903,18178,0.21981277465820312,0.1,0.0041041533,5e-05,0.6915784547571093,0.2,5690,0.23495903611183167,0.7288306951522827,0.7793832683004439,5e-05,0.8500272035598755,-0.002071756926670787
13.512679100036621,356.65,34734080,265,1903,18244,0.21788787841796875,0.1,0.004038858,5e-05,0.721419350290671,0.2,5700,0.2357327789068222,0.5929445028305054,0.69597457065247,5e-05,0.8345246315002441,-0.0018423845574943698
13.952301979064941,360.35,34865152,266,1904,18310,0.21339263916015624,0.1,0.003931038,5e-05,0.7388958317227662,0.2,5710,0.2364593893289566,0.832099437713623,0.6179904290474951,5e-05,0.8338848948478699,-0.0017079584688872273
13.851820945739746,361.26,34996224,267,1904,18380,0.21941375732421875,0.1,0.004183167,5e-05,0.7270719020627439,0.2,5720,0.2373286783695221,0.7772857546806335,0.5312759870663285,5e-05,0.8385719060897827,-0.002006284579442763
13.689867973327637,357.48,35127296,268,1903,18449,0.21649017333984374,0.1,0.0041340915,5e-05,0.7696829859632999,0.2,5730,0.23820173740386963,0.6566569805145264,0.4392045364715159,5e-05,0.8273899555206299,-0.001736849699909726
14.072643280029297,365.14,35258368,269,1903,18518,0.2165740966796875,0.1,0.00409347,5e-05,0.7086866207886487,0.2,5740,0.23910509049892426,0.7574810981750488,0.3462834318866953,5e-05,0.8306551575660706,-0.0018794565280131792
13.42996597290039,349.91,35389440,270,1903,18588,0.21755905151367189,0.1,0.0042078504,5e-05,0.7042928031645715,0.2,5750,0.2399827539920807,0.7212858200073242,0.25341643253341317,5e-05,0.8233867287635803,-0.00191922800595421
13.224942207336426,345.65,35520512,271,1903,18657,0.21392593383789063,0.1,0.004014127,5e-05,0.7366032955702394,0.2,5760,0.24086569249629974,0.8846508860588074,0.1609584302874282,5e-05,0.8200932145118713,-0.0019234585348840484
13.315277099609375,345.24,35651584,272,1903,18726,0.2131744384765625,0.1,0.003940739,5e-05,0.7417311093304306,0.2,5770,0.24162164330482483,0.5858871340751648,0.08074098154902458,5e-05,0.818893313407898,-0.001926538030284064
12.647392272949219,328.97,35782656,273,1903,18796,0.21852951049804686,0.1,0.0039961194,5e-05,0.7227006304776296,0.2,5780,0.24244731664657593,0.6051843762397766,-0.003898916393518448,5e-05,0.8183226585388184,-0.0020286970032429965
12.921126365661621,338.03,35913728,274,1903,18865,0.20553359985351563,0.1,0.0037922598,5e-05,0.7826152977533638,0.2,5790,0.24315904080867767,0.7765896916389465,-0.0792445912025869,5e-05,0.813098669052124,-0.0016928385479332065
12.764126777648926,332.43,36044800,275,1903,18934,0.21515045166015626,0.1,0.004022438,5e-05,0.7615748862735927,0.2,5800,0.24399226903915405,0.6401720643043518,-0.16169363664230332,5e-05,0.8175868988037109,-0.002003277985477325
13.08188247680664,341.36,36175872,276,1903,19003,0.21106109619140626,0.1,0.003931849,5e-05,0.7655012105125933,0.2,5810,0.24478252232074738,0.7887896299362183,-0.24304544292390345,5e-05,0.8291343450546265,-0.0017076847928365168
13.043207168579102,341.06,36306944,277,1903,19072,0.21346511840820312,0.1,0.0039553978,5e-05,0.7635541658848524,0.2,5820,0.24556417763233185,0.8109446167945862,-0.32485331108327953,5e-05,0.8169045448303223,-0.0020181606414098495
12.384897232055664,323.67,36438016,278,1903,19141,0.20776596069335937,0.1,0.0038674977,5e-05,0.743321247631684,0.2,5830,0.2463574856519699,0.6222201585769653,-0.4041267773369327,5e-05,0.8251669406890869,-0.0018951644196476991
12.892912864685059,337.5,36569088,279,1903,19210,0.20935440063476562,0.1,0.003930842,5e-05,0.762465939577669,0.2,5840,0.247195765376091,0.7467579245567322,-0.4867618719115853,5e-05,0.8131382465362549,-0.001889893129509801
12.899462699890137,339.58,36700160,280,1903,19279,0.21019287109375,0.1,0.004004768,5e-05,0.7566639070399106,0.2,5850,0.24819402396678925,0.8677189350128174,-0.5848587699234485,5e-05,0.8058757781982422,-0.0019058788516758795
13.251874923706055,342.89,36831232,281,1903,19348,0.21051101684570311,0.1,0.0039671445,5e-05,0.7911543353460729,0.2,5860,0.2490071803331375,0.7921673059463501,-0.6716712542809546,5e-05,0.8073867559432983,-0.001863203492894172
12.579318046569824,325.19,36962304,282,1903,19417,0.2101654052734375,0.1,0.00392572,5e-05,0.7408240430988371,0.2,5870,0.24979938566684723,0.6558625102043152,-0.7525506462901831,5e-05,0.8025543689727783,-0.0018488687553599448
12.444180488586426,325.61,37093376,283,1903,19486,0.21268539428710936,0.1,0.00400413,5e-05,0.7609746430534869,0.2,5880,0.2506651282310486,0.638472318649292,-0.835490292776376,5e-05,0.8173143267631531,-0.002126050137803759
13.394153594970703,354.7,37224448,284,1903,19555,0.2085296630859375,0.1,0.0037340515,5e-05,0.7699087405577302,0.2,5890,0.2515237033367157,0.7383916974067688,-0.9209955822210759,5e-05,0.8097769618034363,-0.0019571228596305446
12.937939643859863,349.38,37355520,285,1903,19624,0.20960693359375,0.1,0.0038046055,5e-05,0.745461970148608,0.2,5900,0.2523024380207062,0.6785690784454346,-0.9994345669168979,5e-05,0.8209682703018188,-0.0020914164134410384
12.858551025390625,349.01,37486592,286,1903,19692,0.2114898681640625,0.1,0.0039581386,5e-05,0.7584598884917796,0.2,5910,0.2531067728996277,0.6469132304191589,-1.0786953253671527,5e-05,0.8226400017738342,-0.002157194830078879
13.195428848266602,354.14,37617664,287,1903,19761,0.2093292236328125,0.1,0.003953944,5e-05,0.7090891004074364,0.2,5920,0.25396254658699036,0.649904727935791,-1.1633871144615113,5e-05,0.8366579413414001,-0.00187328064803296
13.302984237670898,358.45,37748736,288,1903,19830,0.21194915771484374,0.1,0.0040154476,5e-05,0.734004684863612,0.2,5930,0.2548394501209259,0.7517892122268677,-1.2479152415879071,5e-05,0.8306610584259033,-0.002194096149651159
13.267867088317871,353.26,37879808,289,1903,19898,0.20883026123046874,0.1,0.0038383794,5e-05,0.7262637251522392,0.2,5940,0.2557328939437866,0.8302394151687622,-1.334960472676903,5e-05,0.8401145935058594,-0.001962363438724424
12.938948631286621,347.75,38010880,290,1903,19968,0.21226806640625,0.1,0.004028717,5e-05,0.7078244343865663,0.2,5950,0.25656047463417053,0.5841593742370605,-1.416885696258396,5e-05,0.8413158655166626,-0.0018374598419768518
13.44140625,359.98,38141952,291,1903,20037,0.21260223388671876,0.1,0.004035597,5e-05,0.7297474431805313,0.2,5960,0.25741758942604065,0.6064690947532654,-1.5023707039654255,5e-05,0.8331868648529053,-0.002110796963734174
13.528630256652832,358.31,38273024,292,1903,20105,0.20945663452148439,0.1,0.003981144,5e-05,0.7279071948025375,0.2,5970,0.2582293748855591,0.744934618473053,-1.5799653911963105,5e-05,0.8426648378372192,-0.0021144411708974077
13.519218444824219,368.81,38404096,293,1903,20173,0.21214218139648439,0.1,0.0039006039,5e-05,0.7212382948957383,0.2,5980,0.2591540515422821,0.7121797800064087,-1.6690361735410988,5e-05,0.8363016843795776,-0.002233608109600027
13.09753704071045,351.59,38535168,294,1903,20242,0.21052703857421876,0.1,0.003948178,5e-05,0.7376642297953367,0.2,5990,0.25991177558898926,0.7788891792297363,-1.7446317042224109,5e-05,0.8297104835510254,-0.002250086400977125
13.342508316040039,351.82,38666240,295,1903,20309,0.21046142578125,0.1,0.0040149586,5e-05,0.7455118417739868,0.2,6000,0.26073259115219116,0.7264031767845154,-1.822017878200859,5e-05,0.828915536403656,-0.0021986794791246213
13.379015922546387,351.68,38797312,296,1904,20375,0.20372161865234376,0.1,0.0038780537,5e-05,0.769052536925301,0.2,6010,0.2615365982055664,0.7885304689407349,-1.8991964188404382,5e-05,0.8228654861450195,-0.0017433144240385444
13.245880126953125,349.51,38928384,297,1904,20440,0.20451202392578124,0.1,0.003752742,5e-05,0.8061562582384795,0.2,6020,0.2623838484287262,0.7363885045051575,-1.9792041434906422,5e-05,0.8071253299713135,-0.0018232864752462774
13.002481460571289,345.09,39059456,298,1904,20506,0.20526504516601562,0.1,0.0037468332,5e-05,0.7843220514710992,0.2,6030,0.26328566670417786,0.8183923363685608,-2.062454034667462,5e-05,0.8116655945777893,-0.0020957559131147717
12.922992706298828,339.65,39190528,299,1905,20572,0.20918045043945313,0.1,0.0038563302,5e-05,0.7706950042862445,0.2,6040,0.26417744159698486,0.6850801706314087,-2.1478629197925327,5e-05,0.813936710357666,-0.0021742721364717
13.058910369873047,345.56,39321600,300,1905,20637,0.20901031494140626,0.1,0.0038947328,5e-05,0.8287337149493397,0.2,6050,0.26515427231788635,0.7704488039016724,-2.2372342789545656,5e-05,0.8013410568237305,-0.002064124203297979
12.7890043258667,338.57,39452672,301,1905,20703,0.20627670288085936,0.1,0.003752856,5e-05,0.7926250734366477,0.2,6060,0.2661089599132538,0.5787556767463684,-2.328628349490464,5e-05,0.7992311120033264,-0.002064370228890766
13.223217010498047,354.87,39583744,302,1905,20769,0.20495452880859374,0.1,0.0037896968,5e-05,0.8093841357156635,0.2,6070,0.26699772477149963,0.7306485176086426,-2.410832080617547,5e-05,0.8008142709732056,-0.002006508797603601
13.33886432647705,352.07,39714816,303,1906,20835,0.20529861450195314,0.1,0.003852203,5e-05,0.7886245702859014,0.2,6080,0.26788726449012756,0.7355731129646301,-2.495369360037148,5e-05,0.8051646947860718,-0.0019179379722572775
12.738059043884277,340.81,39845888,304,1906,20901,0.20768966674804687,0.1,0.003813267,5e-05,0.7836705965455621,0.2,6090,0.2687421441078186,0.7401833534240723,-2.57387092448771,5e-05,0.8034096956253052,-0.0023683611434080374
13.386104583740234,354.67,39976960,305,1906,20967,0.21046218872070313,0.1,0.004012676,5e-05,0.7848379297647625,0.2,6100,0.26979053020477295,0.9138153195381165,-2.6700442055240274,5e-05,0.8027127981185913,-0.002098890149318322
13.12278938293457,352.2,40108032,306,1906,21033,0.2108795166015625,0.1,0.0039505325,5e-05,0.7305192390922457,0.2,6110,0.27079716324806213,0.7344813346862793,-2.7640695855021478,5e-05,0.8133575916290283,-0.0021899814944390528
