time/time_elapsed,time/total_timesteps,rollout/ep_rew_mean,time/iterations,rollout/ep_len_mean,time/fps,train/policy_gradient_loss,train/value_loss,train/clip_range_vf,train/loss,train/explained_variance,train/n_updates,train/std,train/entropy_loss,train/clip_range,train/clip_fraction,train/approx_kl,train/learning_rate
8,131072,18.178865432739258,1,211.29,15014,,,,,,,,,,,,
20,262144,59.42011642456055,2,1000.0,12698,-0.0009362678716570372,2.755019867233932,0.2,5.038559913635254,-0.0870734453201294,10,0.05022032558917999,37.836395385861394,0.1,0.13017196655273439,0.003393017,1e-05
32,393216,16.209442138671875,3,520.15,12276,-0.0017389681279382785,0.6304463325068355,0.2,2.4876341819763184,-0.4745522737503052,20,0.050647031515836716,37.62478545606136,0.1,0.12227783203125,0.0031132705,1e-05
43,524288,34.34590530395508,4,956.04,11942,-0.0022878454428791883,0.5415162103949115,0.2,2.379021644592285,0.14877700805664062,30,0.05104962736368179,37.430513590574265,0.1,0.1162445068359375,0.0030150227,1e-05
55,655360,19.985004425048828,5,598.33,11850,-0.001574122125566646,0.5385942476103083,0.2,2.4002137184143066,0.14549440145492554,40,0.051476508378982544,37.23372274339199,0.1,0.12611541748046876,0.003152951,1e-05
66,786432,29.195480346679688,6,811.76,11750,-0.002087566916816286,0.4927647636737674,0.2,2.3415424823760986,0.3801642060279846,50,0.05189140886068344,37.03863559961319,0.1,0.12596969604492186,0.003073922,1e-05
78,917504,22.155885696411133,7,631.09,11695,-0.0016925801171055355,0.47274405469652264,0.2,2.2865593433380127,0.4001777768135071,60,0.05232628434896469,36.84111125767231,0.1,0.12987823486328126,0.003200253,1e-05
89,1048576,26.725542068481445,8,750.88,11650,-0.0019123123433928413,0.43478739506099373,0.2,2.2645084857940674,0.482404887676239,70,0.05275746434926987,36.64340100586414,0.1,0.12618331909179686,0.0031936904,1e-05
101,1179648,24.497459411621094,9,690.56,11623,-0.0017599142845028837,0.4076990540372208,0.2,2.2125067710876465,0.4688878655433655,80,0.05320246145129204,36.443477511405945,0.1,0.13321533203125,0.0032604027,1e-05
113,1310720,25.71533203125,10,720.5,11579,-0.0017313569688667484,0.38159393456298857,0.2,2.1765501499176025,0.5200721025466919,90,0.05364407226443291,36.244389969110486,0.1,0.12896881103515626,0.003170072,1e-05
124,1441792,23.933320999145508,11,682.1,11562,-0.0018714100814577251,0.3605603726580739,0.2,2.1532623767852783,0.5809347629547119,100,0.05409383401274681,36.044851526618004,0.1,0.13421173095703126,0.0033091537,1e-05
136,1572864,26.30810546875,12,727.67,11524,-0.001870473573126219,0.3518570963758975,0.2,2.1307106018066406,0.6160355806350708,110,0.05455094203352928,35.84364620745182,0.1,0.12922515869140624,0.003209039,1e-05
148,1703936,25.730661392211914,13,713.33,11494,-0.0020523933690128615,0.329223877703771,0.2,2.1193580627441406,0.6165074110031128,120,0.055024437606334686,35.639221826195715,0.1,0.13312911987304688,0.0033306396,1e-05
159,1835008,23.579519271850586,14,662.23,11489,-0.001946659412351437,0.3522920811315998,0.2,2.075610876083374,0.6127246022224426,130,0.05549070984125137,35.43420518934727,0.1,0.13718490600585936,0.003328253,1e-05
171,1966080,23.353351593017578,15,664.36,11453,-0.0016499549994478003,0.3179376512067392,0.2,2.054682731628418,0.7167881727218628,140,0.055958233773708344,35.2327811986208,0.1,0.13087310791015624,0.003274962,1e-05
183,2097152,25.911296844482422,16,718.25,11442,-0.0015642806083633332,0.3446723341010511,0.2,2.041346311569214,0.7084999084472656,150,0.05642741918563843,35.03198057711124,0.1,0.13182525634765624,0.0032247999,1e-05
195,2228224,24.379098892211914,17,674.47,11426,-0.0019025915893507773,0.3211410882533528,0.2,2.021092176437378,0.7296289205551147,160,0.05691332370042801,34.8291993200779,0.1,0.13703536987304688,0.0033849597,1e-05
206,2359296,26.167516708374023,18,715.42,11429,-0.0015621350971741776,0.34507719257380814,0.2,2.140669345855713,0.7106994390487671,170,0.05741048604249954,34.62140837311745,0.1,0.13741378784179686,0.0033919949,1e-05
217,2490368,25.388229370117188,19,707.41,11426,-0.0013461774076859,0.35191243374720216,0.2,2.1391592025756836,0.7366601824760437,180,0.057908736169338226,34.414391458034515,0.1,0.13150863647460936,0.0032799088,1e-05
229,2621440,26.368860244750977,20,722.95,11432,-0.001287833117203263,0.37377858251566065,0.2,2.129572868347168,0.7400099039077759,190,0.05840141698718071,34.20872125029564,0.1,0.13918609619140626,0.0033649248,1e-05
240,2752512,24.084157943725586,21,667.68,11430,-0.0016072090013949491,0.37065347846364605,0.2,2.000605583190918,0.7575379014015198,200,0.05890895426273346,34.00349009037018,0.1,0.14061355590820312,0.0033771258,1e-05
252,2883584,26.25301742553711,22,726.75,11411,-0.0014227739334273792,0.3732907381257974,0.2,2.154780387878418,0.7435243129730225,210,0.05941002070903778,33.79803257882595,0.1,0.1386260986328125,0.003361653,1e-05
264,3014656,28.20102310180664,23,769.11,11417,-0.0012882075853667629,0.4674508603289723,0.2,2.198620319366455,0.7520039081573486,220,0.05992179736495018,33.593791553378104,0.1,0.13875961303710938,0.0033839494,1e-05
275,3145728,23.981712341308594,24,664.07,11408,-0.0014756906516595336,0.4252477707224898,0.2,2.0904810428619385,0.7677800059318542,230,0.06043904274702072,33.38796991407871,0.1,0.14046478271484375,0.0033895695,1e-05
287,3276800,28.568096160888672,25,775.58,11404,-0.0011662465742119821,0.49243179433979095,0.2,2.053067445755005,0.7600192427635193,240,0.06095021963119507,33.18354965746403,0.1,0.13854522705078126,0.003370386,1e-05
298,3407872,28.185802459716797,26,767.88,11403,-0.0013839814334460244,0.4810460601118393,0.2,2.127410888671875,0.7554861307144165,250,0.061481162905693054,32.97812124490738,0.1,0.142926025390625,0.003465854,1e-05
310,3538944,23.733299255371094,27,667.62,11398,-0.0014034810225894035,0.5243551420047879,0.2,2.218984365463257,0.7683753967285156,260,0.06200725957751274,32.77209326922893,0.1,0.14117202758789063,0.0034725768,1e-05
322,3670016,28.440011978149414,28,782.11,11397,-0.0015055281306558753,0.48951749014668167,0.2,2.0685837268829346,0.8092570900917053,270,0.06253579258918762,32.56851012408733,0.1,0.140960693359375,0.003402936,1e-05
333,3801088,24.85589027404785,29,681.96,11388,-0.001064051520643261,0.5050844772951677,0.2,2.1507186889648438,0.7526924014091492,280,0.06308196485042572,32.361749827861786,0.1,0.14018630981445312,0.0034930073,1e-05
345,3932160,24.087963104248047,30,682.0,11394,-0.0011958847349887946,0.5336007083300501,0.2,1.9813563823699951,0.7851524949073792,290,0.06362214684486389,32.15530450344086,0.1,0.13476028442382812,0.0033772313,1e-05
356,4063232,24.03705406188965,31,678.19,11393,-0.0014507026386127108,0.5229746817378327,0.2,2.156816005706787,0.8109474182128906,300,0.06416482478380203,31.95143855959177,0.1,0.13752899169921876,0.003303635,1e-05
367,4194304,23.993515014648438,32,671.21,11399,-0.0017483881607404327,0.5480913802515716,0.2,2.1863372325897217,0.8098533153533936,310,0.06473380327224731,31.742398178577425,0.1,0.14543991088867186,0.0035203476,1e-05
379,4325376,25.142988204956055,33,692.62,11392,-0.0012956865109117644,0.49154709896538407,0.2,1.929875373840332,0.8167980313301086,320,0.06528596580028534,31.535755278170107,0.1,0.13727798461914062,0.0033558416,1e-05
391,4456448,23.202917098999023,34,655.46,11395,-0.0011035786990760243,0.5493740755366161,0.2,2.1038880348205566,0.7787338495254517,330,0.06586312502622604,31.32724374383688,0.1,0.13187713623046876,0.0033089998,1e-05
402,4587520,25.908281326293945,35,717.46,11392,-0.0014136740886897315,0.5172379129799083,0.2,2.197584867477417,0.8035234808921814,340,0.06641239672899246,31.1232852101326,0.1,0.13958358764648438,0.0034076958,1e-05
414,4718592,25.473886489868164,36,705.61,11397,-0.0012959334855622729,0.5806407035328448,0.2,2.255948066711426,0.7958250641822815,350,0.06697970628738403,30.920662420988084,0.1,0.139373779296875,0.003346896,1e-05
425,4849664,25.567785263061523,37,709.14,11396,-0.0013056904965196737,0.4752281842054799,0.2,2.1404361724853516,0.7977491021156311,360,0.06756381690502167,30.714250382781028,0.1,0.13921737670898438,0.0034328683,1e-05
437,4980736,25.365890502929688,38,702.01,11396,-0.0010446395668623153,0.636375664244406,0.2,2.2199506759643555,0.7918327450752258,370,0.06814324110746384,30.507972246408464,0.1,0.13640060424804687,0.0033363658,1e-05
448,5111808,28.121442794799805,39,769.49,11385,-0.0014480088499112752,0.5116950733587146,0.2,2.1278281211853027,0.8209349513053894,380,0.06872028112411499,30.304791167378426,0.1,0.13773574829101562,0.0034635332,1e-05
460,5242880,25.952831268310547,40,712.52,11385,-0.0011625968618318439,0.5610676342854276,0.2,2.3183510303497314,0.7924621105194092,390,0.06931757181882858,30.09920785278082,0.1,0.13458328247070311,0.003424319,1e-05
472,5373952,27.2325496673584,41,743.43,11377,-0.0014807151880631864,0.5002419533906505,0.2,1.8565796613693237,0.7980419993400574,400,0.06993614882230759,29.88828616887331,0.1,0.14535293579101563,0.00358755,1e-05
483,5505024,26.1767578125,42,719.21,11381,-0.0009453846363612683,0.6156360811321064,0.2,2.100111246109009,0.7581158876419067,410,0.070540651679039,29.678587843477725,0.1,0.132672119140625,0.003353456,1e-05
495,5636096,26.4444580078125,43,736.12,11378,-0.0012396461881508003,0.5128669064957648,0.2,1.897847056388855,0.8180984854698181,420,0.07114321738481522,29.474390709400176,0.1,0.1331207275390625,0.003243735,1e-05
506,5767168,26.096363067626953,44,721.58,11376,-0.0015883943433436798,0.5719869188731537,0.2,1.9275926351547241,0.805244505405426,430,0.07175984233617783,29.268305365741252,0.1,0.14263687133789063,0.0036474261,1e-05
518,5898240,27.94342613220215,45,763.8,11370,-0.001354975494541577,0.5126060889917425,0.2,1.8813626766204834,0.8061991333961487,440,0.07238715887069702,29.06003908216953,0.1,0.134869384765625,0.0034474381,1e-05
530,6029312,27.701391220092773,46,763.46,11370,-0.0010479105987542426,0.5664646107936278,0.2,2.235102653503418,0.7671663761138916,450,0.073011115193367,28.85248602181673,0.1,0.13550262451171874,0.0033068685,1e-05
541,6160384,22.962890625,47,652.39,11366,-0.001248286435384216,0.5230059911264107,0.2,2.0846710205078125,0.8016582131385803,460,0.07364711165428162,28.64605087786913,0.1,0.13758163452148436,0.003450525,1e-05
553,6291456,25.849803924560547,48,711.72,11370,-0.0012982842611563683,0.5975650585489347,0.2,1.867119550704956,0.8122598528862,470,0.07428956776857376,28.437105913460254,0.1,0.13011093139648439,0.0033477554,1e-05
565,6422528,26.121925354003906,49,715.15,11366,-0.0011907584719665465,0.47279508896172046,0.2,1.9321255683898926,0.7872970104217529,480,0.07493837922811508,28.228592078387738,0.1,0.13441238403320313,0.0033844481,1e-05
576,6553600,26.541519165039062,50,731.55,11360,-0.0014552790669768,0.5723732898710295,0.2,1.9023857116699219,0.7898673415184021,490,0.07559129595756531,28.019706270098688,0.1,0.1387359619140625,0.003439447,1e-05
588,6684672,27.881010055541992,51,765.72,11358,-0.0013512704630556983,0.5256922772852703,0.2,1.8355015516281128,0.811016321182251,500,0.0762748271226883,27.807816511392595,0.1,0.13377761840820312,0.0034134674,1e-05
600,6815744,26.062515258789062,52,722.65,11353,-0.001306324604047404,0.5450015684822574,0.2,2.0010554790496826,0.7777032256126404,510,0.07693411409854889,27.596867479383945,0.1,0.13671646118164063,0.003455426,1e-05
612,6946816,26.96076202392578,53,740.32,11350,-0.0011234259050979744,0.5677430744515732,0.2,1.8201271295547485,0.7913097143173218,520,0.0776001363992691,27.390043689310552,0.1,0.13044967651367187,0.003326959,1e-05
623,7077888,26.186809539794922,54,729.4,11351,-0.001309503217362362,0.5367305140243843,0.2,1.7924914360046387,0.8091871738433838,530,0.07826461642980576,27.184969821572302,0.1,0.1360748291015625,0.0034275167,1e-05
635,7208960,29.477760314941406,55,808.19,11352,-0.0013523511412131483,0.5786280362168327,0.2,1.8719379901885986,0.8000333905220032,540,0.07894609868526459,26.97796607017517,0.1,0.134521484375,0.0034213092,1e-05
646,7340032,26.31475257873535,56,736.54,11348,-0.0011953846175856598,0.512383010610938,0.2,1.885986089706421,0.8005384802818298,550,0.07961858808994293,26.772648429870607,0.1,0.13030471801757812,0.0033486844,1e-05
658,7471104,30.93960189819336,57,843.3,11349,-0.0014070505487325136,0.585331148491241,0.2,1.8385320901870728,0.8020609617233276,560,0.0803147703409195,26.565728192031383,0.1,0.13233871459960939,0.003355223,1e-05
670,7602176,23.27605438232422,58,658.92,11345,-0.0015338713385972369,0.4681453596567735,0.2,1.6792283058166504,0.7943767309188843,570,0.08102037757635117,26.356801050901414,0.1,0.135919189453125,0.003498811,1e-05
681,7733248,25.11074447631836,59,707.04,11346,-0.0011917182170691377,0.5788684458471834,0.2,1.86348557472229,0.7880750894546509,580,0.08172748982906342,26.14725870937109,0.1,0.12750244140625,0.0032639026,1e-05
693,7864320,27.9525146484375,60,772.48,11343,-0.0013347640855499777,0.5229165029944852,0.2,1.8627665042877197,0.8013193607330322,590,0.08243061602115631,25.940646634995936,0.1,0.1301666259765625,0.0033114892,1e-05
704,7995392,25.105680465698242,61,710.07,11345,-0.0013553712698922027,0.5323897401569411,0.2,1.6828978061676025,0.7821332812309265,600,0.08315756916999817,25.73162819892168,0.1,0.13648681640625,0.0034449687,1e-05
716,8126464,27.630659103393555,62,765.04,11340,-0.0010646260885550872,0.5439708224963397,0.2,1.8630397319793701,0.7939761281013489,610,0.08387182652950287,25.52480482459068,0.1,0.12835617065429689,0.003304103,1e-05
728,8257536,27.255327224731445,63,762.89,11340,-0.0014418966151424684,0.5441907744854688,0.2,1.622534990310669,0.7868639230728149,620,0.08463229984045029,25.31278695911169,0.1,0.130108642578125,0.0034235306,1e-05
740,8388608,26.11095428466797,64,728.72,11334,-0.001551883225874917,0.5326413671020418,0.2,1.787471055984497,0.7898309230804443,630,0.0853700339794159,25.10096415132284,0.1,0.13213882446289063,0.0033540416,1e-05
751,8519680,25.75537109375,65,729.17,11331,-0.0013077494364551966,0.5432164323981852,0.2,1.745061993598938,0.8051388263702393,640,0.08609358966350555,24.895956690609456,0.1,0.12623825073242187,0.00321511,1e-05
763,8650752,28.32146644592285,66,774.96,11332,-0.0013598848581750644,0.5510785316582769,0.2,1.8017616271972656,0.809225857257843,650,0.08682772517204285,24.692352011799812,0.1,0.13024978637695311,0.003357037,1e-05
775,8781824,28.07516098022461,67,768.67,11330,-0.0013836247175277095,0.5055342206265777,0.2,1.7827141284942627,0.7692434787750244,660,0.08762089908123016,24.48060635179281,0.1,0.12808685302734374,0.0034406364,1e-05
786,8912896,27.521442413330078,68,757.48,11332,-0.0011636777675448685,0.5511700904695317,0.2,1.6934857368469238,0.7569813132286072,670,0.08837991207838058,24.2689786657691,0.1,0.1293243408203125,0.0032885228,1e-05
798,9043968,26.74167251586914,69,754.18,11328,-0.0012554731873024138,0.5346751754172147,0.2,1.7320575714111328,0.7950563430786133,680,0.08915512263774872,24.060969568789005,0.1,0.12771835327148437,0.0033025558,1e-05
810,9175040,25.81848907470703,70,725.01,11325,-0.0016738886862185608,0.5525138981174678,0.2,1.8511897325515747,0.8013445138931274,690,0.08995001018047333,23.849082773923875,0.1,0.1331817626953125,0.0034541932,1e-05
821,9306112,27.382001876831055,71,767.48,11324,-0.0016226121810177575,0.5226017396198586,0.2,1.607813835144043,0.81658536195755,700,0.09072660654783249,23.639781630039217,0.1,0.1315643310546875,0.00332376,1e-05
833,9437184,29.538148880004883,72,812.28,11321,-0.0012861008015534025,0.5406228497391566,0.2,1.7911726236343384,0.7837986946105957,710,0.09151597321033478,23.432248467206954,0.1,0.12752532958984375,0.0033204341,1e-05
844,9568256,26.657758712768555,73,750.92,11324,-0.001607772440820554,0.5403442455921322,0.2,1.7521843910217285,0.7591153979301453,720,0.09234398603439331,23.21953950673342,0.1,0.13666763305664062,0.0034876699,1e-05
856,9699328,25.672985076904297,74,723.18,11324,-0.0015641055143532866,0.568597199767828,0.2,1.694872498512268,0.7922717928886414,730,0.0931611880660057,23.006903441250323,0.1,0.1231414794921875,0.0032530054,1e-05
867,9830400,27.380971908569336,75,761.8,11326,-0.001559802800511534,0.48686828576028346,0.2,1.777024269104004,0.7899786829948425,740,0.09396935999393463,22.797506511211395,0.1,0.13369064331054686,0.0033870353,1e-05
879,9961472,27.081552505493164,76,754.58,11323,-0.0011806938648987852,0.5877208412159234,0.2,1.7770099639892578,0.7615118026733398,750,0.09478843212127686,22.589174354076384,0.1,0.12306442260742187,0.0032377723,1e-05
891,10092544,27.697080612182617,77,768.65,11323,-0.0016324341590006953,0.5227165690623223,0.2,1.5577852725982666,0.8097869157791138,760,0.09560178965330124,22.38322517722845,0.1,0.13156814575195314,0.0033270675,1e-05
903,10223616,24.615234375,78,706.79,11321,-0.0014473183348854945,0.5421283331234008,0.2,1.5780211687088013,0.805483341217041,770,0.09642880409955978,22.177032051980497,0.1,0.1257476806640625,0.003206287,1e-05
914,10354688,25.664440155029297,79,734.81,11323,-0.0013066468034594436,0.4949976642616093,0.2,1.3966500759124756,0.8195438385009766,780,0.09726875275373459,21.9693671643734,0.1,0.12040481567382813,0.0032196348,1e-05
925,10485760,29.002962112426758,80,793.78,11324,-0.0012487154007430946,0.530397403310053,0.2,1.3687102794647217,0.8112123012542725,790,0.09811430424451828,21.761293022334577,0.1,0.12536544799804689,0.003269984,1e-05
937,10616832,28.892091751098633,81,802.24,11327,-0.0011786370342633744,0.5080369927221909,0.2,1.5474064350128174,0.7298734784126282,800,0.09897273778915405,21.55260899811983,0.1,0.12650985717773439,0.0033398177,1e-05
948,10747904,24.295190811157227,82,693.41,11327,-0.001308974232597393,0.5663087180349976,0.2,1.554626703262329,0.7521024942398071,810,0.09983199834823608,21.344363933801652,0.1,0.12386932373046874,0.0032287384,1e-05
960,10878976,26.8156795501709,83,760.16,11329,-0.0015269424919097218,0.5134095074143261,0.2,1.6393442153930664,0.8259036540985107,820,0.1006949171423912,21.137692925333976,0.1,0.12686920166015625,0.003275739,1e-05
971,11010048,26.242136001586914,84,738.65,11330,-0.0014697010334202786,0.5395576944341883,0.2,1.6733651161193848,0.7928574681282043,830,0.10155376046895981,20.933080640435218,0.1,0.1270477294921875,0.0032787528,1e-05
983,11141120,26.69680404663086,85,759.39,11333,-0.001572652784670936,0.5019964220467955,0.2,1.4380934238433838,0.8012036681175232,840,0.10245881974697113,20.72375508546829,0.1,0.12620086669921876,0.0033326729,1e-05
994,11272192,25.498878479003906,86,722.11,11333,-0.0015908698880593875,0.504778892826289,0.2,1.4429514408111572,0.7889879941940308,850,0.10335790365934372,20.512461476027966,0.1,0.12569656372070312,0.0033481545,1e-05
1006,11403264,25.753746032714844,87,739.54,11333,-0.0015073878930706996,0.5338997720042243,0.2,1.807539939880371,0.7719066739082336,860,0.10426370799541473,20.303298576176168,0.1,0.12424468994140625,0.0032464901,1e-05
1017,11534336,26.074888229370117,88,753.36,11332,-0.0015480499574550776,0.5221090770093724,0.2,1.5839985609054565,0.8198845386505127,870,0.1051601767539978,20.09591982215643,0.1,0.12149276733398437,0.0032725453,1e-05
1029,11665408,25.73784828186035,89,738.75,11329,-0.0013286784023875953,0.4853766111074947,0.2,1.382135033607483,0.8134943842887878,880,0.10607513785362244,19.889045086503028,0.1,0.1184051513671875,0.0032232627,1e-05
1041,11796480,24.943466186523438,90,728.28,11331,-0.0013316033322553268,0.5433008479420096,0.2,1.5098670721054077,0.7842885255813599,890,0.10698424279689789,19.682569244503973,0.1,0.1222015380859375,0.0032400643,1e-05
1052,11927552,26.372974395751953,91,752.66,11329,-0.0015652615433282336,0.48567508066771553,0.2,1.4012508392333984,0.7993630170822144,900,0.10789936780929565,19.478706265985966,0.1,0.1232086181640625,0.0032686589,1e-05
1064,12058624,24.33600616455078,92,714.84,11331,-0.001407568560080108,0.5515632696915418,0.2,1.609715461730957,0.7986531257629395,910,0.10882830619812012,19.272875402867793,0.1,0.122406005859375,0.0032544897,1e-05
1075,12189696,26.754655838012695,93,764.46,11330,-0.001439625129205524,0.4745464858133346,0.2,1.379127025604248,0.8219109773635864,920,0.10979440808296204,19.063908982276917,0.1,0.11689834594726563,0.0032021813,1e-05
1087,12320768,26.623497009277344,94,757.03,11332,-0.0015399658501337398,0.5344856572337449,0.2,1.5135538578033447,0.7721607685089111,930,0.11076544225215912,18.851746074855328,0.1,0.12436752319335938,0.0033045535,1e-05
1098,12451840,25.755386352539062,95,740.51,11332,-0.0014176433425745927,0.48989772573113444,0.2,1.4685568809509277,0.7948180437088013,940,0.11174313724040985,18.641271372139453,0.1,0.11434478759765625,0.003193648,1e-05
1110,12582912,26.441904067993164,96,760.36,11332,-0.0016829066534228333,0.552603897312656,0.2,1.4483578205108643,0.8080308437347412,950,0.11270463466644287,18.432744693756103,0.1,0.12667999267578126,0.0033392794,1e-05
1121,12713984,26.630422592163086,97,763.65,11334,-0.0016352193553757389,0.4657648312626407,0.2,1.415313959121704,0.8366894721984863,960,0.11369773745536804,18.22477672547102,0.1,0.11956405639648438,0.0032239726,1e-05
1133,12845056,26.544662475585938,98,750.58,11331,-0.0015626640584741835,0.4730756985838525,0.2,1.45455002784729,0.7957623600959778,970,0.11470012366771698,18.014241003990172,0.1,0.1251220703125,0.0033310477,1e-05
1145,12976128,26.940229415893555,99,762.81,11331,-0.001547658790332207,0.5558876355178655,0.2,1.3476405143737793,0.7404207587242126,980,0.11572453379631042,17.80196543633938,0.1,0.1199920654296875,0.0032561636,1e-05
1156,13107200,27.975757598876953,100,795.12,11330,-0.0014480411648946756,0.5032754378626123,0.2,1.2021684646606445,0.7617529034614563,990,0.11672846972942352,17.592142236232757,0.1,0.114801025390625,0.003118582,1e-05
1168,13238272,24.974260330200195,101,723.44,11329,-0.0014857235892122844,0.5242472043028101,0.2,1.3631079196929932,0.7857540845870972,1000,0.11775191873311996,17.383637487888336,0.1,0.11881942749023437,0.0032239277,1e-05
1180,13369344,26.665407180786133,102,767.37,11329,-0.0015754533863400865,0.5191738162073307,0.2,1.4002702236175537,0.8300966620445251,1010,0.11874063313007355,17.178873592615126,0.1,0.11873931884765625,0.0031324374,1e-05
1191,13500416,25.181760787963867,103,727.18,11331,-0.0016754348675021903,0.4942116074729711,0.2,1.3624242544174194,0.8204747438430786,1020,0.11979343742132187,16.971582125127316,0.1,0.11771316528320312,0.0031846808,1e-05
1203,13631488,24.171995162963867,104,704.21,11330,-0.001626654217216128,0.5005735301412642,0.2,1.2605290412902832,0.7934055328369141,1030,0.12085505574941635,16.75978143662214,0.1,0.12248916625976562,0.003263188,1e-05
1214,13762560,24.17184066772461,105,703.13,11330,-0.0015484489897971798,0.49160971003584564,0.2,1.2975049018859863,0.8034082651138306,1040,0.12192445993423462,16.54855354577303,0.1,0.11446914672851563,0.0032065837,1e-05
1226,13893632,25.475936889648438,106,735.91,11328,-0.0017591299832929509,0.5336684722453355,0.2,1.3668652772903442,0.8258166313171387,1050,0.1229676902294159,16.34096586704254,0.1,0.12014617919921874,0.0031953985,1e-05
1238,14024704,26.224702835083008,107,752.3,11327,-0.0017200549774315731,0.4692089757416397,0.2,1.3563529253005981,0.8268327713012695,1060,0.12404253333806992,16.133959099650383,0.1,0.1219879150390625,0.0032276418,1e-05
1249,14155776,25.825305938720703,108,750.26,11328,-0.0017331693108644686,0.5015753779094666,0.2,1.1849770545959473,0.8044012784957886,1070,0.12511596083641052,15.926273147016763,0.1,0.12310867309570313,0.0032607724,1e-05
1261,14286848,26.293529510498047,109,751.84,11328,-0.0015879039604442368,0.4837901784107089,0.2,1.1853351593017578,0.7937073707580566,1080,0.12620799243450165,15.719097270816565,0.1,0.11888809204101562,0.003242124,1e-05
1272,14417920,25.419939041137695,110,749.14,11330,-0.0014373311772033048,0.4954549429938197,0.2,1.2944937944412231,0.7871415019035339,1090,0.12730303406715393,15.51047074496746,0.1,0.11612930297851562,0.0032386219,1e-05
1284,14548992,25.007471084594727,111,738.27,11328,-0.0016027645482608933,0.5011712746229022,0.2,1.4494845867156982,0.8105624318122864,1100,0.1284167319536209,15.302529993653298,0.1,0.11984024047851563,0.0032087672,1e-05
1295,14680064,26.160249710083008,112,759.67,11329,-0.0015788845306815348,0.5030802029417828,0.2,1.1896860599517822,0.8128846287727356,1110,0.1295323669910431,15.093997541815042,0.1,0.11389846801757812,0.0031279977,1e-05
1307,14811136,26.44403648376465,113,766.04,11330,-0.0015760750355184427,0.47552866337355226,0.2,1.1932446956634521,0.7976313233375549,1120,0.1306762397289276,14.884693463146686,0.1,0.12139053344726562,0.003212539,1e-05
1318,14942208,25.063806533813477,114,729.34,11330,-0.001568575263263483,0.5068411794025451,0.2,1.1987526416778564,0.7894983291625977,1130,0.1317889541387558,14.6777915738523,0.1,0.11796951293945312,0.0031311652,1e-05
1330,15073280,25.183259963989258,115,732.84,11326,-0.001606114052447083,0.49595746484119446,0.2,1.2533634901046753,0.7954035997390747,1140,0.13295304775238037,14.469691803306342,0.1,0.11909408569335937,0.0032425742,1e-05
1342,15204352,23.349328994750977,116,694.67,11326,-0.001478672584380547,0.5126332571497187,0.2,1.208784818649292,0.8304857015609741,1150,0.1340782344341278,14.264142985641957,0.1,0.11023330688476562,0.0030562691,1e-05
1353,15335424,25.942289352416992,117,754.61,11327,-0.001854818886022258,0.470626832684502,0.2,1.3355801105499268,0.8454478979110718,1160,0.13521675765514374,14.060937544703483,0.1,0.12063446044921874,0.0032329727,1e-05
1365,15466496,23.66266441345215,118,702.22,11325,-0.001602527719023783,0.4405935048125684,0.2,1.19459068775177,0.8011406660079956,1170,0.1364213228225708,13.852603298425674,0.1,0.1182098388671875,0.0032771449,1e-05
1377,15597568,23.751056671142578,119,702.23,11325,-0.001633260829567007,0.5432023830944672,0.2,1.3289518356323242,0.8109551072120667,1180,0.1375984400510788,13.643676548451186,0.1,0.11315383911132812,0.0031604874,1e-05
1388,15728640,23.615802764892578,120,700.41,11323,-0.001625663764843921,0.42665869576158,0.2,1.056851863861084,0.8561769127845764,1190,0.1387748122215271,13.438644777983427,0.1,0.1192535400390625,0.0032091273,1e-05
1400,15859712,23.18175506591797,121,694.01,11325,-0.001560086468271038,0.5253525885753334,0.2,1.15328848361969,0.8138837814331055,1200,0.13998784124851227,13.231599240750075,0.1,0.112225341796875,0.003144944,1e-05
1412,15990784,22.766386032104492,122,683.06,11323,-0.0016224576457716466,0.4411403586622328,0.2,0.9679079055786133,0.8394720554351807,1210,0.14117513597011566,13.02649454921484,0.1,0.11336441040039062,0.0031529376,1e-05
1423,16121856,23.191526412963867,123,698.96,11325,-0.0017738511704919802,0.529658773029223,0.2,0.9634798765182495,0.8403914570808411,1220,0.14237217605113983,12.823581276088953,0.1,0.11575546264648437,0.0031106675,1e-05
1435,16252928,25.264123916625977,124,742.35,11324,-0.0021761174374660187,0.41681172073585915,0.2,1.0731040239334106,0.8536292314529419,1230,0.14363950490951538,12.61497774347663,0.1,0.12601318359375,0.0034066257,1e-05
1446,16384000,23.964956283569336,125,710.8,11324,-0.0015811499393748817,0.5037186933448539,0.2,1.0829213857650757,0.7977285981178284,1240,0.14487236738204956,12.406595910340547,0.1,0.114996337890625,0.0031570224,1e-05
1458,16515072,24.283653259277344,126,724.08,11324,-0.0017042396306351294,0.4862032366916537,0.2,1.0662553310394287,0.8184443712234497,1250,0.14612044394016266,12.20125616788864,0.1,0.11557235717773437,0.0031659119,1e-05
1470,16646144,22.92074966430664,127,688.73,11323,-0.0018127630502021929,0.47005755743011834,0.2,1.3538365364074707,0.8242068290710449,1260,0.14736366271972656,11.996660687029362,0.1,0.11358795166015626,0.0031711648,1e-05
1481,16777216,21.206754684448242,128,657.42,11321,-0.0020113070304432767,0.48294480979675425,0.2,0.946818470954895,0.8501401543617249,1270,0.1486309915781021,11.79204570800066,0.1,0.11779556274414063,0.0032354826,1e-05
1493,16908288,24.537395477294922,129,723.98,11321,-0.0019109362514427631,0.43934612821321933,0.2,0.959763765335083,0.8611863851547241,1280,0.1499035805463791,11.587562656402588,0.1,0.1133697509765625,0.0030956753,1e-05
1505,17039360,25.744630813598633,130,758.7,11320,-0.0018378123446382232,0.4850348426378332,0.2,0.9692106246948242,0.8322261571884155,1290,0.15120582282543182,11.380376151949168,0.1,0.117462158203125,0.0032351606,1e-05
1516,17170432,25.325782775878906,131,757.93,11319,-0.0017579546577508153,0.4647014550399035,0.2,0.9951580166816711,0.7990179061889648,1300,0.15256333351135254,11.16906173825264,0.1,0.11254196166992188,0.003216471,1e-05
1528,17301504,21.726852416992188,132,666.48,11317,-0.0015491257549001603,0.4881451439112425,0.2,1.0205469131469727,0.8179611563682556,1310,0.15386447310447693,10.961176194250584,0.1,0.10548934936523438,0.0029817754,1e-05
1540,17432576,24.308874130249023,133,729.44,11317,-0.0017003006528284459,0.4712078514974564,0.2,1.0710333585739136,0.8362952470779419,1320,0.15519480407238007,10.755441755056381,0.1,0.109185791015625,0.0031004786,1e-05
1552,17563648,21.984214782714844,134,661.16,11315,-0.0018397363001895427,0.4684908002847806,0.2,1.0241029262542725,0.8255061507225037,1330,0.15652477741241455,10.550084874778985,0.1,0.11255111694335937,0.003153761,1e-05
1563,17694720,22.312828063964844,135,682.95,11317,-0.001746307808571146,0.48397546282503756,0.2,0.9842284321784973,0.8314353227615356,1340,0.15788665413856506,10.342987132072448,0.1,0.10982666015625,0.003116952,1e-05
1575,17825792,24.014934539794922,136,733.66,11317,-0.0017499745848908788,0.47770378945861014,0.2,0.8658381700515747,0.8518450260162354,1350,0.1592549830675125,10.135556617379189,0.1,0.1118133544921875,0.003101714,1e-05
1586,17956864,20.874473571777344,137,647.72,11318,-0.001698308674895088,0.4287271701148711,0.2,1.0045381784439087,0.8489675521850586,1360,0.16059532761573792,9.932109697163105,0.1,0.10768508911132812,0.0030186651,1e-05
1598,18087936,23.215404510498047,138,696.3,11317,-0.0018336566819016297,0.44751464747823777,0.2,0.9794009327888489,0.8442959189414978,1370,0.1620216816663742,9.724235878139734,0.1,0.11303558349609374,0.0031768396,1e-05
1609,18219008,23.653806686401367,139,707.75,11319,-0.001891069606244855,0.4648692452348769,0.2,0.9248479008674622,0.8197516202926636,1380,0.1634739488363266,9.511288834363222,0.1,0.116802978515625,0.003265223,1e-05
1621,18350080,21.008275985717773,140,656.43,11318,-0.001987841712889349,0.48193120609503237,0.2,0.9849750995635986,0.8195768594741821,1390,0.16487744450569153,9.302319280803204,0.1,0.11610488891601563,0.0031766088,1e-05
1632,18481152,24.669275283813477,141,739.07,11318,-0.0017742987191013526,0.4597010749275796,0.2,0.9065752625465393,0.8487571477890015,1400,0.16624262928962708,9.101296480745077,0.1,0.10967636108398438,0.0030532426,1e-05
1644,18612224,22.696399688720703,142,686.0,11319,-0.0018478817312825413,0.44595122142927723,0.2,0.95042884349823,0.8068000078201294,1410,0.1676868200302124,8.897444807738065,0.1,0.11163864135742188,0.00312828,1e-05
1656,18743296,23.276779174804688,143,716.16,11317,-0.001714201723370934,0.5006663304986432,0.2,0.9249113202095032,0.8188305497169495,1420,0.16913780570030212,8.690566045045852,0.1,0.10843353271484375,0.0030927164,1e-05
1667,18874368,22.165987014770508,144,683.25,11317,-0.0019701731445820768,0.4254838541615754,0.2,1.0630578994750977,0.858068585395813,1430,0.17059898376464844,8.484311544150113,0.1,0.11410446166992187,0.003119732,1e-05
1679,19005440,20.148414611816406,145,635.82,11315,-0.0019107777965473361,0.4673283145180903,0.2,0.935661792755127,0.8533922433853149,1440,0.17205208539962769,8.279451521486044,0.1,0.10708465576171874,0.0030778048,1e-05
1691,19136512,25.082521438598633,146,746.28,11315,-0.0021757094711574608,0.39323794660158456,0.2,0.6911024451255798,0.8678094148635864,1450,0.17357727885246277,8.071257708966732,0.1,0.10976333618164062,0.003158289,1e-05
1702,19267584,21.352214813232422,147,664.77,11315,-0.001649496504887793,0.4879055273253471,0.2,0.8338290452957153,0.8124669194221497,1460,0.1750948131084442,7.860611707344651,0.1,0.10933990478515625,0.0030646096,1e-05
1714,19398656,19.199092864990234,148,617.2,11312,-0.001802189338286553,0.44566644008737055,0.2,0.8586863875389099,0.8525141477584839,1470,0.17660829424858093,7.653316288813949,0.1,0.10774688720703125,0.0030296552,1e-05
1726,19529728,22.518896102905273,149,700.2,11310,-0.0018849517148737504,0.44431548984721303,0.2,0.7824442982673645,0.8651739954948425,1480,0.17810702323913574,7.448620729148388,0.1,0.10583724975585937,0.0030182388,1e-05
1738,19660800,21.167346954345703,150,660.69,11311,-0.001860166549340647,0.46275195756461474,0.2,0.8213217854499817,0.838237464427948,1490,0.17964887619018555,7.243436878547072,0.1,0.109820556640625,0.0031241686,1e-05
1750,19791872,19.481321334838867,151,621.25,11309,-0.0020675707204645733,0.4487956896307878,0.2,0.7516719698905945,0.8476425409317017,1500,0.1811853051185608,7.038269901275635,0.1,0.1031768798828125,0.0029985872,1e-05
1761,19922944,21.145549774169922,152,665.03,11308,-0.002090342803239764,0.41856702326331285,0.2,0.7959198951721191,0.8551483154296875,1510,0.18275871872901917,6.831496348977089,0.1,0.1086700439453125,0.0030920513,1e-05
1773,20054016,20.780109405517578,153,653.32,11307,-0.0018139556189453287,0.46009383872151377,0.2,0.7006092071533203,0.8443832397460938,1520,0.18434672057628632,6.624209104850888,0.1,0.104718017578125,0.0030219806,1e-05
