time/total_timesteps,rollout/ep_len_mean,time/fps,time/time_elapsed,rollout/ep_rew_mean,time/iterations,train/clip_range_vf,train/clip_fraction,train/clip_range,train/explained_variance,train/policy_gradient_loss,train/loss,train/entropy_loss,train/approx_kl,train/learning_rate,train/n_updates,train/std,train/value_loss
131072,294.9270833333333,4125,31,28.71565055847168,1,,,,,,,,,,,,
262144,986.92,3194,82,61.257144927978516,2,0.2,0.14947967529296874,0.1,-0.017168641090393066,-0.0005872013010957744,5.267690658569336,37.837715280056,0.0035771448,1e-05,10,0.050214577466249466,2.7631237296387554
393216,665.72,2979,131,25.44226837158203,3,0.2,0.12407684326171875,0.1,-0.15540146827697754,-0.0020231444780165475,2.6810760498046875,37.63554075360298,0.003001398,1e-05,20,0.05061478540301323,0.8398348355200141
524288,887.29,2880,182,35.776241302490234,4,0.2,0.13193130493164062,0.1,-0.3347194194793701,-0.0020999167988520638,2.5981931686401367,37.441948014497754,0.003128619,1e-05,30,0.05102555453777313,0.8194010001607239
655360,733.21,2822,232,29.64630889892578,5,0.2,0.1302734375,0.1,-0.11480522155761719,-0.0018102562612057227,2.631948471069336,37.2479369699955,0.0031018052,1e-05,40,0.05144020542502403,0.798232881212607
786432,767.34,2776,283,31.655075073242188,6,0.2,0.12912673950195314,0.1,0.06319284439086914,-0.0020003404974886507,2.568953514099121,37.05437847673893,0.003162084,1e-05,50,0.05185703933238983,0.7542533103376627
917504,738.51,2747,333,30.344192504882812,7,0.2,0.13049087524414063,0.1,0.20232617855072021,-0.0019115374067041556,2.500272274017334,36.86146892607212,0.0031896825,1e-05,60,0.05227331817150116,0.6916751669719815
1048576,744.81,2724,384,30.956682205200195,8,0.2,0.13069381713867187,0.1,0.2755274772644043,-0.0019326424444443546,2.4464035034179688,36.66629519462585,0.003143347,1e-05,70,0.05270640179514885,0.6426787059754133
1179648,710.61,2705,435,29.717741012573242,9,0.2,0.13521270751953124,0.1,0.3423137068748474,-0.002050540471873319,2.413642168045044,36.46543589234352,0.0032868017,1e-05,80,0.05315336212515831,0.5919087383896112
1310720,690.64,2692,486,28.442522048950195,10,0.2,0.13445281982421875,0.1,0.4412819743156433,-0.0018917889820841082,2.3619284629821777,36.26611803174019,0.0032415933,1e-05,90,0.05359415337443352,0.5489505958044901
1441792,763.12,2680,537,32.296546936035156,11,0.2,0.132452392578125,0.1,0.5098451375961304,-0.0016624229775061394,2.2835893630981445,36.06854094266892,0.0031817704,1e-05,100,0.05403532087802887,0.5168587642721831
1572864,607.31,2670,588,24.741374969482422,12,0.2,0.13731002807617188,0.1,0.5253009796142578,-0.0017252424918297038,2.2552852630615234,35.869351506233215,0.0032433996,1e-05,110,0.0544893741607666,0.5044825843069702
1703936,757.15,2663,639,31.84815216064453,13,0.2,0.13246994018554686,0.1,0.5942369699478149,-0.0015970512230978784,2.2608118057250977,35.674409264326094,0.0031350749,1e-05,120,0.054925307631492615,0.4808709540870041
1835008,710.75,2656,690,29.994489669799805,14,0.2,0.13889846801757813,0.1,0.5580546855926514,-0.0017288191764237126,2.2629921436309814,35.47682851552963,0.0032834318,1e-05,130,0.055388469249010086,0.482747103064321
1966080,690.43,2651,741,28.799884796142578,15,0.2,0.13437652587890625,0.1,0.6437164545059204,-0.0017860012641904178,2.1909236907958984,35.27662031054497,0.0032129632,1e-05,140,0.055850643664598465,0.4698023955570534
2097152,740.34,2647,792,31.286943435668945,16,0.2,0.13313140869140624,0.1,0.6677207946777344,-0.001531178195909888,2.189647912979126,35.079874742031095,0.0032071886,1e-05,150,0.05630756542086601,0.4742634878028184
2228224,713.7,2641,843,30.103239059448242,17,0.2,0.14229583740234375,0.1,0.5994446873664856,-0.001515972462038917,2.237738609313965,34.88109911084175,0.003360521,1e-05,160,0.05678027868270874,0.4901263121515512
2359296,671.44,2638,894,27.43868637084961,18,0.2,0.13349838256835939,0.1,0.6927002668380737,-0.0015282471845239343,2.1975784301757812,34.68727638721466,0.0031225588,1e-05,170,0.05723133310675621,0.5236152980243787
2490368,715.61,2634,945,29.4935302734375,19,0.2,0.14288253784179689,0.1,0.7390090227127075,-0.002143956425061333,2.1379315853118896,34.49263837337494,0.0033328943,1e-05,180,0.057705413550138474,0.453429450513795
2621440,673.08,2631,996,27.71977996826172,20,0.2,0.1445404052734375,0.1,0.7232627868652344,-0.0018839496227883502,2.2134323120117188,34.29347122907639,0.0033826625,1e-05,190,0.05818908289074898,0.5310909375315532
2752512,722.15,2628,1047,30.315401077270508,21,0.2,0.13957672119140624,0.1,0.7130661010742188,-0.0017596560322999722,2.201305866241455,34.09500268101692,0.0032854327,1e-05,200,0.05866953730583191,0.5146229188656435
2883584,710.43,2626,1097,29.764978408813477,22,0.2,0.14166183471679689,0.1,0.6875531673431396,-0.001582838119338703,2.2146246433258057,33.89443380534649,0.0033233338,1e-05,210,0.05916665866971016,0.5825583603931591
3014656,680.88,2624,1148,28.35625457763672,23,0.2,0.1418487548828125,0.1,0.7248116731643677,-0.0016819408918308909,2.149287223815918,33.69494591653347,0.0033449023,1e-05,220,0.059657055884599686,0.5445289158960804
3145728,718.38,2621,1199,29.933202743530273,24,0.2,0.14377365112304688,0.1,0.718944251537323,-0.0017937605864972283,2.405625343322754,33.49283170700073,0.0034356387,1e-05,230,0.06016905605792999,0.5961397296050563
3276800,740.07,2619,1250,30.985107421875,25,0.2,0.14118194580078125,0.1,0.7589687705039978,-0.001874104642911334,2.4137721061706543,33.290324836969376,0.0034369407,1e-05,240,0.06067436933517456,0.5820632245857269
3407872,766.12,2617,1301,32.46160888671875,26,0.2,0.14335403442382813,0.1,0.7402031421661377,-0.0015055824102091719,2.3903450965881348,33.09112584888935,0.0033769836,1e-05,250,0.06117868423461914,0.5936884657945484
3538944,720.71,2616,1352,30.276752471923828,27,0.2,0.147637939453125,0.1,0.7445415258407593,-0.001957943623756364,2.2234017848968506,32.888468253612515,0.0034942767,1e-05,260,0.06170467659831047,0.6144714578753337
3670016,773.21,2614,1403,32.342811584472656,28,0.2,0.1442779541015625,0.1,0.7336845397949219,-0.0016671853782099788,2.4136152267456055,32.682246312499046,0.0034873262,1e-05,270,0.06224004551768303,0.6505759779596701
3801088,740.27,2613,1454,31.349157333374023,29,0.2,0.14505767822265625,0.1,0.7276996374130249,-0.0015412805294999997,2.261322498321533,32.47818825244904,0.0034440146,1e-05,280,0.06276588886976242,0.641200182097964
3932160,716.51,2612,1505,30.034555435180664,30,0.2,0.14088592529296876,0.1,0.7331806421279907,-0.0016363190209631284,2.2073311805725098,32.27791902720928,0.0032936116,1e-05,290,0.06328675150871277,0.659138835943304
4063232,708.63,2610,1556,29.662519454956055,31,0.2,0.14819259643554689,0.1,0.771358072757721,-0.0017589997736649821,2.363671064376831,32.080345284938815,0.0034953314,1e-05,300,0.06380873173475266,0.646187569736503
4194304,743.27,2610,1606,31.156627655029297,32,0.2,0.1398895263671875,0.1,0.7609225511550903,-0.001601371620881764,2.091963291168213,31.879555389285088,0.0033876775,1e-05,310,0.06435268372297287,0.6713856309186668
4325376,692.33,2609,1657,28.931018829345703,33,0.2,0.1419281005859375,0.1,0.7679015398025513,-0.0015417486084515985,2.2683968544006348,31.676655079424382,0.0033702566,1e-05,320,0.06489680707454681,0.6920089208288118
4456448,750.03,2608,1708,31.676786422729492,34,0.2,0.14312744140625,0.1,0.7708700895309448,-0.0016717422809961135,2.1810474395751953,31.476107268035413,0.003402671,1e-05,330,0.06544004380702972,0.6365875556832179
4587520,715.9,2607,1759,30.063032150268555,35,0.2,0.13918991088867189,0.1,0.7351223230361938,-0.0013808655402044677,2.2837581634521484,31.27444804906845,0.0033259136,1e-05,340,0.0659942552447319,0.7069218794116751
4718592,756.66,2606,1809,32.074520111083984,36,0.2,0.14285812377929688,0.1,0.7695252299308777,-0.0016541326321203088,2.2318389415740967,31.07019096463919,0.0034182994,1e-05,350,0.06656362861394882,0.7020754014607519
4849664,737.21,2605,1861,30.86355209350586,37,0.2,0.14562149047851564,0.1,0.770900309085846,-0.0017676122486363966,2.0891480445861816,30.86653591841459,0.0034541846,1e-05,360,0.0671258494257927,0.6129297289298847
4980736,687.0,2605,1911,28.922372817993164,38,0.2,0.14035186767578126,0.1,0.7654590606689453,-0.0015903357113984384,2.1460325717926025,30.665442840754984,0.0033725034,1e-05,370,0.06768832355737686,0.7289709021802991
5111808,728.39,2604,1963,30.642465591430664,39,0.2,0.1408721923828125,0.1,0.7827466726303101,-0.0020812914476664446,2.019878625869751,30.462660233676434,0.0033669202,1e-05,380,0.06826714426279068,0.6304601240903139
5242880,750.37,2603,2014,31.600183486938477,40,0.2,0.14171218872070312,0.1,0.7638964056968689,-0.0016123607492318115,2.2154221534729004,30.258987195789814,0.0033627453,1e-05,390,0.06884834915399551,0.7106876009376719
5373952,700.22,2602,2064,29.242931365966797,41,0.2,0.13945083618164061,0.1,0.7678463459014893,-0.0014867564066207706,2.17325496673584,30.057053272426128,0.0033262814,1e-05,400,0.06942713260650635,0.6335848442744464
5505024,684.83,2602,2115,28.76025390625,42,0.2,0.13794097900390626,0.1,0.7557228803634644,-0.0015432074753334746,2.1243398189544678,29.854985576868057,0.0032578344,1e-05,410,0.07001648098230362,0.7521766479592771
5636096,779.46,2601,2166,32.69282531738281,43,0.2,0.13675994873046876,0.1,0.7865191698074341,-0.0018477947223800584,2.165529727935791,29.653586304187776,0.003362862,1e-05,420,0.07060222327709198,0.6511444818461314
5767168,750.46,2601,2217,31.74958038330078,44,0.2,0.13728866577148438,0.1,0.7757085561752319,-0.0016112655479446404,2.123434066772461,29.45119800120592,0.0033828719,1e-05,430,0.07120560109615326,0.7083542083622888
5898240,764.76,2600,2267,32.09978103637695,45,0.2,0.13745574951171874,0.1,0.7687259912490845,-0.001705380895464259,2.095165252685547,29.248316767811776,0.0032767684,1e-05,440,0.07180704921483994,0.6736806039232761
6029312,740.63,2600,2318,31.106300354003906,46,0.2,0.1425506591796875,0.1,0.790222704410553,-0.0018861429186472379,2.1951611042022705,29.04526001214981,0.003380522,1e-05,450,0.07241855561733246,0.6998181209666654
6160384,786.97,2600,2369,33.23128890991211,47,0.2,0.13443374633789062,0.1,0.7844176888465881,-0.0017116716458986047,2.147735357284546,28.842185385525227,0.0033402324,1e-05,460,0.07303618639707565,0.6395404787035659
6291456,779.31,2599,2419,32.968994140625,48,0.2,0.13485946655273437,0.1,0.734208881855011,-0.0015340409752752748,2.14103364944458,28.637833830714225,0.0032794974,1e-05,470,0.07366079837083817,0.7389559977222234
6422528,745.12,2599,2470,31.57941436767578,49,0.2,0.13167495727539064,0.1,0.800730288028717,-0.0016019369244531846,2.0690927505493164,28.435844187438487,0.003262473,1e-05,480,0.07427798956632614,0.6379921374144033
6553600,739.99,2599,2521,31.03872299194336,50,0.2,0.133197021484375,0.1,0.7755377292633057,-0.0016131420959936804,2.129974842071533,28.23665665835142,0.0031919628,1e-05,490,0.07489563524723053,0.6656015556538477
6684672,737.31,2598,2572,30.9751033782959,51,0.2,0.13285751342773439,0.1,0.7917474508285522,-0.0015786856844897557,2.131269931793213,28.0372391179204,0.0032508243,1e-05,500,0.07552147656679153,0.7018334396881982
6815744,796.74,2598,2623,34.045440673828125,52,0.2,0.13366165161132812,0.1,0.77992844581604,-0.0014769085941225058,2.1076276302337646,27.837505207955836,0.0032903603,1e-05,510,0.07615327835083008,0.6618562516290695
6946816,723.92,2598,2673,30.56757164001465,53,0.2,0.13670120239257813,0.1,0.7550483345985413,-0.0016661675755131,2.0645534992218018,27.635935738682747,0.0033027304,1e-05,520,0.07679684460163116,0.7095867221709341
7077888,756.88,2597,2724,32.07056427001953,54,0.2,0.13193206787109374,0.1,0.7599655389785767,-0.00148056200814608,2.0890965461730957,27.435090890526773,0.0032631666,1e-05,530,0.07744183391332626,0.6699857499683276
7208960,731.39,2597,2775,30.806276321411133,55,0.2,0.1362884521484375,0.1,0.7521438598632812,-0.001609100221958215,2.1045711040496826,27.232660345733166,0.0032953452,1e-05,540,0.07810240983963013,0.7742226192727685
7340032,777.36,2596,2826,32.69691848754883,56,0.2,0.13296127319335938,0.1,0.7747482657432556,-0.0016708029358596832,2.091798782348633,27.032791681587696,0.0031996793,1e-05,550,0.07874580472707748,0.634594458132051
7471104,794.71,2596,2877,33.66730880737305,57,0.2,0.13416519165039062,0.1,0.7368839979171753,-0.0017244408744772955,2.1799538135528564,26.83089822381735,0.003368993,1e-05,560,0.07942381501197815,0.743182604573667
7602176,778.45,2596,2927,32.936161041259766,58,0.2,0.13723068237304686,0.1,0.7722432017326355,-0.0018657218149655819,1.9811674356460571,26.626236583292485,0.0033378755,1e-05,570,0.08009962737560272,0.6899593121604994
7733248,778.68,2596,2978,33.03839111328125,59,0.2,0.13261260986328124,0.1,0.7489854097366333,-0.001643118488482287,1.9182181358337402,26.42272884696722,0.0033465968,1e-05,580,0.08078619837760925,0.6846532406285405
7864320,752.59,2589,3037,31.712413787841797,60,0.2,0.13231735229492186,0.1,0.7840499877929688,-0.0017568510226738,1.8499772548675537,26.217743726074694,0.0032772021,1e-05,590,0.081479012966156,0.670693545229733
7995392,788.01,2583,3095,33.198944091796875,61,0.2,0.13097915649414063,0.1,0.7671487927436829,-0.0016130249331126833,2.039668560028076,26.012324266135693,0.0032755758,1e-05,600,0.08218052238225937,0.6910046836594119
8126464,718.57,2579,3150,30.15139389038086,62,0.2,0.13419723510742188,0.1,0.7596043348312378,-0.0016552692670757096,1.9559211730957031,25.80585806667805,0.0033140345,1e-05,610,0.08288890868425369,0.7130623123608529
8257536,774.94,2579,3201,32.564125061035156,63,0.2,0.12943344116210936,0.1,0.7836492657661438,-0.0017498230113233149,2.10249662399292,25.60186298042536,0.0032387585,1e-05,620,0.08359566330909729,0.6284175764070824
8388608,731.7,2579,3252,30.548412322998047,64,0.2,0.12959136962890624,0.1,0.7562337517738342,-0.001543562881897742,2.0550317764282227,25.398930172622205,0.0032184478,1e-05,630,0.08430228382349014,0.722892870567739
8519680,800.77,2578,3303,33.984310150146484,65,0.2,0.13140029907226564,0.1,0.7812426090240479,-0.0018026998699951946,1.9793113470077515,25.194862146675586,0.0032748128,1e-05,640,0.0850258395075798,0.6559048616094515
8650752,747.75,2578,3354,31.474374771118164,66,0.2,0.13303604125976562,0.1,0.7295227646827698,-0.0016517070169356884,1.90702223777771,24.988452522456647,0.003329405,1e-05,650,0.08576218038797379,0.7312989810714499
8781824,802.98,2578,3405,33.84844207763672,67,0.2,0.13065032958984374,0.1,0.7680534720420837,-0.0017217013331674025,2.00292706489563,24.78400889188051,0.0032238415,1e-05,660,0.08649033308029175,0.7174112802604213
8912896,791.75,2578,3456,33.65963363647461,68,0.2,0.13360366821289063,0.1,0.7508059144020081,-0.0018154448485802276,1.7584505081176758,24.580636972188948,0.003350811,1e-05,670,0.08722975850105286,0.6667647393187508
9043968,819.46,2578,3507,34.729557037353516,69,0.2,0.13158035278320312,0.1,0.7705622315406799,-0.0017327923752418427,1.8554638624191284,24.374366898834705,0.0032779626,1e-05,680,0.08798713237047195,0.6526623050216586
9175040,789.1,2578,3557,33.22526168823242,70,0.2,0.13176116943359376,0.1,0.7335547208786011,-0.0018086165985096159,1.9166862964630127,24.167852687835694,0.003298976,1e-05,690,0.08874547481536865,0.6375796700362116
9306112,734.75,2578,3608,30.706594467163086,71,0.2,0.12880630493164064,0.1,0.7480083703994751,-0.0017554651722093695,2.0597100257873535,23.961462719738485,0.0032431558,1e-05,700,0.08951383829116821,0.7264351048972457
9437184,787.55,2578,3659,33.273338317871094,72,0.2,0.12735137939453126,0.1,0.7436502575874329,-0.0015039022730434226,1.7635726928710938,23.75725933611393,0.0031853744,1e-05,710,0.09027090668678284,0.6750382171943784
9568256,806.19,2578,3710,33.91292190551758,73,0.2,0.13093032836914062,0.1,0.7516521215438843,-0.0017333641229015484,1.8463611602783203,23.55425210595131,0.0033034883,1e-05,720,0.09103839844465256,0.719089022744447
9699328,772.09,2578,3761,32.910430908203125,74,0.2,0.13437881469726562,0.1,0.7545825242996216,-0.001929906010900595,1.8704426288604736,23.351311556994915,0.0033356189,1e-05,730,0.09181209653615952,0.6287156246602535
9830400,803.15,2578,3811,33.961952209472656,75,0.2,0.12688674926757812,0.1,0.7448208332061768,-0.0016621410967673001,1.762463092803955,23.146125899255274,0.0032321215,1e-05,740,0.09260233491659164,0.7419689679518342
9961472,745.51,2578,3862,31.186500549316406,76,0.2,0.12965927124023438,0.1,0.765477180480957,-0.0018790141290992324,1.7464251518249512,22.938142040371893,0.0032982957,1e-05,750,0.09341737627983093,0.6462070099776611
10092544,776.76,2579,3913,32.403289794921875,77,0.2,0.12971420288085939,0.1,0.7580756545066833,-0.0018574253122551454,1.6480662822723389,22.732982639968395,0.0031996523,1e-05,760,0.09420286864042282,0.7349431496113539
