rollout/is_fall_mean,time/fps,rollout/ep_len_mean,rollout/recovery_noforce,train/action_std_12,time/iterations,train/action_std_07,train/action_std_06,train/action_std_16,train/action_std_03,rollout/force_onset_mean,train/action_std_24,train/action_std_17,rollout/episodes_noforce,train/action_std_00,train/action_std_23,train/action_std_19,rollout/ep_rew_mean,train/action_std_21,train/action_std_10,time/total_timesteps,train/action_std_20,rollout/force_direction_mean,train/action_std_13,train/action_std_01,rollout/action_saturation_fraction,time/time_elapsed,train/std_max,train/std_min,train/action_std_22,train/action_std_02,train/action_std_05,train/action_std_04,train/action_std_15,rollout/is_timeout_mean,train/action_std_18,train/action_std_09,train/action_std_14,train/action_std_08,train/action_std_11,rollout/force_requested_impulse_mean,rollout/timeouts,train/entropy_loss,train/clip_range,train/policy_gradient_loss,train/std,rollout/timeout_without_onset_fraction,train/approx_kl,train/learning_rate,train/explained_variance,train/value_loss,train/n_updates,train/clip_range_vf,train/clip_fraction,train/loss
1.0,3164,348.1333333333333,0.0,0.05903838574886322,1,0.05963565409183502,0.059371259063482285,0.05963872745633125,0.059870120137929916,1.4032444444444454,0.059608034789562225,0.05923885479569435,45,0.0589294396340847,0.05970626324415207,0.05996396020054817,221.31875610351562,0.05920073390007019,0.059425242245197296,131072,0.05915794149041176,-1.0,0.0594773031771183,0.05908426269888878,0.0,41,0.060112640261650085,0.0589229092001915,0.0589229092001915,0.0593256950378418,0.060112640261650085,0.059904057532548904,0.05926106125116348,0.0,0.05990845710039139,0.05952510982751846,0.05935836210846901,0.05910798907279968,0.059605106711387634,0.0,,,,,,,,,,,,,,
0.28761061946902655,2581,1000.0,0.7123893805309734,0.05903838574886322,2,0.05963565409183502,0.059371259063482285,0.05963872745633125,0.059870120137929916,1.3940884955752224,0.059608034789562225,0.05923885479569435,226,0.0589294396340847,0.05970626324415207,0.05996396020054817,670.449462890625,0.05920073390007019,0.059425242245197296,262144,0.05915794149041176,-1.0,0.0594773031771183,0.05908426269888878,0.0,101,0.060112640261650085,0.0589229092001915,0.0589229092001915,0.0593256950378418,0.060112640261650085,0.059904057532548904,0.05926106125116348,0.7123893805309734,0.05990845710039139,0.05952510982751846,0.05935836210846901,0.05910798907279968,0.059605106711387634,0.0,161,35.090267181396484,0.1,-0.0004384690498227428,0.05945510044693947,0.0,0.00010405102,1e-07,0.8886620998382568,0.3739913057535887,1550,0.2,0.0,0.8006513714790344
0.6707317073170732,2440,713.96,0.32926829268292684,0.05903838574886322,3,0.05963565409183502,0.059371259063482285,0.05963872745633125,0.059870120137929916,1.4260731707317085,0.059608034789562225,0.05923885479569435,82,0.0589294396340847,0.05970626324415207,0.05996396020054817,465.8939514160156,0.05920073390007019,0.059425242245197296,393216,0.05915794149041176,-1.0,0.0594773031771183,0.05908426269888878,0.0,161,0.060112640261650085,0.0589229092001915,0.0589229092001915,0.0593256950378418,0.060112640261650085,0.059904057532548904,0.05926106125116348,0.32926829268292684,0.05990845710039139,0.05952510982751846,0.05935836210846901,0.05910798907279968,0.059605106711387634,0.0,27,35.090267181396484,0.1,-0.0004086707955821112,0.05945510044693947,0.0,9.176158e-05,1e-07,0.8929526209831238,0.45163690925110134,1560,0.2,0.0,0.739346981048584
0.3465346534653465,2359,979.47,0.6534653465346535,0.05903838574886322,4,0.05963565409183502,0.059371259063482285,0.05963872745633125,0.059870120137929916,1.3930891089108919,0.059608034789562225,0.05923885479569435,202,0.0589294396340847,0.05970626324415207,0.05996396020054817,649.5870971679688,0.05920073390007019,0.059425242245197296,524288,0.05915794149041176,-1.0,0.0594773031771183,0.05908426269888878,0.0,222,0.060112640261650085,0.0589229092001915,0.0589229092001915,0.0593256950378418,0.060112640261650085,0.059904057532548904,0.05926106125116348,0.6534653465346535,0.05990845710039139,0.05952510982751846,0.05935836210846901,0.05910798907279968,0.059605106711387634,0.0,132,35.090267181396484,0.1,-0.0004708354303602391,0.05945510044693947,0.0,0.00011321384,1e-07,0.8926767110824585,0.41042912181001157,1570,0.2,0.0,0.771744966506958
0.5384615384615384,2321,761.45,0.46153846153846156,0.05903838574886322,5,0.05963565409183502,0.059371259063482285,0.05963872745633125,0.059870120137929916,1.3718974358974372,0.059608034789562225,0.05923885479569435,117,0.0589294396340847,0.05970626324415207,0.05996396020054817,495.76300048828125,0.05920073390007019,0.059425242245197296,655360,0.05915794149041176,-1.0,0.0594773031771183,0.05908426269888878,0.0,282,0.060112640261650085,0.0589229092001915,0.0589229092001915,0.0593256950378418,0.060112640261650085,0.059904057532548904,0.05926106125116348,0.46153846153846156,0.05990845710039139,0.05952510982751846,0.05935836210846901,0.05910798907279968,0.059605106711387634,0.0,54,35.090267181396484,0.1,-0.0004277758735497628,0.05945510044693947,0.0,9.847797e-05,1e-07,0.8886164426803589,0.4664848163491115,1580,0.2,0.0,0.80522620677948
0.2857142857142857,2292,902.13,0.7142857142857143,0.05903838574886322,6,0.05963565409183502,0.059371259063482285,0.05963872745633125,0.059870120137929916,1.387952380952382,0.059608034789562225,0.05923885479569435,168,0.0589294396340847,0.05970626324415207,0.05996396020054817,598.5010375976562,0.05920073390007019,0.059425242245197296,786432,0.05915794149041176,-1.0,0.0594773031771183,0.05908426269888878,0.0,342,0.060112640261650085,0.0589229092001915,0.0589229092001915,0.0593256950378418,0.060112640261650085,0.059904057532548904,0.05926106125116348,0.7142857142857143,0.05990845710039139,0.05952510982751846,0.05935836210846901,0.05910798907279968,0.059605106711387634,0.0,120,35.090267181396484,0.1,-0.0004513009312404392,0.05945510044693947,0.0,0.000107431624,1e-07,0.8941119313240051,0.4343103454681113,1590,0.2,0.0,0.7352877855300903
0.24806201550387597,2275,882.86,0.751937984496124,0.05903838574886322,7,0.05963565409183502,0.059371259063482285,0.05963872745633125,0.059870120137929916,1.3821085271317841,0.059608034789562225,0.05923885479569435,129,0.0589294396340847,0.05970626324415207,0.05996396020054817,580.7279663085938,0.05920073390007019,0.059425242245197296,917504,0.05915794149041176,-1.0,0.0594773031771183,0.05908426269888878,0.0,403,0.060112640261650085,0.0589229092001915,0.0589229092001915,0.0593256950378418,0.060112640261650085,0.059904057532548904,0.05926106125116348,0.751937984496124,0.05990845710039139,0.05952510982751846,0.05935836210846901,0.05910798907279968,0.059605106711387634,0.0,97,35.090267181396484,0.1,-0.0004519784035437624,0.05945510044693947,0.0,0.0001107722,1e-07,0.8836989402770996,0.38524438252206894,1600,0.2,0.0,0.7151913642883301
0.3312883435582822,2260,911.09,0.6687116564417178,0.05903838574886322,8,0.05963565409183502,0.059371259063482285,0.05963872745633125,0.059870120137929916,1.3896687116564428,0.059608034789562225,0.05923885479569435,163,0.0589294396340847,0.05970626324415207,0.05996396020054817,603.403564453125,0.05920073390007019,0.059425242245197296,1048576,0.05915794149041176,-1.0,0.0594773031771183,0.05908426269888878,0.0,463,0.060112640261650085,0.0589229092001915,0.0589229092001915,0.0593256950378418,0.060112640261650085,0.059904057532548904,0.05926106125116348,0.6687116564417178,0.05990845710039139,0.05952510982751846,0.05935836210846901,0.05910798907279968,0.059605106711387634,0.0,109,35.090267181396484,0.1,-0.0003877578317315056,0.05945510044693947,0.0,8.5207976e-05,1e-07,0.8619846105575562,0.3319466455723159,1610,0.2,0.0,0.6684379577636719
0.4057971014492754,2246,854.62,0.5942028985507246,0.05903838574886322,9,0.05963565409183502,0.059371259063482285,0.05963872745633125,0.059870120137929916,1.388710144927537,0.059608034789562225,0.05923885479569435,138,0.0589294396340847,0.05970626324415207,0.05996396020054817,560.4586181640625,0.05920073390007019,0.059425242245197296,1179648,0.05915794149041176,-1.0,0.0594773031771183,0.05908426269888878,0.0,525,0.060112640261650085,0.0589229092001915,0.0589229092001915,0.0593256950378418,0.060112640261650085,0.059904057532548904,0.05926106125116348,0.5942028985507246,0.05990845710039139,0.05952510982751846,0.05935836210846901,0.05910798907279968,0.059605106711387634,0.0,82,35.090267181396484,0.1,-0.000427098789214142,0.05945510044693947,0.0,0.000100884696,1e-07,0.8869044780731201,0.3872748321155086,1620,0.2,0.0,0.7013600468635559
0.36477987421383645,2236,860.93,0.6352201257861635,0.05903838574886322,10,0.05963565409183502,0.059371259063482285,0.05963872745633125,0.059870120137929916,1.4067672955974853,0.059608034789562225,0.05923885479569435,159,0.0589294396340847,0.05970626324415207,0.05996396020054817,566.34033203125,0.05920073390007019,0.059425242245197296,1310720,0.05915794149041176,-1.0,0.0594773031771183,0.05908426269888878,0.0,585,0.060112640261650085,0.0589229092001915,0.0589229092001915,0.0593256950378418,0.060112640261650085,0.059904057532548904,0.05926106125116348,0.6352201257861635,0.05990845710039139,0.05952510982751846,0.05935836210846901,0.05910798907279968,0.059605106711387634,0.0,101,35.090267181396484,0.1,-0.0004370061774352507,0.05945510044693947,0.0,0.00010715579,1e-07,0.8972927331924438,0.386680167587474,1630,0.2,0.0,0.8313443660736084
0.3586206896551724,2228,855.86,0.6413793103448275,0.05903838574886322,11,0.05963565409183502,0.059371259063482285,0.05963872745633125,0.059870120137929916,1.4029379310344838,0.059608034789562225,0.05923885479569435,145,0.0589294396340847,0.05970626324415207,0.05996396020054817,557.4513549804688,0.05920073390007019,0.059425242245197296,1441792,0.05915794149041176,-1.0,0.0594773031771183,0.05908426269888878,0.0,646,0.060112640261650085,0.0589229092001915,0.0589229092001915,0.0593256950378418,0.060112640261650085,0.059904057532548904,0.05926106125116348,0.6413793103448275,0.05990845710039139,0.05952510982751846,0.05935836210846901,0.05910798907279968,0.059605106711387634,0.0,93,35.090267181396484,0.1,-0.000413004716301657,0.05945510044693947,0.0,9.436633e-05,1e-07,0.8896387219429016,0.40495428065769373,1640,0.2,0.0,0.8032864332199097
0.2929936305732484,2221,891.67,0.7070063694267515,0.05903838574886322,12,0.05963565409183502,0.059371259063482285,0.05963872745633125,0.059870120137929916,1.3955159235668801,0.059608034789562225,0.05923885479569435,157,0.0589294396340847,0.05970626324415207,0.05996396020054817,587.8213500976562,0.05920073390007019,0.059425242245197296,1572864,0.05915794149041176,-1.0,0.0594773031771183,0.05908426269888878,0.0,708,0.060112640261650085,0.0589229092001915,0.0589229092001915,0.0593256950378418,0.060112640261650085,0.059904057532548904,0.05926106125116348,0.7070063694267515,0.05990845710039139,0.05952510982751846,0.05935836210846901,0.05910798907279968,0.059605106711387634,0.0,111,35.090267181396484,0.1,-0.0004003528855719196,0.05945510044693947,0.0,8.8988396e-05,1e-07,0.8813061118125916,0.4168312921654433,1650,0.2,0.0,0.7808611989021301
0.2916666666666667,2216,877.01,0.7083333333333334,0.05903838574886322,13,0.05963565409183502,0.059371259063482285,0.05963872745633125,0.059870120137929916,1.4142500000000011,0.059608034789562225,0.05923885479569435,144,0.0589294396340847,0.05970626324415207,0.05996396020054817,575.16357421875,0.05920073390007019,0.059425242245197296,1703936,0.05915794149041176,-1.0,0.0594773031771183,0.05908426269888878,0.0,768,0.060112640261650085,0.0589229092001915,0.0589229092001915,0.0593256950378418,0.060112640261650085,0.059904057532548904,0.05926106125116348,0.7083333333333334,0.05990845710039139,0.05952510982751846,0.05935836210846901,0.05910798907279968,0.059605106711387634,0.0,102,35.090267181396484,0.1,-0.00045964514306433556,0.05945510044693947,0.0,0.000113968585,1e-07,0.8796406388282776,0.35848767900606615,1660,0.2,0.0,0.7345670461654663
0.3167701863354037,2210,867.04,0.6832298136645962,0.05903838574886322,14,0.05963565409183502,0.059371259063482285,0.05963872745633125,0.059870120137929916,1.4020496894409946,0.059608034789562225,0.05923885479569435,161,0.0589294396340847,0.05970626324415207,0.05996396020054817,571.6409301757812,0.05920073390007019,0.059425242245197296,1835008,0.05915794149041176,-1.0,0.0594773031771183,0.05908426269888878,0.0,830,0.060112640261650085,0.0589229092001915,0.0589229092001915,0.0593256950378418,0.060112640261650085,0.059904057532548904,0.05926106125116348,0.6832298136645962,0.05990845710039139,0.05952510982751846,0.05935836210846901,0.05910798907279968,0.059605106711387634,0.0,110,35.090267181396484,0.1,-0.00039501507017121186,0.05945510044693947,0.0,8.65889e-05,1e-07,0.8805105686187744,0.36219609880354253,1670,0.2,0.0,0.7613087892532349
0.37142857142857144,2206,850.14,0.6285714285714286,0.05903838574886322,15,0.05963565409183502,0.059371259063482285,0.05963872745633125,0.059870120137929916,1.3963571428571437,0.059608034789562225,0.05923885479569435,140,0.0589294396340847,0.05970626324415207,0.05996396020054817,559.4120483398438,0.05920073390007019,0.059425242245197296,1966080,0.05915794149041176,-1.0,0.0594773031771183,0.05908426269888878,0.0,891,0.060112640261650085,0.0589229092001915,0.0589229092001915,0.0593256950378418,0.060112640261650085,0.059904057532548904,0.05926106125116348,0.6285714285714286,0.05990845710039139,0.05952510982751846,0.05935836210846901,0.05910798907279968,0.059605106711387634,0.0,88,35.090267181396484,0.1,-0.00042856964837483246,0.05945510044693947,0.0,0.00010168459,1e-07,0.8887208700180054,0.4223079084651545,1680,0.2,0.0,0.7734988331794739
0.35119047619047616,2202,869.7,0.6488095238095238,0.05903838574886322,16,0.05963565409183502,0.059371259063482285,0.05963872745633125,0.059870120137929916,1.419119047619049,0.059608034789562225,0.05923885479569435,168,0.0589294396340847,0.05970626324415207,0.05996396020054817,568.9207153320312,0.05920073390007019,0.059425242245197296,2097152,0.05915794149041176,-1.0,0.0594773031771183,0.05908426269888878,0.0,951,0.060112640261650085,0.0589229092001915,0.0589229092001915,0.0593256950378418,0.060112640261650085,0.059904057532548904,0.05926106125116348,0.6488095238095238,0.05990845710039139,0.05952510982751846,0.05935836210846901,0.05910798907279968,0.059605106711387634,0.0,109,35.090267181396484,0.1,-0.00043106349096433405,0.05945510044693947,0.0,0.0001095468,1e-07,0.8788806200027466,0.3967752243625,1690,0.2,0.0,0.7145427465438843
0.4375,2199,832.42,0.5625,0.05903838574886322,17,0.05963565409183502,0.059371259063482285,0.05963872745633125,0.059870120137929916,1.3746805555555568,0.059608034789562225,0.05923885479569435,144,0.0589294396340847,0.05970626324415207,0.05996396020054817,543.037841796875,0.05920073390007019,0.059425242245197296,2228224,0.05915794149041176,-1.0,0.0594773031771183,0.05908426269888878,0.0,1012,0.060112640261650085,0.0589229092001915,0.0589229092001915,0.0593256950378418,0.060112640261650085,0.059904057532548904,0.05926106125116348,0.5625,0.05990845710039139,0.05952510982751846,0.05935836210846901,0.05910798907279968,0.059605106711387634,0.0,81,35.090267181396484,0.1,-0.00046977188271739577,0.05945510044693947,0.0,0.000109424334,1e-07,0.8873209357261658,0.45842130582313984,1700,0.2,0.0,0.7741636037826538
0.3614457831325301,2196,848.06,0.6385542168674698,0.05903838574886322,18,0.05963565409183502,0.059371259063482285,0.05963872745633125,0.059870120137929916,1.3932409638554228,0.059608034789562225,0.05923885479569435,166,0.0589294396340847,0.05970626324415207,0.05996396020054817,557.5831909179688,0.05920073390007019,0.059425242245197296,2359296,0.05915794149041176,-1.0,0.0594773031771183,0.05908426269888878,0.0,1074,0.060112640261650085,0.0589229092001915,0.0589229092001915,0.0593256950378418,0.060112640261650085,0.059904057532548904,0.05926106125116348,0.6385542168674698,0.05990845710039139,0.05952510982751846,0.05935836210846901,0.05910798907279968,0.059605106711387634,0.0,106,35.090267181396484,0.1,-0.0003720315433156429,0.05945510044693947,0.0,8.413376e-05,1e-07,0.8901327252388,0.39793002714868636,1710,0.2,0.0,0.8197339773178101
0.4178082191780822,2193,838.01,0.5821917808219178,0.05903838574886322,19,0.05963565409183502,0.059371259063482285,0.05963872745633125,0.059870120137929916,1.3972739726027406,0.059608034789562225,0.05923885479569435,146,0.0589294396340847,0.05970626324415207,0.05996396020054817,551.135009765625,0.05920073390007019,0.059425242245197296,2490368,0.05915794149041176,-1.0,0.0594773031771183,0.05908426269888878,0.0,1135,0.060112640261650085,0.0589229092001915,0.0589229092001915,0.0593256950378418,0.060112640261650085,0.059904057532548904,0.05926106125116348,0.5821917808219178,0.05990845710039139,0.05952510982751846,0.05935836210846901,0.05910798907279968,0.059605106711387634,0.0,85,35.090267181396484,0.1,-0.0004020002589641081,0.05945510044693947,0.0,9.230135e-05,1e-07,0.8877519369125366,0.4526517642661929,1720,0.2,0.0,0.85516357421875
0.34868421052631576,2190,891.02,0.6513157894736842,0.05903838574886322,20,0.05963565409183502,0.059371259063482285,0.05963872745633125,0.059870120137929916,1.3936578947368432,0.059608034789562225,0.05923885479569435,152,0.0589294396340847,0.05970626324415207,0.05996396020054817,584.83056640625,0.05920073390007019,0.059425242245197296,2621440,0.05915794149041176,-1.0,0.0594773031771183,0.05908426269888878,0.0,1196,0.060112640261650085,0.0589229092001915,0.0589229092001915,0.0593256950378418,0.060112640261650085,0.059904057532548904,0.05926106125116348,0.6513157894736842,0.05990845710039139,0.05952510982751846,0.05935836210846901,0.05910798907279968,0.059605106711387634,0.0,99,35.090267181396484,0.1,-0.00046850880034980945,0.05945510044693947,0.0,0.00011084035,1e-07,0.8982136845588684,0.4142456694273278,1730,0.2,0.0,0.7478346824645996
0.31125827814569534,2187,875.7,0.6887417218543046,0.05903838574886322,21,0.05963565409183502,0.059371259063482285,0.05963872745633125,0.059870120137929916,1.3875629139072858,0.059608034789562225,0.05923885479569435,151,0.0589294396340847,0.05970626324415207,0.05996396020054817,575.0704956054688,0.05920073390007019,0.059425242245197296,2752512,0.05915794149041176,-1.0,0.0594773031771183,0.05908426269888878,0.0,1258,0.060112640261650085,0.0589229092001915,0.0589229092001915,0.0593256950378418,0.060112640261650085,0.059904057532548904,0.05926106125116348,0.6887417218543046,0.05990845710039139,0.05952510982751846,0.05935836210846901,0.05910798907279968,0.059605106711387634,0.0,104,35.090267181396484,0.1,-0.00041580344377507573,0.05945510044693947,0.0,0.000101301,1e-07,0.8783991932868958,0.4139932395191863,1740,0.2,0.0,0.7041646838188171
0.3670886075949367,2185,831.85,0.6329113924050633,0.05903838574886322,22,0.05963565409183502,0.059371259063482285,0.05963872745633125,0.059870120137929916,1.3950253164556972,0.059608034789562225,0.05923885479569435,158,0.0589294396340847,0.05970626324415207,0.05996396020054817,543.9629516601562,0.05920073390007019,0.059425242245197296,2883584,0.05915794149041176,-1.0,0.0594773031771183,0.05908426269888878,0.0,1319,0.060112640261650085,0.0589229092001915,0.0589229092001915,0.0593256950378418,0.060112640261650085,0.059904057532548904,0.05926106125116348,0.6329113924050633,0.05990845710039139,0.05952510982751846,0.05935836210846901,0.05910798907279968,0.059605106711387634,0.0,100,35.090267181396484,0.1,-0.0004370566558009159,0.05945510044693947,0.0,9.792556e-05,1e-07,0.8826768398284912,0.38497357997111975,1750,0.2,0.0,0.7604249119758606
0.3841059602649007,2183,859.42,0.6158940397350994,0.05903838574886322,23,0.05963565409183502,0.059371259063482285,0.05963872745633125,0.059870120137929916,1.4057483443708618,0.059608034789562225,0.05923885479569435,151,0.0589294396340847,0.05970626324415207,0.05996396020054817,560.8399047851562,0.05920073390007019,0.059425242245197296,3014656,0.05915794149041176,-1.0,0.0594773031771183,0.05908426269888878,0.0,1380,0.060112640261650085,0.0589229092001915,0.0589229092001915,0.0593256950378418,0.060112640261650085,0.059904057532548904,0.05926106125116348,0.6158940397350994,0.05990845710039139,0.05952510982751846,0.05935836210846901,0.05910798907279968,0.059605106711387634,0.0,93,35.090267181396484,0.1,-0.00045589147589453205,0.05945510044693947,0.0,0.000105167106,1e-07,0.8932390809059143,0.4267115924274549,1760,0.2,0.0,0.7207362651824951
0.31875,2181,887.1,0.68125,0.05903838574886322,24,0.05963565409183502,0.059371259063482285,0.05963872745633125,0.059870120137929916,1.410362500000001,0.059608034789562225,0.05923885479569435,160,0.0589294396340847,0.05970626324415207,0.05996396020054817,583.18310546875,0.05920073390007019,0.059425242245197296,3145728,0.05915794149041176,-1.0,0.0594773031771183,0.05908426269888878,0.0,1441,0.060112640261650085,0.0589229092001915,0.0589229092001915,0.0593256950378418,0.060112640261650085,0.059904057532548904,0.05926106125116348,0.68125,0.05990845710039139,0.05952510982751846,0.05935836210846901,0.05910798907279968,0.059605106711387634,0.0,109,35.090267181396484,0.1,-0.00044278322684476734,0.05945510044693947,0.0,0.0001019999,1e-07,0.8929641246795654,0.43564342739991846,1770,0.2,0.0,0.8551695942878723
0.43037974683544306,2180,837.28,0.569620253164557,0.05903838574886322,25,0.05963565409183502,0.059371259063482285,0.05963872745633125,0.059870120137929916,1.4053291139240516,0.059608034789562225,0.05923885479569435,158,0.0589294396340847,0.05970626324415207,0.05996396020054817,546.7905883789062,0.05920073390007019,0.059425242245197296,3276800,0.05915794149041176,-1.0,0.0594773031771183,0.05908426269888878,0.0,1503,0.060112640261650085,0.0589229092001915,0.0589229092001915,0.0593256950378418,0.060112640261650085,0.059904057532548904,0.05926106125116348,0.569620253164557,0.05990845710039139,0.05952510982751846,0.05935836210846901,0.05910798907279968,0.059605106711387634,0.0,90,35.090267181396484,0.1,-0.00044236186222406103,0.05945510044693947,0.0,0.000114890194,1e-07,0.8782350420951843,0.3961600036593154,1780,0.2,7.62939453125e-07,0.717714786529541
0.3586206896551724,2178,835.98,0.6413793103448275,0.05903838574886322,26,0.05963565409183502,0.059371259063482285,0.05963872745633125,0.059870120137929916,1.371517241379311,0.059608034789562225,0.05923885479569435,145,0.0589294396340847,0.05970626324415207,0.05996396020054817,548.0169677734375,0.05920073390007019,0.059425242245197296,3407872,0.05915794149041176,-1.0,0.0594773031771183,0.05908426269888878,0.0,1564,0.060112640261650085,0.0589229092001915,0.0589229092001915,0.0593256950378418,0.060112640261650085,0.059904057532548904,0.05926106125116348,0.6413793103448275,0.05990845710039139,0.05952510982751846,0.05935836210846901,0.05910798907279968,0.059605106711387634,0.0,93,35.090267181396484,0.1,-0.0003891429558279924,0.05945510044693947,0.0,8.6028835e-05,1e-07,0.8915542960166931,0.47460204490926117,1790,0.2,0.0,0.8068050146102905
0.36363636363636365,2176,877.63,0.6363636363636364,0.05903838574886322,27,0.05963565409183502,0.059371259063482285,0.05963872745633125,0.059870120137929916,1.3986666666666676,0.059608034789562225,0.05923885479569435,165,0.0589294396340847,0.05970626324415207,0.05996396020054817,576.42529296875,0.05920073390007019,0.059425242245197296,3538944,0.05915794149041176,-1.0,0.0594773031771183,0.05908426269888878,0.0,1625,0.060112640261650085,0.0589229092001915,0.0589229092001915,0.0593256950378418,0.060112640261650085,0.059904057532548904,0.05926106125116348,0.6363636363636364,0.05990845710039139,0.05952510982751846,0.05935836210846901,0.05910798907279968,0.059605106711387634,0.0,105,35.090267181396484,0.1,-0.00041065461659854917,0.05945510044693947,0.0,9.6869015e-05,1e-07,0.8868805766105652,0.3874644125811756,1800,0.2,0.0,0.7107900381088257
0.40397350993377484,2175,822.36,0.5960264900662252,0.05903838574886322,28,0.05963565409183502,0.059371259063482285,0.05963872745633125,0.059870120137929916,1.401615894039736,0.059608034789562225,0.05923885479569435,151,0.0589294396340847,0.05970626324415207,0.05996396020054817,543.8311157226562,0.05920073390007019,0.059425242245197296,3670016,0.05915794149041176,-1.0,0.0594773031771183,0.05908426269888878,0.0,1687,0.060112640261650085,0.0589229092001915,0.0589229092001915,0.0593256950378418,0.060112640261650085,0.059904057532548904,0.05926106125116348,0.5960264900662252,0.05990845710039139,0.05952510982751846,0.05935836210846901,0.05910798907279968,0.059605106711387634,0.0,90,35.090267181396484,0.1,-0.0004616499428038878,0.05945510044693947,0.0,0.00011540366,1e-07,0.8955227136611938,0.4146645794156939,1810,0.2,0.0,0.8479295969009399
0.2676056338028169,2173,884.01,0.7323943661971831,0.05903838574886322,29,0.05963565409183502,0.059371259063482285,0.05963872745633125,0.059870120137929916,1.3992957746478885,0.059608034789562225,0.05923885479569435,142,0.0589294396340847,0.05970626324415207,0.05996396020054817,584.7513427734375,0.05920073390007019,0.059425242245197296,3801088,0.05915794149041176,-1.0,0.0594773031771183,0.05908426269888878,0.0,1748,0.060112640261650085,0.0589229092001915,0.0589229092001915,0.0593256950378418,0.060112640261650085,0.059904057532548904,0.05926106125116348,0.7323943661971831,0.05990845710039139,0.05952510982751846,0.05935836210846901,0.05910798907279968,0.059605106711387634,0.0,104,35.090267181396484,0.1,-0.00041274638901995787,0.05945510044693947,0.0,9.4457704e-05,1e-07,0.8928947448730469,0.40815630462020636,1820,0.2,0.0,0.7960397005081177
0.3269230769230769,2172,856.86,0.6730769230769231,0.05903838574886322,30,0.05963565409183502,0.059371259063482285,0.05963872745633125,0.059870120137929916,1.4013333333333344,0.059608034789562225,0.05923885479569435,156,0.0589294396340847,0.05970626324415207,0.05996396020054817,567.0579833984375,0.05920073390007019,0.059425242245197296,3932160,0.05915794149041176,-1.0,0.0594773031771183,0.05908426269888878,0.0,1809,0.060112640261650085,0.0589229092001915,0.0589229092001915,0.0593256950378418,0.060112640261650085,0.059904057532548904,0.05926106125116348,0.6730769230769231,0.05990845710039139,0.05952510982751846,0.05935836210846901,0.05910798907279968,0.059605106711387634,0.0,105,35.090267181396484,0.1,-0.00038560206853617275,0.05945510044693947,0.0,8.919618e-05,1e-07,0.8544908761978149,0.3590811521979049,1830,0.2,0.0,0.7432507872581482
0.3741935483870968,2171,862.34,0.6258064516129033,0.05903838574886322,31,0.05963565409183502,0.059371259063482285,0.05963872745633125,0.059870120137929916,1.4054064516129043,0.059608034789562225,0.05923885479569435,155,0.0589294396340847,0.05970626324415207,0.05996396020054817,569.59130859375,0.05920073390007019,0.059425242245197296,4063232,0.05915794149041176,-1.0,0.0594773031771183,0.05908426269888878,0.0,1871,0.060112640261650085,0.0589229092001915,0.0589229092001915,0.0593256950378418,0.060112640261650085,0.059904057532548904,0.05926106125116348,0.6258064516129033,0.05990845710039139,0.05952510982751846,0.05935836210846901,0.05910798907279968,0.059605106711387634,0.0,97,35.090267181396484,0.1,-0.0004567383613448328,0.05945510044693947,0.0,0.00011114893,1e-07,0.8861173987388611,0.42281118805985896,1840,0.2,0.0,0.7523877024650574
0.3082191780821918,2170,884.89,0.6917808219178082,0.05903838574886322,32,0.05963565409183502,0.059371259063482285,0.05963872745633125,0.059870120137929916,1.4001643835616449,0.059608034789562225,0.05923885479569435,146,0.0589294396340847,0.05970626324415207,0.05996396020054817,579.5177001953125,0.05920073390007019,0.059425242245197296,4194304,0.05915794149041176,-1.0,0.0594773031771183,0.05908426269888878,0.0,1932,0.060112640261650085,0.0589229092001915,0.0589229092001915,0.0593256950378418,0.060112640261650085,0.059904057532548904,0.05926106125116348,0.6917808219178082,0.05990845710039139,0.05952510982751846,0.05935836210846901,0.05910798907279968,0.059605106711387634,0.0,101,35.090267181396484,0.1,-0.000426741941828368,0.05945510044693947,0.0,9.189172e-05,1e-07,0.8808689713478088,0.42600154848769306,1850,0.2,0.0,0.7803431749343872
0.3395061728395062,2169,885.53,0.6604938271604939,0.05903838574886322,33,0.05963565409183502,0.059371259063482285,0.05963872745633125,0.059870120137929916,1.4046666666666676,0.059608034789562225,0.05923885479569435,162,0.0589294396340847,0.05970626324415207,0.05996396020054817,584.2842407226562,0.05920073390007019,0.059425242245197296,4325376,0.05915794149041176,-1.0,0.0594773031771183,0.05908426269888878,0.0,1993,0.060112640261650085,0.0589229092001915,0.0589229092001915,0.0593256950378418,0.060112640261650085,0.059904057532548904,0.05926106125116348,0.6604938271604939,0.05990845710039139,0.05952510982751846,0.05935836210846901,0.05910798907279968,0.059605106711387634,0.0,107,35.090267181396484,0.1,-0.00041778310164772845,0.05945510044693947,0.0,8.77961e-05,1e-07,0.8866949677467346,0.36193999748211353,1860,0.2,0.0,0.6992162466049194
0.4066666666666667,2168,833.02,0.5933333333333334,0.05903838574886322,34,0.05963565409183502,0.059371259063482285,0.05963872745633125,0.059870120137929916,1.4068666666666676,0.059608034789562225,0.05923885479569435,150,0.0589294396340847,0.05970626324415207,0.05996396020054817,541.4862670898438,0.05920073390007019,0.059425242245197296,4456448,0.05915794149041176,-1.0,0.0594773031771183,0.05908426269888878,0.0,2055,0.060112640261650085,0.0589229092001915,0.0589229092001915,0.0593256950378418,0.060112640261650085,0.059904057532548904,0.05926106125116348,0.5933333333333334,0.05990845710039139,0.05952510982751846,0.05935836210846901,0.05910798907279968,0.059605106711387634,0.0,89,35.090267181396484,0.1,-0.0003605652447276952,0.05945510044693947,0.0,8.865521e-05,1e-07,0.8901538848876953,0.39827178241685035,1870,0.2,0.0,0.762568473815918
0.33544303797468356,2166,811.38,0.6645569620253164,0.05903838574886322,35,0.05963565409183502,0.059371259063482285,0.05963872745633125,0.059870120137929916,1.4067848101265834,0.059608034789562225,0.05923885479569435,158,0.0589294396340847,0.05970626324415207,0.05996396020054817,529.2841186523438,0.05920073390007019,0.059425242245197296,4587520,0.05915794149041176,-1.0,0.0594773031771183,0.05908426269888878,0.0,2117,0.060112640261650085,0.0589229092001915,0.0589229092001915,0.0593256950378418,0.060112640261650085,0.059904057532548904,0.05926106125116348,0.6645569620253164,0.05990845710039139,0.05952510982751846,0.05935836210846901,0.05910798907279968,0.059605106711387634,0.0,105,35.090267181396484,0.1,-0.00037972711372731284,0.05945510044693947,0.0,8.2077335e-05,1e-07,0.8934192657470703,0.4440693998010829,1880,0.2,0.0,0.7403535842895508
0.3972602739726027,2165,859.12,0.6027397260273972,0.05903838574886322,36,0.05963565409183502,0.059371259063482285,0.05963872745633125,0.059870120137929916,1.3886164383561654,0.059608034789562225,0.05923885479569435,146,0.0589294396340847,0.05970626324415207,0.05996396020054817,562.7763061523438,0.05920073390007019,0.059425242245197296,4718592,0.05915794149041176,-1.0,0.0594773031771183,0.05908426269888878,0.0,2178,0.060112640261650085,0.0589229092001915,0.0589229092001915,0.0593256950378418,0.060112640261650085,0.059904057532548904,0.05926106125116348,0.6027397260273972,0.05990845710039139,0.05952510982751846,0.05935836210846901,0.05910798907279968,0.059605106711387634,0.0,88,35.090267181396484,0.1,-0.0004146905443576543,0.05945510044693947,0.0,0.00010177796,1e-07,0.884401261806488,0.4270991639001295,1890,0.2,0.0,0.7473532557487488
0.3375,2164,849.74,0.6625,0.05903838574886322,37,0.05963565409183502,0.059371259063482285,0.05963872745633125,0.059870120137929916,1.414125000000001,0.059608034789562225,0.05923885479569435,160,0.0589294396340847,0.05970626324415207,0.05996396020054817,558.6568603515625,0.05920073390007019,0.059425242245197296,4849664,0.05915794149041176,-1.0,0.0594773031771183,0.05908426269888878,0.0,2240,0.060112640261650085,0.0589229092001915,0.0589229092001915,0.0593256950378418,0.060112640261650085,0.059904057532548904,0.05926106125116348,0.6625,0.05990845710039139,0.05952510982751846,0.05935836210846901,0.05910798907279968,0.059605106711387634,0.0,106,35.090267181396484,0.1,-0.0004102058141143061,0.05945510044693947,0.0,9.498247e-05,1e-07,0.898945689201355,0.4118725401815027,1900,0.2,0.0,0.74405837059021
0.352112676056338,2164,871.46,0.647887323943662,0.05903838574886322,38,0.05963565409183502,0.059371259063482285,0.05963872745633125,0.059870120137929916,1.3752112676056347,0.059608034789562225,0.05923885479569435,142,0.0589294396340847,0.05970626324415207,0.05996396020054817,568.1796264648438,0.05920073390007019,0.059425242245197296,4980736,0.05915794149041176,-1.0,0.0594773031771183,0.05908426269888878,0.0,2300,0.060112640261650085,0.0589229092001915,0.0589229092001915,0.0593256950378418,0.060112640261650085,0.059904057532548904,0.05926106125116348,0.647887323943662,0.05990845710039139,0.05952510982751846,0.05935836210846901,0.05910798907279968,0.059605106711387634,0.0,92,35.090267181396484,0.1,-0.0004009097645166548,0.05945510044693947,0.0,9.360513e-05,1e-07,0.8881812691688538,0.41086755886208265,1910,0.2,0.0,0.68421870470047
0.3558282208588957,2163,869.53,0.6441717791411042,0.05903838574886322,39,0.05963565409183502,0.059371259063482285,0.05963872745633125,0.059870120137929916,1.3950184049079766,0.059608034789562225,0.05923885479569435,163,0.0589294396340847,0.05970626324415207,0.05996396020054817,570.1497802734375,0.05920073390007019,0.059425242245197296,5111808,0.05915794149041176,-1.0,0.0594773031771183,0.05908426269888878,0.0,2362,0.060112640261650085,0.0589229092001915,0.0589229092001915,0.0593256950378418,0.060112640261650085,0.059904057532548904,0.05926106125116348,0.6441717791411042,0.05990845710039139,0.05952510982751846,0.05935836210846901,0.05910798907279968,0.059605106711387634,0.0,105,35.090267181396484,0.1,-0.00038772811672060925,0.05945510044693947,0.0,8.486933e-05,1e-07,0.883209228515625,0.4230820974800736,1920,0.2,0.0,0.6895925402641296
0.38028169014084506,2163,850.31,0.6197183098591549,0.05903838574886322,40,0.05963565409183502,0.059371259063482285,0.05963872745633125,0.059870120137929916,1.4030704225352124,0.059608034789562225,0.05923885479569435,142,0.0589294396340847,0.05970626324415207,0.05996396020054817,561.040283203125,0.05920073390007019,0.059425242245197296,5242880,0.05915794149041176,-1.0,0.0594773031771183,0.05908426269888878,0.0,2423,0.060112640261650085,0.0589229092001915,0.0589229092001915,0.0593256950378418,0.060112640261650085,0.059904057532548904,0.05926106125116348,0.6197183098591549,0.05990845710039139,0.05952510982751846,0.05935836210846901,0.05910798907279968,0.059605106711387634,0.0,88,35.090267181396484,0.1,-0.00042187642334283736,0.05945510044693947,0.0,9.402589e-05,1e-07,0.9005189538002014,0.41909569636918603,1930,0.2,0.0,0.8011939525604248
0.3076923076923077,2163,881.64,0.6923076923076923,0.05903838574886322,41,0.05963565409183502,0.059371259063482285,0.05963872745633125,0.059870120137929916,1.3846282051282062,0.059608034789562225,0.05923885479569435,156,0.0589294396340847,0.05970626324415207,0.05996396020054817,581.3579711914062,0.05920073390007019,0.059425242245197296,5373952,0.05915794149041176,-1.0,0.0594773031771183,0.05908426269888878,0.0,2484,0.060112640261650085,0.0589229092001915,0.0589229092001915,0.0593256950378418,0.060112640261650085,0.059904057532548904,0.05926106125116348,0.6923076923076923,0.05990845710039139,0.05952510982751846,0.05935836210846901,0.05910798907279968,0.059605106711387634,0.0,108,35.090267181396484,0.1,-0.0004281751238067955,0.05945510044693947,0.0,0.00010073416,1e-07,0.8899103999137878,0.3668370779370889,1940,0.2,0.0,0.697990357875824
0.3466666666666667,2162,870.38,0.6533333333333333,0.05903838574886322,42,0.05963565409183502,0.059371259063482285,0.05963872745633125,0.059870120137929916,1.3969733333333345,0.059608034789562225,0.05923885479569435,150,0.0589294396340847,0.05970626324415207,0.05996396020054817,571.2598266601562,0.05920073390007019,0.059425242245197296,5505024,0.05915794149041176,-1.0,0.0594773031771183,0.05908426269888878,0.0,2545,0.060112640261650085,0.0589229092001915,0.0589229092001915,0.0593256950378418,0.060112640261650085,0.059904057532548904,0.05926106125116348,0.6533333333333333,0.05990845710039139,0.05952510982751846,0.05935836210846901,0.05910798907279968,0.059605106711387634,0.0,98,35.090267181396484,0.1,-0.00041386680404684737,0.05945510044693947,0.0,9.5200456e-05,1e-07,0.893645703792572,0.3821858163457364,1950,0.2,0.0,0.7388021945953369
0.31645569620253167,2161,838.08,0.6835443037974683,0.05903838574886322,43,0.05963565409183502,0.059371259063482285,0.05963872745633125,0.059870120137929916,1.384518987341773,0.059608034789562225,0.05923885479569435,158,0.0589294396340847,0.05970626324415207,0.05996396020054817,550.1334228515625,0.05920073390007019,0.059425242245197296,5636096,0.05915794149041176,-1.0,0.0594773031771183,0.05908426269888878,0.0,2607,0.060112640261650085,0.0589229092001915,0.0589229092001915,0.0593256950378418,0.060112640261650085,0.059904057532548904,0.05926106125116348,0.6835443037974683,0.05990845710039139,0.05952510982751846,0.05935836210846901,0.05910798907279968,0.059605106711387634,0.0,108,35.090267181396484,0.1,-0.00047433737772735186,0.05945510044693947,0.0,0.00011472394,1e-07,0.8903217911720276,0.40460942692589014,1960,0.2,0.0,0.6773613691329956
0.304635761589404,2160,845.46,0.695364238410596,0.05903838574886322,44,0.05963565409183502,0.059371259063482285,0.05963872745633125,0.059870120137929916,1.3950596026490076,0.059608034789562225,0.05923885479569435,151,0.0589294396340847,0.05970626324415207,0.05996396020054817,559.4898681640625,0.05920073390007019,0.059425242245197296,5767168,0.05915794149041176,-1.0,0.0594773031771183,0.05908426269888878,0.0,2669,0.060112640261650085,0.0589229092001915,0.0589229092001915,0.0593256950378418,0.060112640261650085,0.059904057532548904,0.05926106125116348,0.695364238410596,0.05990845710039139,0.05952510982751846,0.05935836210846901,0.05910798907279968,0.059605106711387634,0.0,105,35.090267181396484,0.1,-0.00041190028141500077,0.05945510044693947,0.0,9.4963776e-05,1e-07,0.8819241523742676,0.4211928565055132,1970,0.2,0.0,0.7080422043800354
0.33962264150943394,2159,862.97,0.660377358490566,0.05903838574886322,45,0.05963565409183502,0.059371259063482285,0.05963872745633125,0.059870120137929916,1.4028301886792462,0.059608034789562225,0.05923885479569435,159,0.0589294396340847,0.05970626324415207,0.05996396020054817,568.314453125,0.05920073390007019,0.059425242245197296,5898240,0.05915794149041176,-1.0,0.0594773031771183,0.05908426269888878,0.0,2731,0.060112640261650085,0.0589229092001915,0.0589229092001915,0.0593256950378418,0.060112640261650085,0.059904057532548904,0.05926106125116348,0.660377358490566,0.05990845710039139,0.05952510982751846,0.05935836210846901,0.05910798907279968,0.059605106711387634,0.0,105,35.090267181396484,0.1,-0.00044268181850384283,0.05945510044693947,0.0,0.00010692349,1e-07,0.8737779855728149,0.3917341591557488,1980,0.2,0.0,0.8596760034561157
0.35374149659863946,2158,878.53,0.6462585034013606,0.05903838574886322,46,0.05963565409183502,0.059371259063482285,0.05963872745633125,0.059870120137929916,1.4038231292517016,0.059608034789562225,0.05923885479569435,147,0.0589294396340847,0.05970626324415207,0.05996396020054817,579.051025390625,0.05920073390007019,0.059425242245197296,6029312,0.05915794149041176,-1.0,0.0594773031771183,0.05908426269888878,0.0,2792,0.060112640261650085,0.0589229092001915,0.0589229092001915,0.0593256950378418,0.060112640261650085,0.059904057532548904,0.05926106125116348,0.6462585034013606,0.05990845710039139,0.05952510982751846,0.05935836210846901,0.05910798907279968,0.059605106711387634,0.0,95,35.090267181396484,0.1,-0.00043503155293365123,0.05945510044693947,0.0,9.243802e-05,1e-07,0.8921334743499756,0.40478521927725525,1990,0.2,0.0,0.7589070796966553
0.32894736842105265,2158,888.19,0.6710526315789473,0.05903838574886322,47,0.05963565409183502,0.059371259063482285,0.05963872745633125,0.059870120137929916,1.39692105263158,0.059608034789562225,0.05923885479569435,152,0.0589294396340847,0.05970626324415207,0.05996396020054817,585.720947265625,0.05920073390007019,0.059425242245197296,6160384,0.05915794149041176,-1.0,0.0594773031771183,0.05908426269888878,0.0,2854,0.060112640261650085,0.0589229092001915,0.0589229092001915,0.0593256950378418,0.060112640261650085,0.059904057532548904,0.05926106125116348,0.6710526315789473,0.05990845710039139,0.05952510982751846,0.05935836210846901,0.05910798907279968,0.059605106711387634,0.0,102,35.090267181396484,0.1,-0.00044184433361351696,0.05945510044693947,0.0,9.5382275e-05,1e-07,0.8881220817565918,0.3800092719844542,2000,0.2,0.0,0.700210452079773
0.2571428571428571,2157,884.05,0.7428571428571429,0.05903838574886322,48,0.05963565409183502,0.059371259063482285,0.05963872745633125,0.059870120137929916,1.3976714285714296,0.059608034789562225,0.05923885479569435,140,0.0589294396340847,0.05970626324415207,0.05996396020054817,582.4724731445312,0.05920073390007019,0.059425242245197296,6291456,0.05915794149041176,-1.0,0.0594773031771183,0.05908426269888878,0.0,2916,0.060112640261650085,0.0589229092001915,0.0589229092001915,0.0593256950378418,0.060112640261650085,0.059904057532548904,0.05926106125116348,0.7428571428571429,0.05990845710039139,0.05952510982751846,0.05935836210846901,0.05910798907279968,0.059605106711387634,0.0,104,35.090267181396484,0.1,-0.0003806158820680139,0.05945510044693947,0.0,8.0580634e-05,1e-07,0.8871167302131653,0.3987912311917171,2010,0.2,0.0,0.6835440397262573
0.36470588235294116,2156,830.92,0.6352941176470588,0.05903838574886322,49,0.05963565409183502,0.059371259063482285,0.05963872745633125,0.059870120137929916,1.3811411764705892,0.059608034789562225,0.05923885479569435,170,0.0589294396340847,0.05970626324415207,0.05996396020054817,545.7404174804688,0.05920073390007019,0.059425242245197296,6422528,0.05915794149041176,-1.0,0.0594773031771183,0.05908426269888878,0.0,2977,0.060112640261650085,0.0589229092001915,0.0589229092001915,0.0593256950378418,0.060112640261650085,0.059904057532548904,0.05926106125116348,0.6352941176470588,0.05990845710039139,0.05952510982751846,0.05935836210846901,0.05910798907279968,0.059605106711387634,0.0,108,35.090267181396484,0.1,-0.0004511916864885279,0.05945510044693947,0.0,0.00011114169,1e-07,0.8730169534683228,0.37909143455326555,2020,0.2,0.0,0.7033969759941101
0.34306569343065696,2156,859.55,0.656934306569343,0.05903838574886322,50,0.05963565409183502,0.059371259063482285,0.05963872745633125,0.059870120137929916,1.3896642335766434,0.059608034789562225,0.05923885479569435,137,0.0589294396340847,0.05970626324415207,0.05996396020054817,566.0311889648438,0.05920073390007019,0.059425242245197296,6553600,0.05915794149041176,-1.0,0.0594773031771183,0.05908426269888878,0.0,3039,0.060112640261650085,0.0589229092001915,0.0589229092001915,0.0593256950378418,0.060112640261650085,0.059904057532548904,0.05926106125116348,0.656934306569343,0.05990845710039139,0.05952510982751846,0.05935836210846901,0.05910798907279968,0.059605106711387634,0.0,90,35.090267181396484,0.1,-0.0004712582474667215,0.05945510044693947,0.0,0.00012461259,1e-07,0.8883360028266907,0.4132364710792899,2030,0.2,0.0,0.7588777542114258
0.3503184713375796,2155,874.35,0.6496815286624203,0.05903838574886322,51,0.05963565409183502,0.059371259063482285,0.05963872745633125,0.059870120137929916,1.4038726114649693,0.059608034789562225,0.05923885479569435,157,0.0589294396340847,0.05970626324415207,0.05996396020054817,576.4528198242188,0.05920073390007019,0.059425242245197296,6684672,0.05915794149041176,-1.0,0.0594773031771183,0.05908426269888878,0.0,3100,0.060112640261650085,0.0589229092001915,0.0589229092001915,0.0593256950378418,0.060112640261650085,0.059904057532548904,0.05926106125116348,0.6496815286624203,0.05990845710039139,0.05952510982751846,0.05935836210846901,0.05910798907279968,0.059605106711387634,0.0,102,35.090267181396484,0.1,-0.0004106403468995268,0.05945510044693947,0.0,0.000104495964,1e-07,0.8864814043045044,0.37802075599320234,2040,0.2,0.0,0.6374491453170776
0.3741935483870968,2155,856.47,0.6258064516129033,0.05903838574886322,52,0.05963565409183502,0.059371259063482285,0.05963872745633125,0.059870120137929916,1.398025806451614,0.059608034789562225,0.05923885479569435,155,0.0589294396340847,0.05970626324415207,0.05996396020054817,564.862060546875,0.05920073390007019,0.059425242245197296,6815744,0.05915794149041176,-1.0,0.0594773031771183,0.05908426269888878,0.0,3161,0.060112640261650085,0.0589229092001915,0.0589229092001915,0.0593256950378418,0.060112640261650085,0.059904057532548904,0.05926106125116348,0.6258064516129033,0.05990845710039139,0.05952510982751846,0.05935836210846901,0.05910798907279968,0.059605106711387634,0.0,97,35.090267181396484,0.1,-0.00041327357157570075,0.05945510044693947,0.0,9.6954354e-05,1e-07,0.8925933837890625,0.39674867619760334,2050,0.2,0.0,0.6731435656547546
0.34615384615384615,2155,852.34,0.6538461538461539,0.05903838574886322,53,0.05963565409183502,0.059371259063482285,0.05963872745633125,0.059870120137929916,1.3969615384615395,0.059608034789562225,0.05923885479569435,156,0.0589294396340847,0.05970626324415207,0.05996396020054817,561.5436401367188,0.05920073390007019,0.059425242245197296,6946816,0.05915794149041176,-1.0,0.0594773031771183,0.05908426269888878,0.0,3223,0.060112640261650085,0.0589229092001915,0.0589229092001915,0.0593256950378418,0.060112640261650085,0.059904057532548904,0.05926106125116348,0.6538461538461539,0.05990845710039139,0.05952510982751846,0.05935836210846901,0.05910798907279968,0.059605106711387634,0.0,102,35.090267181396484,0.1,-0.0004130735466333135,0.05945510044693947,0.0,9.689947e-05,1e-07,0.8880137205123901,0.4229679646436125,2060,0.2,0.0,0.7477470636367798
0.3660130718954248,2154,859.8,0.6339869281045751,0.05903838574886322,54,0.05963565409183502,0.059371259063482285,0.05963872745633125,0.059870120137929916,1.405843137254903,0.059608034789562225,0.05923885479569435,153,0.0589294396340847,0.05970626324415207,0.05996396020054817,563.7657470703125,0.05920073390007019,0.059425242245197296,7077888,0.05915794149041176,-1.0,0.0594773031771183,0.05908426269888878,0.0,3285,0.060112640261650085,0.0589229092001915,0.0589229092001915,0.0593256950378418,0.060112640261650085,0.059904057532548904,0.05926106125116348,0.6339869281045751,0.05990845710039139,0.05952510982751846,0.05935836210846901,0.05910798907279968,0.059605106711387634,0.0,97,35.090267181396484,0.1,-0.00037265653018039304,0.05945510044693947,0.0,8.731439e-05,1e-07,0.8864295482635498,0.4223392518470064,2070,0.2,0.0,0.8273349404335022
0.4088050314465409,2154,822.31,0.5911949685534591,0.05903838574886322,55,0.05963565409183502,0.059371259063482285,0.05963872745633125,0.059870120137929916,1.4052201257861643,0.059608034789562225,0.05923885479569435,159,0.0589294396340847,0.05970626324415207,0.05996396020054817,541.1844482421875,0.05920073390007019,0.059425242245197296,7208960,0.05915794149041176,-1.0,0.0594773031771183,0.05908426269888878,0.0,3346,0.060112640261650085,0.0589229092001915,0.0589229092001915,0.0593256950378418,0.060112640261650085,0.059904057532548904,0.05926106125116348,0.5911949685534591,0.05990845710039139,0.05952510982751846,0.05935836210846901,0.05910798907279968,0.059605106711387634,0.0,94,35.090267181396484,0.1,-0.0004053317120906286,0.05945510044693947,0.0,8.652755e-05,1e-07,0.8954352736473083,0.41689468363765625,2080,0.2,0.0,0.7689880132675171
0.34459459459459457,2153,834.84,0.6554054054054054,0.05903838574886322,56,0.05963565409183502,0.059371259063482285,0.05963872745633125,0.059870120137929916,1.4002162162162173,0.059608034789562225,0.05923885479569435,148,0.0589294396340847,0.05970626324415207,0.05996396020054817,549.374755859375,0.05920073390007019,0.059425242245197296,7340032,0.05915794149041176,-1.0,0.0594773031771183,0.05908426269888878,0.0,3408,0.060112640261650085,0.0589229092001915,0.0589229092001915,0.0593256950378418,0.060112640261650085,0.059904057532548904,0.05926106125116348,0.6554054054054054,0.05990845710039139,0.05952510982751846,0.05935836210846901,0.05910798907279968,0.059605106711387634,0.0,97,35.090267181396484,0.1,-0.00036168190395073906,0.05945510044693947,0.0,7.042079e-05,1e-07,0.8952175378799438,0.42155129436869176,2090,0.2,0.0,0.7765944600105286
0.36419753086419754,2153,847.09,0.6358024691358025,0.05903838574886322,57,0.05963565409183502,0.059371259063482285,0.05963872745633125,0.059870120137929916,1.396222222222223,0.059608034789562225,0.05923885479569435,162,0.0589294396340847,0.05970626324415207,0.05996396020054817,557.9351806640625,0.05920073390007019,0.059425242245197296,7471104,0.05915794149041176,-1.0,0.0594773031771183,0.05908426269888878,0.0,3469,0.060112640261650085,0.0589229092001915,0.0589229092001915,0.0593256950378418,0.060112640261650085,0.059904057532548904,0.05926106125116348,0.6358024691358025,0.05990845710039139,0.05952510982751846,0.05935836210846901,0.05910798907279968,0.059605106711387634,0.0,103,35.090267181396484,0.1,-0.0003471456055649469,0.05945510044693947,0.0,8.3525985e-05,1e-07,0.8785062432289124,0.4094755876576528,2100,0.2,0.0,0.7198294401168823
0.3333333333333333,2152,899.75,0.6666666666666666,0.05903838574886322,58,0.05963565409183502,0.059371259063482285,0.05963872745633125,0.059870120137929916,1.4146666666666676,0.059608034789562225,0.05923885479569435,135,0.0589294396340847,0.05970626324415207,0.05996396020054817,594.1248168945312,0.05920073390007019,0.059425242245197296,7602176,0.05915794149041176,-1.0,0.0594773031771183,0.05908426269888878,0.0,3531,0.060112640261650085,0.0589229092001915,0.0589229092001915,0.0593256950378418,0.060112640261650085,0.059904057532548904,0.05926106125116348,0.6666666666666666,0.05990845710039139,0.05952510982751846,0.05935836210846901,0.05910798907279968,0.059605106711387634,0.0,90,35.090267181396484,0.1,-0.00047054605267931037,0.05945510044693947,0.0,0.00012557398,1e-07,0.8944308757781982,0.38783848998136816,2110,0.2,0.0,0.7426472306251526
0.29878048780487804,2152,866.52,0.7012195121951219,0.05903838574886322,59,0.05963565409183502,0.059371259063482285,0.05963872745633125,0.059870120137929916,1.3964634146341472,0.059608034789562225,0.05923885479569435,164,0.0589294396340847,0.05970626324415207,0.05996396020054817,570.70361328125,0.05920073390007019,0.059425242245197296,7733248,0.05915794149041176,-1.0,0.0594773031771183,0.05908426269888878,0.0,3593,0.060112640261650085,0.0589229092001915,0.0589229092001915,0.0593256950378418,0.060112640261650085,0.059904057532548904,0.05926106125116348,0.7012195121951219,0.05990845710039139,0.05952510982751846,0.05935836210846901,0.05910798907279968,0.059605106711387634,0.0,115,35.090267181396484,0.1,-0.0004838157714857516,0.05945510044693947,0.0,0.00012412813,1e-07,0.886711597442627,0.37182821611640976,2120,0.2,0.0,0.7444373369216919
0.3402777777777778,2151,884.41,0.6597222222222222,0.05903838574886322,60,0.05963565409183502,0.059371259063482285,0.05963872745633125,0.059870120137929916,1.4086666666666676,0.059608034789562225,0.05923885479569435,144,0.0589294396340847,0.05970626324415207,0.05996396020054817,583.0977172851562,0.05920073390007019,0.059425242245197296,7864320,0.05915794149041176,-1.0,0.0594773031771183,0.05908426269888878,0.0,3654,0.060112640261650085,0.0589229092001915,0.0589229092001915,0.0593256950378418,0.060112640261650085,0.059904057532548904,0.05926106125116348,0.6597222222222222,0.05990845710039139,0.05952510982751846,0.05935836210846901,0.05910798907279968,0.059605106711387634,0.0,95,35.090267181396484,0.1,-0.00041178922251674523,0.05945510044693947,0.0,9.477217e-05,1e-07,0.8903325796127319,0.37215318938251585,2130,0.2,0.0,0.7068013548851013
0.31788079470198677,2151,845.56,0.6821192052980133,0.05903838574886322,61,0.05963565409183502,0.059371259063482285,0.05963872745633125,0.059870120137929916,1.4066092715231797,0.059608034789562225,0.05923885479569435,151,0.0589294396340847,0.05970626324415207,0.05996396020054817,557.85107421875,0.05920073390007019,0.059425242245197296,7995392,0.05915794149041176,-1.0,0.0594773031771183,0.05908427760004997,0.0,3716,0.060112640261650085,0.0589229092001915,0.0589229092001915,0.0593256950378418,0.060112640261650085,0.059904057532548904,0.05926106125116348,0.6821192052980133,0.05990845710039139,0.05952510982751846,0.05935836210846901,0.05910798907279968,0.059605106711387634,0.0,103,35.090267181396484,0.1,-0.00037802214528710466,0.05945510044693947,0.0,7.467644e-05,1e-07,0.8808879256248474,0.3951976156327873,2140,0.2,0.0,0.7923325300216675
0.38823529411764707,2151,835.83,0.611764705882353,0.05903838574886322,62,0.05963565409183502,0.059371259063482285,0.05963872745633125,0.059870120137929916,1.3919882352941186,0.059608034789562225,0.05923885479569435,170,0.0589294396340847,0.05970626324415207,0.05996396020054817,547.6941528320312,0.05920073390007019,0.059425242245197296,8126464,0.05915794149041176,-1.0,0.0594773031771183,0.05908427760004997,0.0,3777,0.060112640261650085,0.0589229092001915,0.0589229092001915,0.0593256950378418,0.060112640261650085,0.059904057532548904,0.05926106125116348,0.611764705882353,0.05990845710039139,0.05952510982751846,0.05935836210846901,0.05910798907279968,0.059605106711387634,0.0,104,35.090267181396484,0.1,-0.0004995235495243832,0.05945510044693947,0.0,0.00011964471,1e-07,0.8872383236885071,0.4148658676305786,2150,0.2,0.0,0.7649143934249878
0.4154929577464789,2150,834.75,0.5845070422535211,0.05903838574886322,63,0.05963565409183502,0.059371259063482285,0.05963872745633125,0.059870120137929916,1.392661971830987,0.059608034789562225,0.05923885479569435,142,0.0589294396340847,0.05970626324415207,0.05996396020054817,545.20361328125,0.05920073390007019,0.059425242245197296,8257536,0.05915794149041176,-1.0,0.0594773031771183,0.05908427760004997,0.0,3839,0.060112640261650085,0.0589229092001915,0.0589229092001915,0.0593256950378418,0.060112640261650085,0.059904057532548904,0.05926106125116348,0.5845070422535211,0.05990845710039139,0.05952510982751846,0.05935836210846901,0.05910798907279968,0.059605106711387634,0.0,83,35.090267181396484,0.1,-0.0003674791631055996,0.05945510044693947,0.0,7.682623e-05,1e-07,0.8874478936195374,0.4830742711899802,2160,0.2,0.0,0.8060983419418335
0.3081761006289308,2150,866.06,0.6918238993710691,0.05903838574886322,64,0.05963565409183502,0.059371259063482285,0.05963872745633125,0.059870120137929916,1.4136729559748438,0.059608034789562225,0.05923885479569435,159,0.0589294396340847,0.05970626324415207,0.05996396020054817,569.8787231445312,0.05920073390007019,0.059425242245197296,8388608,0.05915794149041176,-1.0,0.0594773031771183,0.05908427760004997,0.0,3900,0.060112640261650085,0.0589229092001915,0.0589229092001915,0.0593256950378418,0.060112640261650085,0.059904057532548904,0.05926106125116348,0.6918238993710691,0.05990845710039139,0.05952510982751846,0.05935836210846901,0.05910798907279968,0.059605106711387634,0.0,110,35.090267181396484,0.1,-0.0004263528266619687,0.05945510044693947,0.0,0.00010438182,1e-07,0.8931095004081726,0.4268993382109329,2170,0.2,0.0,0.776680588722229
0.35570469798657717,2150,830.65,0.6442953020134228,0.05903838574886322,65,0.05963565409183502,0.059371259063482285,0.05963872745633125,0.059870120137929916,1.4003758389261753,0.059608034789562225,0.05923885479569435,149,0.0589294396340847,0.05970626324415207,0.05996396020054817,546.64892578125,0.05920073390007019,0.059425242245197296,8519680,0.05915794149041176,-1.0,0.0594773031771183,0.05908427760004997,0.0,3961,0.060112640261650085,0.0589229092001915,0.0589229092001915,0.0593256950378418,0.060112640261650085,0.059904057532548904,0.05926106125116348,0.6442953020134228,0.05990845710039139,0.05952510982751846,0.05935836210846901,0.05910798907279968,0.059605106711387634,0.0,96,35.090267181396484,0.1,-0.0003713754712180162,0.05945510044693947,0.0,7.937018e-05,1e-07,0.8979143500328064,0.36098605578299614,2180,0.2,0.0,0.7472760677337646
0.2597402597402597,2150,894.11,0.7402597402597403,0.05903838574886322,66,0.05963565409183502,0.059371259063482285,0.05963872745633125,0.059870120137929916,1.4021298701298712,0.059608034789562225,0.05923885479569435,154,0.0589294396340847,0.05970626324415207,0.05996396020054817,589.6399536132812,0.05920073390007019,0.059425242245197296,8650752,0.05915794149041176,-1.0,0.0594773031771183,0.05908427760004997,0.0,4023,0.060112640261650085,0.0589229092001915,0.0589229092001915,0.0593256950378418,0.060112640261650085,0.059904057532548904,0.05926106125116348,0.7402597402597403,0.05990845710039139,0.05952510982751846,0.05935836210846901,0.05910798907279968,0.059605106711387634,0.0,114,35.090267181396484,0.1,-0.00045562857512777556,0.05945510044693947,0.0,0.00012146936,1e-07,0.8819708824157715,0.39703096221201123,2190,0.2,0.0,0.7030166387557983
0.35570469798657717,2150,853.74,0.6442953020134228,0.05903838574886322,67,0.05963565409183502,0.059371259063482285,0.05963872745633125,0.059870120137929916,1.402255033557048,0.059608034789562225,0.05923885479569435,149,0.0589294396340847,0.05970626324415207,0.05996396020054817,560.4625854492188,0.05920073390007019,0.059425242245197296,8781824,0.05915794149041176,-1.0,0.0594773031771183,0.05908427760004997,0.0,4084,0.060112640261650085,0.0589229092001915,0.0589229092001915,0.0593256950378418,0.060112640261650085,0.059904057532548904,0.05926106125116348,0.6442953020134228,0.05990845710039139,0.05952510982751846,0.05935836210846901,0.05910798907279968,0.059605106711387634,0.0,96,35.090267181396484,0.1,-0.0004773877576099039,0.05945510044693947,0.0,0.00012507223,1e-07,0.8723434805870056,0.3885622798698023,2200,0.2,7.62939453125e-07,0.7276960015296936
0.30405405405405406,2149,865.38,0.6959459459459459,0.05903838574886322,68,0.05963565409183502,0.059371259063482285,0.05963872745633125,0.059870120137929916,1.4040135135135146,0.059608034789562225,0.05923885479569435,148,0.0589294396340847,0.05970626324415207,0.05996396020054817,572.2315063476562,0.05920073390007019,0.059425242245197296,8912896,0.05915794149041176,-1.0,0.0594773031771183,0.05908427760004997,0.0,4145,0.060112640261650085,0.0589229092001915,0.0589229092001915,0.0593256950378418,0.060112640261650085,0.059904057532548904,0.05926106125116348,0.6959459459459459,0.05990845710039139,0.05952510982751846,0.05935836210846901,0.05910798907279968,0.059605106711387634,0.0,103,35.090267181396484,0.1,-0.00045210713651613334,0.05945510044693947,0.0,0.00010359725,1e-07,0.8913789987564087,0.38810658629518,2210,0.2,0.0,0.7267518639564514
0.37579617834394907,2149,826.21,0.6242038216560509,0.05903838574886322,69,0.05963565409183502,0.059371259063482285,0.05963872745633125,0.059870120137929916,1.3936815286624213,0.059608034789562225,0.05923885479569435,157,0.0589294396340847,0.05970626324415207,0.05996396020054817,539.8931274414062,0.05920073390007019,0.059425242245197296,9043968,0.05915794149041176,-1.0,0.0594773031771183,0.05908427760004997,0.0,4207,0.060112640261650085,0.0589229092001915,0.0589229092001915,0.0593256950378418,0.060112640261650085,0.059904057532548904,0.05926106125116348,0.6242038216560509,0.05990845710039139,0.05952510982751846,0.05935836210846901,0.05910798907279968,0.059605106711387634,0.0,98,35.090267181396484,0.1,-0.0004537005823749496,0.05945510044693947,0.0,0.00010874466,1e-07,0.8865681886672974,0.3973009468987584,2220,0.2,0.0,0.7522209882736206
0.32903225806451614,2149,840.82,0.6709677419354839,0.05903838574886322,70,0.05963565409183502,0.059371259063482285,0.05963872745633125,0.059870120137929916,1.3749548387096784,0.059608034789562225,0.05923885479569435,155,0.0589294396340847,0.05970626324415207,0.05996396020054817,550.61083984375,0.05920073390007019,0.059425242245197296,9175040,0.05915794149041176,-1.0,0.0594773031771183,0.05908427760004997,0.0,4268,0.060112640261650085,0.0589229092001915,0.0589229092001915,0.0593256950378418,0.060112640261650085,0.059904057532548904,0.05926106125116348,0.6709677419354839,0.05990845710039139,0.05952510982751846,0.05935836210846901,0.05910798907279968,0.059605106711387634,0.0,104,35.090267181396484,0.1,-0.00040640790193720023,0.05945510044693947,0.0,9.0584654e-05,1e-07,0.8951375484466553,0.4168045673053712,2230,0.2,0.0,0.7697254419326782
0.379746835443038,2148,858.68,0.620253164556962,0.05903838574886322,71,0.05963565409183502,0.059371259063482285,0.05963872745633125,0.059870120137929916,1.4033037974683553,0.059608034789562225,0.05923885479569435,158,0.0589294396340847,0.05970626324415207,0.05996396020054817,562.1708374023438,0.05920073390007019,0.059425242245197296,9306112,0.05915794149041176,-1.0,0.0594773031771183,0.05908427760004997,0.0,4330,0.06011265516281128,0.0589229092001915,0.0589229092001915,0.0593256950378418,0.06011265516281128,0.059904057532548904,0.05926106125116348,0.620253164556962,0.05990845710039139,0.05952510982751846,0.05935836210846901,0.05910798907279968,0.059605106711387634,0.0,98,35.090267181396484,0.1,-0.0004634653986613557,0.05945510044693947,0.0,0.000105374755,1e-07,0.8911433219909668,0.38808451695367696,2240,0.2,0.0,0.8207254409790039
0.3591549295774648,2149,866.26,0.6408450704225352,0.05903838574886322,72,0.05963565409183502,0.059371259063482285,0.05963872745633125,0.059870120137929916,1.3870422535211275,0.059608034789562225,0.05923885479569435,142,0.0589294396340847,0.05970626324415207,0.05996396020054817,572.4906616210938,0.05920073390007019,0.059425242245197296,9437184,0.05915794149041176,-1.0,0.0594773031771183,0.05908427760004997,0.0,4391,0.06011265516281128,0.0589229092001915,0.0589229092001915,0.0593256950378418,0.06011265516281128,0.059904057532548904,0.05926106125116348,0.6408450704225352,0.05990845710039139,0.05952510982751846,0.05935836210846901,0.05910798907279968,0.059605106711387634,0.0,91,35.090267181396484,0.1,-0.00044054685213268385,0.05945510044693947,0.0,9.858003e-05,1e-07,0.8948277235031128,0.4211676820879802,2250,0.2,0.0,0.69326251745224
0.3630952380952381,2149,833.64,0.6369047619047619,0.05903838574886322,73,0.05963565409183502,0.059371259063482285,0.05963872745633125,0.059870120137929916,1.3732738095238106,0.059608034789562225,0.05923885479569435,168,0.0589294396340847,0.05970626324415207,0.05996396020054817,548.578857421875,0.05920073390007019,0.059425242245197296,9568256,0.05915794149041176,-1.0,0.0594773031771183,0.05908427760004997,0.0,4452,0.06011265516281128,0.0589229092001915,0.0589229092001915,0.0593256950378418,0.06011265516281128,0.059904057532548904,0.05926106125116348,0.6369047619047619,0.05990845710039139,0.05952510982751846,0.05935836210846901,0.05910798907279968,0.059605106711387634,0.0,107,35.090267181396484,0.1,-0.0004091097834134416,0.05945510044693947,0.0,0.0001023746,1e-07,0.8815438747406006,0.41984257539734243,2260,0.2,0.0,0.7977436780929565
0.3014705882352941,2148,878.15,0.6985294117647058,0.05903838574886322,74,0.05963565409183502,0.059371259063482285,0.05963872745633125,0.059870120137929916,1.3791764705882363,0.059608034789562225,0.05923885479569435,136,0.0589294396340847,0.05970626324415207,0.05996396020054817,578.7220458984375,0.05920073390007019,0.059425242245197296,9699328,0.05915794149041176,-1.0,0.0594773031771183,0.05908427760004997,0.0,4513,0.06011265516281128,0.0589229092001915,0.0589229092001915,0.0593256950378418,0.06011265516281128,0.059904057532548904,0.05926106125116348,0.6985294117647058,0.05990845710039139,0.05952510982751846,0.05935836210846901,0.05910798907279968,0.059605106711387634,0.0,95,35.090267181396484,0.1,-0.0004375590700419707,0.05945510044693947,0.0,9.487542e-05,1e-07,0.8872489929199219,0.4146913425065577,2270,0.2,0.0,0.7214775085449219
0.37142857142857144,2148,831.46,0.6285714285714286,0.05903838574886322,75,0.05963565409183502,0.059371259063482285,0.05963872745633125,0.059870120137929916,1.3966971428571437,0.059608034789562225,0.05923885479569435,175,0.0589294396340847,0.05970626324415207,0.05996396020054817,539.9146728515625,0.05920073390007019,0.059425242245197296,9830400,0.05915794149041176,-1.0,0.0594773031771183,0.05908427760004997,0.0,4575,0.06011265516281128,0.0589229092001915,0.0589229092001915,0.0593256950378418,0.06011265516281128,0.059904057532548904,0.05926106125116348,0.6285714285714286,0.05990845710039139,0.05952510982751846,0.05935836210846901,0.05910798907279968,0.059605106711387634,0.0,110,35.090267181396484,0.1,-0.00039690887474534974,0.05945510044693947,0.0,9.0945425e-05,1e-07,0.8724600672721863,0.37873828122392295,2280,0.2,0.0,0.7710297107696533
0.37142857142857144,2148,830.85,0.6285714285714286,0.05903838574886322,76,0.05963565409183502,0.059371259063482285,0.05963872745633125,0.059870120137929916,1.383700000000001,0.059608034789562225,0.05923885479569435,140,0.0589294396340847,0.05970626324415207,0.05996396020054817,544.854736328125,0.05920073390007019,0.059425242245197296,9961472,0.05915794149041176,-1.0,0.0594773031771183,0.05908427760004997,0.0,4636,0.06011265516281128,0.0589229092001915,0.0589229092001915,0.0593256950378418,0.06011265516281128,0.059904057532548904,0.05926106125116348,0.6285714285714286,0.05990845710039139,0.05952510982751846,0.05935836210846901,0.05910798907279968,0.059605106711387634,0.0,88,35.090267181396484,0.1,-0.00040552512550675603,0.05945510044693947,0.0,9.300333e-05,1e-07,0.8988295197486877,0.42254386385902765,2290,0.2,0.0,0.8253442049026489
0.3503184713375796,2148,879.77,0.6496815286624203,0.05903838574886322,77,0.05963565409183502,0.059371259063482285,0.05963872745633125,0.059870120137929916,1.3998980891719754,0.059608034789562225,0.05923885479569435,157,0.0589294396340847,0.05970626324415207,0.05996396020054817,582.7568969726562,0.05920073390007019,0.059425242245197296,10092544,0.05915794149041176,-1.0,0.0594773031771183,0.05908427760004997,0.0,4697,0.06011265516281128,0.0589229092001915,0.0589229092001915,0.0593256950378418,0.06011265516281128,0.059904057532548904,0.05926106125116348,0.6496815286624203,0.05990845710039139,0.05952510982751846,0.05935836210846901,0.05910798907279968,0.059605106711387634,0.0,102,35.090267181396484,0.1,-0.0004188068940948142,0.05945510044693947,0.0,9.445054e-05,1e-07,0.8779038786888123,0.43276516038458795,2300,0.2,0.0,0.8121875524520874
