rollout/is_fall_mean,rollout/is_timeout_mean,train/action_std_13,train/std_max,train/action_std_01,train/action_std_16,train/action_std_20,train/action_std_10,train/action_std_09,rollout/episodes_noforce,train/action_std_15,train/action_std_12,rollout/recovery_noforce,train/std_min,time/total_timesteps,train/action_std_06,train/action_std_02,train/action_std_24,train/action_std_19,train/action_std_23,train/action_std_00,rollout/ep_len_mean,train/action_std_14,train/action_std_18,rollout/force_direction_mean,train/action_std_21,time/fps,train/action_std_22,rollout/ep_rew_mean,train/action_std_04,rollout/force_onset_mean,time/iterations,train/action_std_11,time/time_elapsed,rollout/force_requested_impulse_mean,train/action_std_03,train/action_std_17,rollout/action_saturation_fraction,train/action_std_08,train/action_std_07,train/action_std_05,train/clip_fraction,train/clip_range,train/loss,rollout/timeouts,train/std,train/learning_rate,rollout/timeout_without_onset_fraction,train/value_loss,train/clip_range_vf,train/approx_kl,train/explained_variance,train/n_updates,train/policy_gradient_loss,train/entropy_loss
1.0,0.0,0.06902548670768738,0.07007966935634613,0.06951166689395905,0.0688355341553688,0.06941009312868118,0.06949754804372787,0.06986326724290848,37,0.06760221719741821,0.06887585669755936,0.0,0.06760221719741821,131072,0.06866894662380219,0.06825422495603561,0.06818374991416931,0.06883082538843155,0.06969696283340454,0.06780003011226654,369.3243243243243,0.0683666318655014,0.06883478164672852,-1.0,0.0690145418047905,11732,0.06843628734350204,239.24008178710938,0.06785119324922562,1.3976216216216224,1,0.0690864697098732,11,0.0,0.0686834380030632,0.06861051917076111,0.0,0.06849192827939987,0.07007966935634613,0.06835473328828812,,,,,,,,,,,,,,
0.28879310344827586,0.7112068965517241,0.06902577728033066,0.07009746879339218,0.06952240318059921,0.0688590258359909,0.06942585110664368,0.06953059136867523,0.06987272948026657,232,0.06762120872735977,0.06889399886131287,0.7112068965517241,0.06762120872735977,262144,0.06868422031402588,0.06828252971172333,0.06818872690200806,0.06884216517210007,0.06971503049135208,0.06782570481300354,993.22,0.06837915629148483,0.0688444972038269,-1.0,0.06903311610221863,8819,0.06846664100885391,663.3435668945312,0.06786512583494186,1.3949568965517252,2,0.06909611821174622,29,0.0,0.0686962902545929,0.06863203644752502,0.0,0.0685010775923729,0.07009746879339218,0.06837814301252365,0.027490234375,0.1,0.7503968477249146,165,0.06881118565797806,1e-06,0.0,0.45001640152186156,0.2,0.0012307253,0.8261092305183411,2310,-0.002041408338891415,31.440205653011798
0.684931506849315,0.3150684931506849,0.06903718411922455,0.07012069970369339,0.06953750550746918,0.0688694640994072,0.06943631172180176,0.06955455243587494,0.06988634169101715,73,0.06763362884521484,0.0689171850681305,0.3150684931506849,0.06763362884521484,393216,0.0686982050538063,0.06830276548862457,0.06820428371429443,0.06885702162981033,0.0697203278541565,0.06784475594758987,728.01,0.06840139627456665,0.06885077059268951,-1.0,0.06903713196516037,8239,0.06848252564668655,477.0304260253906,0.06787183880805969,1.4228767123287682,3,0.06911104917526245,47,0.0,0.06871078908443451,0.06864748150110245,0.0,0.06852047890424728,0.07012069970369339,0.06840687245130539,0.025789642333984376,0.1,0.7402840852737427,23,0.06882642954587936,1e-06,0.0,0.45244415395427495,0.2,0.0012279182,0.8320891261100769,2320,-0.002063065786478546,31.434502571821213
0.32242990654205606,0.677570093457944,0.06904897093772888,0.0701388567686081,0.06956572830677032,0.06888379901647568,0.06944527477025986,0.06957373768091202,0.06990041583776474,214,0.06765653938055038,0.06893162429332733,0.677570093457944,0.06765653938055038,524288,0.06871052831411362,0.06832428276538849,0.06822038441896439,0.0688716322183609,0.06973793357610703,0.06786054372787476,978.04,0.06840527802705765,0.06886562705039978,-1.0,0.06905412673950195,7917,0.06848863512277603,654.9910278320312,0.06788629293441772,1.3833551401869166,4,0.06912980228662491,66,0.0,0.06873131543397903,0.06866052746772766,0.0,0.06853105127811432,0.0701388567686081,0.06842173635959625,0.026313018798828126,0.1,0.7114485502243042,145,0.06884178519248962,1e-06,0.0,0.41742416406050326,0.2,0.0012289016,0.8304554224014282,2330,-0.00206440306856166,31.42891722470522
0.6,0.4,0.06906569749116898,0.07014954835176468,0.06957830488681793,0.06890086829662323,0.06947075575590134,0.06958946585655212,0.069916270673275,110,0.06766964495182037,0.06895381957292557,0.4,0.06766964495182037,655360,0.0687212273478508,0.06834223866462708,0.06823605298995972,0.06887813657522202,0.06976693868637085,0.06787857413291931,694.29,0.06842231750488281,0.06887408345937729,-1.0,0.0690731406211853,7763,0.06850110739469528,458.9389953613281,0.06790437549352646,1.3933454545454553,5,0.06914591789245605,84,0.0,0.06874937564134598,0.06867296993732452,0.0,0.06855475157499313,0.07014954835176468,0.06843087077140808,0.02415771484375,0.1,0.7629843950271606,44,0.06885785609483719,1e-06,0.0,0.4210224379086867,0.2,0.0012181108,0.8510273694992065,2340,-0.0019987460545053183,31.42323220819235
0.2681564245810056,0.7318435754189944,0.06907936930656433,0.07016821205615997,0.06958916783332825,0.06892155110836029,0.06950008124113083,0.06960616260766983,0.06993519514799118,179,0.06770217418670654,0.06897270679473877,0.7318435754189944,0.06770217418670654,786432,0.06872407346963882,0.06835928559303284,0.0682443156838417,0.0688970610499382,0.06978587061166763,0.06789796054363251,941.38,0.06842906028032303,0.06888510286808014,-1.0,0.06909702718257904,7641,0.06852636486291885,628.364013671875,0.0679144412279129,1.3875195530726268,6,0.06917353719472885,102,0.0,0.0687669888138771,0.06868693977594376,0.0,0.06857601553201675,0.07016821205615997,0.06845338642597198,0.024664306640625,0.1,0.6687275767326355,131,0.06887568533420563,1e-06,0.0,0.4033003319054842,0.2,0.001206516,0.84104984998703,2350,-0.00213624987231924,31.417073644697666
0.3902439024390244,0.6097560975609756,0.06909682601690292,0.07018400728702545,0.06960158050060272,0.0689409151673317,0.06951954960823059,0.06961953639984131,0.06995312124490738,123,0.06771373748779297,0.0689888596534729,0.6097560975609756,0.06771373748779297,917504,0.06873784214258194,0.06838109344244003,0.06825033575296402,0.06893374770879745,0.06980227679014206,0.06791969388723373,801.41,0.06844255328178406,0.06891713291406631,-1.0,0.06911046802997589,7577,0.06854062527418137,531.959716796875,0.06793109327554703,1.3730569105691068,7,0.06918879598379135,121,0.0,0.0687839537858963,0.06870443373918533,0.0,0.06858725100755692,0.07018400728702545,0.06846706569194794,0.024210357666015626,0.1,0.6945923566818237,75,0.06889265775680542,1e-06,0.0,0.36019792761653663,0.2,0.001228343,0.8362417221069336,2360,-0.0021114399009547922,31.41073781847954
0.3352272727272727,0.6647727272727273,0.06912289559841156,0.07019907236099243,0.06962092965841293,0.06895669549703598,0.06953281164169312,0.06963428109884262,0.06996312737464905,176,0.06773003935813904,0.06899451464414597,0.6647727272727273,0.06773003935813904,1048576,0.0687514916062355,0.06839139759540558,0.06827136129140854,0.06895548105239868,0.06982168555259705,0.06794331967830658,914.6,0.06846985965967178,0.06893591582775116,-1.0,0.06912315636873245,7525,0.068546824157238,609.652099609375,0.06794479489326477,1.3899204545454555,8,0.06921501457691193,139,0.0,0.06880373507738113,0.06872352212667465,0.0,0.06859665364027023,0.07019907236099243,0.06848280131816864,0.026076507568359376,0.1,0.7069662809371948,117,0.06890925765037537,1e-06,0.0,0.3951977188931778,0.2,0.0012578648,0.8176379203796387,2370,-0.0021939488467978665,31.404666428267955
0.36507936507936506,0.6349206349206349,0.06914859265089035,0.07021711021661758,0.0696345791220665,0.06896134465932846,0.06954509764909744,0.06965257972478867,0.06997659057378769,126,0.06775248795747757,0.06901580840349197,0.6349206349206349,0.06775248795747757,1179648,0.0687580481171608,0.0684017688035965,0.06829169392585754,0.06897126138210297,0.06983603537082672,0.06795618683099747,806.96,0.06848917156457901,0.06895500421524048,-1.0,0.06913509219884872,7478,0.06856561452150345,535.4570922851562,0.06796078383922577,1.4073333333333344,9,0.06923526525497437,157,0.0,0.06881272792816162,0.06874177604913712,0.0,0.06861215829849243,0.07021711021661758,0.06850561499595642,0.025901031494140626,0.1,0.6862649321556091,80,0.06892529875040054,1e-06,0.0,0.35841910939197985,0.2,0.0012386446,0.8462885618209839,2380,-0.0022381250547823584,31.398739114403725
0.3333333333333333,0.6666666666666666,0.06917410343885422,0.07023388892412186,0.06965621560811996,0.06896919012069702,0.06956826895475388,0.06968221068382263,0.0699906051158905,174,0.0677674189209938,0.06903407722711563,0.6666666666666666,0.0677674189209938,1310720,0.06877065449953079,0.06842612475156784,0.06831178814172745,0.06898708641529083,0.0698641985654831,0.06796658784151077,886.01,0.06851334124803543,0.06896854937076569,-1.0,0.06915025413036346,7445,0.06858082115650177,588.3751220703125,0.06797530502080917,1.3783793103448287,10,0.06924851983785629,176,0.0,0.06883449852466583,0.0687478706240654,0.0,0.06862296909093857,0.07023388892412186,0.06851339340209961,0.028264617919921874,0.1,0.6720626354217529,116,0.06894231587648392,1e-06,0.0,0.3799398727947846,0.2,0.001273231,0.8194470405578613,2390,-0.00220534260893146,31.392730945348738
0.4028776978417266,0.5971223021582733,0.06918125599622726,0.07024477422237396,0.06967470049858093,0.06898859888315201,0.0695885568857193,0.06969694793224335,0.07001139968633652,139,0.06778544932603836,0.06904879212379456,0.5971223021582733,0.06778544932603836,1441792,0.06877928227186203,0.06843427568674088,0.06832949817180634,0.06900540739297867,0.0698738619685173,0.06799288839101791,841.9,0.06854090839624405,0.06898734718561172,-1.0,0.06916584074497223,7424,0.06858983635902405,558.9002075195312,0.06799208372831345,1.3957410071942458,11,0.06926224380731583,194,0.0,0.06886302679777145,0.06877046078443527,0.0,0.06862796097993851,0.07024477422237396,0.06853440403938293,0.023000335693359374,0.1,0.7151597142219543,83,0.06895879656076431,1e-06,0.0,0.3602895451243967,0.2,0.001207487,0.852637767791748,2400,-0.0021771572430225204,31.386680087447168
0.31210191082802546,0.6878980891719745,0.06920445710420609,0.07026030123233795,0.06969724595546722,0.06900905817747116,0.06961389631032944,0.06971298158168793,0.07003555446863174,157,0.0678197517991066,0.06906338036060333,0.6878980891719745,0.0678197517991066,1572864,0.06880388408899307,0.06846541911363602,0.06835228949785233,0.06902811676263809,0.06989705562591553,0.06801377236843109,871.86,0.06854984164237976,0.0690034031867981,-1.0,0.06918610632419586,7403,0.06860549747943878,576.6510620117188,0.06801421195268631,1.4008025477707016,12,0.06928087025880814,212,0.0,0.0688801258802414,0.06878460943698883,0.0,0.06865033507347107,0.07026030123233795,0.06855586171150208,0.026967620849609374,0.1,0.6821473836898804,108,0.06897952407598495,1e-06,0.0,0.37871764635201544,0.2,0.0012507932,0.8390646576881409,2410,-0.0022056609205719723,31.37992540448904
0.36486486486486486,0.6351351351351351,0.06922949105501175,0.07027920335531235,0.06972649693489075,0.06903007626533508,0.06963791698217392,0.06972525268793106,0.07005438208580017,148,0.06783681362867355,0.06907688081264496,0.6351351351351351,0.06783681362867355,1703936,0.06881451606750488,0.06848455220460892,0.06836158037185669,0.06904976069927216,0.06991013884544373,0.06802845001220703,865.27,0.068569116294384,0.06902826577425003,-1.0,0.06920269131660461,7384,0.0686265230178833,577.6876831054688,0.06803007423877716,1.3922702702702714,13,0.06929841637611389,230,0.0,0.06890977174043655,0.06880632787942886,0.0,0.06866613030433655,0.07027920335531235,0.06856957077980042,0.02772674560546875,0.1,0.6494615077972412,94,0.06899809092283249,1e-06,0.0,0.36240737142506985,0.2,0.0012515611,0.85833340883255,2420,-0.0022759708560442958,31.372814051806927
0.3270440251572327,0.6729559748427673,0.06925078481435776,0.07031033933162689,0.06975581496953964,0.06904918700456619,0.0696607306599617,0.06973572820425034,0.07006468623876572,159,0.06785642355680466,0.06909003853797913,0.6729559748427673,0.06785642355680466,1835008,0.06883309036493301,0.06850435584783554,0.06838102638721466,0.0690615326166153,0.06991872191429138,0.0680336281657219,866.44,0.06858842819929123,0.06904648244380951,-1.0,0.06921828538179398,7370,0.06863964349031448,577.1482543945312,0.06804013252258301,1.3889811320754726,14,0.06932026147842407,248,0.0,0.0689365565776825,0.06883056461811066,0.0,0.06868954747915268,0.07031033933162689,0.06859929859638214,0.02919464111328125,0.1,0.6707172989845276,107,0.06901660561561584,1e-06,0.0,0.35046932611148807,0.2,0.0012773488,0.8521122932434082,2430,-0.0024217461963871754,31.36606494188309
0.33774834437086093,0.6622516556291391,0.06927299499511719,0.07032763957977295,0.06977345794439316,0.069070965051651,0.06967470049858093,0.06975221633911133,0.07007575780153275,151,0.06787240505218506,0.06911071389913559,0.6622516556291391,0.06787240505218506,1966080,0.06884533166885376,0.06851928681135178,0.06841462105512619,0.06907568126916885,0.06995290517807007,0.06804913282394409,865.0,0.06861399114131927,0.06906429678201675,-1.0,0.06923387944698334,7360,0.0686517059803009,574.7030639648438,0.06806325167417526,1.379589403973511,15,0.0693390741944313,267,0.0,0.06895815581083298,0.06884943693876266,0.0,0.0687163919210434,0.07032763957977295,0.06862211972475052,0.0273193359375,0.1,0.6553239822387695,100,0.06903600692749023,1e-06,0.0,0.3415800670161843,0.2,0.001267008,0.8603495359420776,2440,-0.0023184322384622647,31.359195899963378
0.36875,0.63125,0.06928975880146027,0.07034534960985184,0.06978510320186615,0.06908949464559555,0.06969859451055527,0.06978049874305725,0.07007826864719391,160,0.06789147108793259,0.06914761662483215,0.63125,0.06789147108793259,2097152,0.0688638985157013,0.06853394210338593,0.06843290477991104,0.06910143792629242,0.06997480243444443,0.06807874888181686,823.48,0.06863797456026077,0.0690855085849762,-1.0,0.06925398856401443,7345,0.0686693862080574,542.527099609375,0.06808225810527802,1.3951750000000012,16,0.06936118006706238,285,0.0,0.06897976249456406,0.06887590140104294,0.0,0.06874128431081772,0.07034534960985184,0.06863673031330109,0.02574615478515625,0.1,0.6374286413192749,101,0.06905663758516312,1e-06,0.0,0.34982878520386296,0.2,0.0012230298,0.8544036746025085,2450,-0.002268582451642942,31.35198556780815
0.3624161073825503,0.6375838926174496,0.06931305676698685,0.07035721093416214,0.06981384754180908,0.0691172257065773,0.0697094276547432,0.06981008499860764,0.07009303569793701,149,0.06790349632501602,0.06917062401771545,0.6375838926174496,0.06790349632501602,2228224,0.06889107823371887,0.06855498999357224,0.0684494897723198,0.06913065910339355,0.06998714804649353,0.06809019297361374,863.87,0.06864485144615173,0.06909343600273132,-1.0,0.06927011907100677,7333,0.0686858743429184,573.98779296875,0.06810248643159866,1.3946040268456388,17,0.06938730925321579,303,0.0,0.06900088489055634,0.06889580935239792,0.0,0.06875665485858917,0.07035721093416214,0.06865944713354111,0.026459503173828124,0.1,0.6947014331817627,95,0.06907553970813751,1e-06,0.0,0.3634427999844775,0.2,0.0012373036,0.8684502840042114,2460,-0.002370279721344559,31.344832563400267
0.3741935483870968,0.6258064516129033,0.06933298707008362,0.07038108259439468,0.06982331722974777,0.06912820041179657,0.06972860544919968,0.06982458382844925,0.07011103630065918,155,0.06792008131742477,0.06918719410896301,0.6258064516129033,0.06792008131742477,2359296,0.0689007043838501,0.06857233494520187,0.06846998631954193,0.06915484368801117,0.06999380886554718,0.06810300052165985,830.78,0.06865178793668747,0.06911231577396393,-1.0,0.06929119676351547,7324,0.06869154423475266,552.0316772460938,0.06811245530843735,1.39065806451613,18,0.06941205263137817,322,0.0,0.06900272518396378,0.06891665607690811,0.0,0.06878858059644699,0.07038108259439468,0.06868749856948853,0.024901580810546876,0.1,0.6536540985107422,97,0.06909194588661194,1e-06,0.0,0.3495863515418023,0.2,0.0012365165,0.8606470823287964,2470,-0.002228169841464478,31.33845072686672
0.34375,0.65625,0.06935165822505951,0.07039359956979752,0.06984101235866547,0.06913451105356216,0.06975152343511581,0.06983274221420288,0.07012417912483215,160,0.06793542951345444,0.06920098513364792,0.65625,0.06793542951345444,2490368,0.06892221421003342,0.0685926154255867,0.06848237663507462,0.069172702729702,0.07001422345638275,0.06812286376953125,818.58,0.06865730881690979,0.06912769377231598,-1.0,0.069314144551754,7315,0.0687129870057106,542.4501342773438,0.06812562793493271,1.390537500000001,19,0.06942055374383926,340,0.0,0.06901174038648605,0.06892935931682587,0.0,0.06880681961774826,0.07039359956979752,0.06870774179697037,0.027973175048828125,0.1,0.6082042455673218,105,0.06910745799541473,1e-06,0.0,0.34841836683917793,0.2,0.001281131,0.872590959072113,2480,-0.0021885554359414527,31.33266374319792
0.3885350318471338,0.6114649681528662,0.06937167793512344,0.07040718197822571,0.06986170262098312,0.06913993507623672,0.06975851953029633,0.06986181437969208,0.07013054937124252,157,0.06796708703041077,0.06921689212322235,0.6114649681528662,0.06796708703041077,2621440,0.06893767416477203,0.06860877573490143,0.06849350035190582,0.06918249279260635,0.07004028558731079,0.06814461201429367,849.13,0.0686710774898529,0.06913764774799347,-1.0,0.06933781504631042,7307,0.068729467689991,561.8604125976562,0.06814493983983994,1.4048535031847142,20,0.06944118440151215,358,0.0,0.06902346014976501,0.06895199418067932,0.0,0.06881492584943771,0.07040718197822571,0.0687321200966835,0.027245330810546874,0.1,0.7490620613098145,96,0.06912428885698318,1e-06,0.0,0.3606893367134035,0.2,0.0012918038,0.8654718995094299,2490,-0.0022834700826024346,31.326801374554634
0.3803680981595092,0.6196319018404908,0.06939396262168884,0.07043342292308807,0.069881372153759,0.06915389746427536,0.0697796642780304,0.06985963135957718,0.0701458528637886,163,0.06798825412988663,0.06921296566724777,0.6196319018404908,0.06798825412988663,2752512,0.06895327568054199,0.06863288581371307,0.06852565705776215,0.06921671330928802,0.07006832957267761,0.06815782189369202,843.59,0.06867493689060211,0.0691637247800827,-1.0,0.06935299187898636,7300,0.06874329596757889,559.6928100585938,0.06815798580646515,1.3948957055214735,21,0.06946241110563278,377,0.0,0.0690363273024559,0.06898259371519089,0.0,0.06882669031620026,0.07043342292308807,0.06874475628137589,0.026110076904296876,0.1,0.6605968475341797,101,0.06914197653532028,1e-06,0.0,0.3500660125631839,0.2,0.001233706,0.8710626363754272,2500,-0.002223218569542951,31.32055216729641
0.4316546762589928,0.5683453237410072,0.06941014528274536,0.0704556405544281,0.06988994032144547,0.06917255371809006,0.06979861855506897,0.06988590210676193,0.07016237825155258,139,0.06800816208124161,0.06922230869531631,0.5683453237410072,0.06800816208124161,2883584,0.06897514313459396,0.06864652037620544,0.0685439258813858,0.06924515217542648,0.07009455561637878,0.06816985458135605,807.48,0.0687006339430809,0.06918904185295105,-1.0,0.06937211006879807,7291,0.06877287477254868,535.454345703125,0.06818173080682755,1.3763165467625909,22,0.06947213411331177,395,0.0,0.0690678209066391,0.06899973005056381,0.0,0.06882862746715546,0.0704556405544281,0.06876790523529053,0.02392120361328125,0.1,0.6463192105293274,79,0.06916134059429169,1e-06,0.0,0.3677674807375297,0.2,0.0012050152,0.8850827813148499,2510,-0.0021111334244778845,31.31387285888195
0.3333333333333333,0.6666666666666666,0.06942250579595566,0.07048040628433228,0.06991206854581833,0.06919435411691666,0.06980437785387039,0.06990376859903336,0.07019523531198502,165,0.06802334636449814,0.06924305856227875,0.6666666666666666,0.06802334636449814,3014656,0.0689941868185997,0.06867296993732452,0.06857045739889145,0.06926307082176208,0.07010764628648758,0.06819450855255127,887.43,0.06873098760843277,0.06921174377202988,-1.0,0.06938246637582779,7285,0.06878142803907394,591.6466674804688,0.06819384545087814,1.4081090909090919,23,0.0694902241230011,413,0.0,0.06909488141536713,0.06901373714208603,0.0,0.06884781271219254,0.07048040628433228,0.06877044588327408,0.024649810791015626,0.1,0.6686428785324097,110,0.06917998194694519,1e-06,0.0,0.3615100372117013,0.2,0.0011854155,0.8690509796142578,2520,-0.002145299228686781,31.30699717849493
0.36879432624113473,0.6312056737588653,0.06945078819990158,0.07051333039999008,0.06993605941534042,0.06921868026256561,0.06982957571744919,0.0699240192770958,0.07021006941795349,141,0.06803575158119202,0.0692482441663742,0.6312056737588653,0.06803575158119202,3145728,0.06900396198034286,0.06868547946214676,0.06858597695827484,0.06928110122680664,0.07012119889259338,0.06821698695421219,854.74,0.0687507912516594,0.06921762228012085,-1.0,0.06940511614084244,7281,0.06881029903888702,565.8082885742188,0.06821057945489883,1.3940567375886534,24,0.06950276345014572,431,0.0,0.06909724324941635,0.0690307468175888,0.0,0.06886325776576996,0.07051333039999008,0.06880130618810654,0.030145263671875,0.1,0.6250085830688477,89,0.06919803470373154,1e-06,0.0,0.33025106590939685,0.2,0.0012966238,0.8763540983200073,2530,-0.0023423619178174703,31.300374618172647
0.3271604938271605,0.6728395061728395,0.06946991384029388,0.07052448391914368,0.06996028870344162,0.06922192871570587,0.06984537839889526,0.06994733214378357,0.0702301561832428,162,0.06805054843425751,0.06925750523805618,0.6728395061728395,0.06805054843425751,3276800,0.06902610510587692,0.06869272142648697,0.06860710680484772,0.06929945945739746,0.07014961540699005,0.06823128461837769,848.33,0.0687568187713623,0.06924711912870407,-1.0,0.06943614780902863,7277,0.06882695108652115,562.7470092773438,0.06821797788143158,1.3872716049382727,25,0.06952517479658127,450,0.0,0.06910931318998337,0.06905175000429153,0.0,0.06888438016176224,0.07052448391914368,0.06882752478122711,0.0287384033203125,0.1,0.6080397963523865,109,0.06921587884426117,1e-06,0.0,0.3415134743321687,0.2,0.0012749827,0.8685265779495239,2540,-0.0023360485598004745,31.293855610489846
0.37012987012987014,0.6298701298701299,0.06948266923427582,0.07053976505994797,0.06998310983181,0.06924133747816086,0.06986551731824875,0.06996425986289978,0.07024948298931122,154,0.06805869191884995,0.06928549706935883,0.6298701298701299,0.06805869191884995,3407872,0.06905660778284073,0.06871815770864487,0.06862697750329971,0.0693066269159317,0.07017365097999573,0.06825654953718185,845.75,0.06876847892999649,0.06925898790359497,-1.0,0.06945370137691498,7274,0.06883534044027328,560.764892578125,0.06823079288005829,1.401103896103897,26,0.06953191757202148,468,0.0,0.06913789361715317,0.06906795501708984,0.0,0.06889966875314713,0.07053976505994797,0.06883599609136581,0.027923583984375,0.1,0.594478189945221,97,0.06923318654298782,1e-06,0.0,0.3209092547884211,0.2,0.0012821363,0.8618365526199341,2550,-0.0022214954314677014,31.2875204667449
0.36423841059602646,0.6357615894039735,0.06951004266738892,0.07055973261594772,0.07000230252742767,0.06925249844789505,0.06988487392663956,0.06998691707849503,0.07026048749685287,151,0.06808621436357498,0.0693078339099884,0.6357615894039735,0.06808621436357498,3538944,0.06907369941473007,0.06874244660139084,0.06865265965461731,0.06931765377521515,0.07020197808742523,0.06826649606227875,815.35,0.0687766894698143,0.06928006559610367,-1.0,0.06948059797286987,7271,0.06884375959634781,544.7841796875,0.0682440847158432,1.4026754966887427,27,0.0695526972413063,486,0.0,0.06916351616382599,0.06908251345157623,0.0,0.06890975683927536,0.07055973261594772,0.06885231286287308,0.024594879150390624,0.1,0.6420886516571045,96,0.06925167143344879,1e-06,0.0,0.364642783254385,0.2,0.0012236019,0.8704791069030762,2560,-0.002102786919022037,31.28111038953066
0.3503184713375796,0.6496815286624203,0.06952598690986633,0.07057928293943405,0.07001450657844543,0.0692654624581337,0.06990478932857513,0.07001475244760513,0.07028305530548096,157,0.0680997371673584,0.06933051347732544,0.6496815286624203,0.0680997371673584,3670016,0.06908806413412094,0.06875988841056824,0.0686691403388977,0.06932622939348221,0.07022737711668015,0.06828471273183823,858.69,0.06879416108131409,0.06929517537355423,-1.0,0.06950347870588303,7269,0.06888087838888168,570.46142578125,0.0682581290602684,1.3863566878980904,28,0.06955911219120026,504,0.0,0.06918251514434814,0.06910336762666702,0.0,0.06891631335020065,0.07057928293943405,0.06886628270149231,0.0264892578125,0.1,0.6211662888526917,102,0.0692693218588829,1e-06,0.0,0.35916807926259936,0.2,0.001228987,0.862799882888794,2570,-0.002192870647922973,31.274564953148364
0.32450331125827814,0.6754966887417219,0.0695328339934349,0.07059530168771744,0.07003388553857803,0.06928656995296478,0.06992007046937943,0.07003806531429291,0.07030269503593445,151,0.06811010092496872,0.06934596598148346,0.6754966887417219,0.06811010092496872,3801088,0.0691140815615654,0.06878405809402466,0.06867644190788269,0.06935018301010132,0.0702492818236351,0.06829682737588882,881.37,0.06881828606128693,0.06929506361484528,-1.0,0.06951506435871124,7263,0.06889237463474274,588.41259765625,0.06827308982610703,1.4041059602649018,29,0.06957150250673294,523,0.0,0.06919440627098083,0.06912188977003098,0.0,0.06892750412225723,0.07059530168771744,0.06888069957494736,0.025966644287109375,0.1,0.6095772981643677,102,0.06928504258394241,1e-06,0.0,0.3357692163437605,0.2,0.0012470952,0.8702004551887512,2580,-0.002111521594952137,31.268561917543412
0.33766233766233766,0.6623376623376623,0.06955558061599731,0.07062207162380219,0.07005184143781662,0.06931788474321365,0.06992850452661514,0.07006195932626724,0.07032063603401184,154,0.06811375170946121,0.06937320530414581,0.6623376623376623,0.06811375170946121,3932160,0.06914867460727692,0.0688060000538826,0.06869147717952728,0.06938216835260391,0.07027918100357056,0.06831182539463043,862.78,0.0688483715057373,0.06930337101221085,-1.0,0.06953325867652893,7261,0.06891386210918427,575.2037353515625,0.0682821050286293,1.3974285714285724,30,0.06958336383104324,541,0.0,0.06919951736927032,0.06915314495563507,0.0,0.06893458217382431,0.07062207162380219,0.06889526546001434,0.0265838623046875,0.1,0.6712906956672668,102,0.069304458796978,1e-06,0.0,0.334108021913562,0.2,0.001258705,0.8462467789649963,2590,-0.0021130173184246816,31.262210233509542
0.3624161073825503,0.6375838926174496,0.069574274122715,0.07064347714185715,0.07005409151315689,0.0693320631980896,0.06994839757680893,0.07008152455091476,0.07033726572990417,149,0.06814511865377426,0.06940262019634247,0.6375838926174496,0.06814511865377426,4063232,0.06916328519582748,0.06882155686616898,0.06871335953474045,0.0694146603345871,0.07029175013303757,0.06832841783761978,858.29,0.06887196004390717,0.06932085752487183,-1.0,0.06955695897340775,7256,0.06893016397953033,572.469970703125,0.0682910606265068,1.3972885906040278,31,0.06959003210067749,559,0.0,0.06921258568763733,0.06915968656539917,0.0,0.06896969676017761,0.07064347714185715,0.06891249865293503,0.024906158447265625,0.1,0.6611149311065674,95,0.06932269036769867,1e-06,0.0,0.33980008552316576,0.2,0.001219193,0.872353196144104,2600,-0.002110368170951915,31.255448150634766
0.36774193548387096,0.632258064516129,0.06960143148899078,0.07065609097480774,0.07008323073387146,0.06935565918684006,0.0699717178940773,0.07010187953710556,0.07035955786705017,155,0.0681530311703682,0.06941155344247818,0.632258064516129,0.0681530311703682,4194304,0.06918079406023026,0.0688430666923523,0.06873168051242828,0.06942535936832428,0.07031247019767761,0.06835853308439255,855.71,0.06888431310653687,0.06934233009815216,-1.0,0.06958674639463425,7254,0.06895409524440765,574.9270629882812,0.06831579655408859,1.3945290322580655,32,0.06961342692375183,578,0.0,0.06922724097967148,0.06918001919984818,0.0,0.06897959858179092,0.07065609097480774,0.06893032789230347,0.025844573974609375,0.1,0.6796399354934692,98,0.06934239715337753,1e-06,0.0,0.32946136278333144,0.2,0.0012636634,0.8789161443710327,2610,-0.0022237577558371414,31.248593328893186
0.36075949367088606,0.6392405063291139,0.06961218267679214,0.07067698240280151,0.07010356336832047,0.06936698406934738,0.06999873369932175,0.07011326402425766,0.07038325071334839,158,0.06816637516021729,0.06941094249486923,0.6392405063291139,0.06816637516021729,4325376,0.06920395791530609,0.06886406242847443,0.06876537948846817,0.06944068521261215,0.07033872604370117,0.06838260591030121,802.81,0.06890103220939636,0.06936073303222656,-1.0,0.0696093961596489,7251,0.06897886097431183,535.6727294921875,0.06834445148706436,1.4057594936708868,33,0.06964120268821716,596,0.0,0.06925580650568008,0.0692017674446106,0.0,0.0690060630440712,0.07067698240280151,0.06895007193088531,0.02512359619140625,0.1,0.6660362482070923,101,0.06936308741569519,1e-06,0.0,0.33550105725880713,0.2,0.0012348089,0.8770873546600342,2620,-0.0022507687571305724,31.241327933967113
0.3116883116883117,0.6883116883116883,0.06963527202606201,0.07069845497608185,0.07011837512254715,0.06938058137893677,0.070024773478508,0.07013518363237381,0.07040143758058548,154,0.06818027049303055,0.0694194808602333,0.6883116883116883,0.06818027049303055,4456448,0.06921955198049545,0.06888401508331299,0.06879770010709763,0.06944192945957184,0.07035244256258011,0.06840475648641586,866.62,0.06891113519668579,0.06937330216169357,-1.0,0.06961902230978012,7248,0.06897499412298203,579.001953125,0.06836201995611191,1.392987012987014,34,0.06967584788799286,614,0.0,0.06926547735929489,0.06922692805528641,0.0,0.06902727484703064,0.07069845497608185,0.06896214932203293,0.02664337158203125,0.1,0.6758259534835815,106,0.06937969475984573,1e-06,0.0,0.3585597303346731,0.2,0.0012637761,0.8687891364097595,2630,-0.00240766505303327,31.234583784639835
0.30201342281879195,0.697986577181208,0.06965053081512451,0.07071834802627563,0.07012519985437393,0.06939058750867844,0.07002458721399307,0.07015284150838852,0.07040684670209885,149,0.06820598989725113,0.0694381520152092,0.697986577181208,0.06820598989725113,4587520,0.06923972070217133,0.06889695674180984,0.0688241496682167,0.06945914775133133,0.07038049399852753,0.06841745972633362,867.22,0.06892461329698563,0.06939257681369781,-1.0,0.06963871419429779,7244,0.06899029016494751,581.70166015625,0.0683806836605072,1.3988322147651018,35,0.06969109922647476,633,0.0,0.06929613649845123,0.06924162060022354,0.0,0.06905852258205414,0.07071834802627563,0.06896837055683136,0.022020721435546876,0.1,0.6506326198577881,104,0.06939654797315598,1e-06,0.0,0.33036739683011546,0.2,0.0011932189,0.8517811298370361,2640,-0.001988750913005788,31.228549242019653
0.33974358974358976,0.6602564102564102,0.06967413425445557,0.07073846459388733,0.07013546675443649,0.06941522657871246,0.07004807889461517,0.07016677409410477,0.07041876763105392,156,0.06821979582309723,0.06945371627807617,0.6602564102564102,0.06821979582309723,4718592,0.06924185156822205,0.06891003251075745,0.06884197145700455,0.06947317719459534,0.07038784772157669,0.06843675673007965,878.68,0.06893707066774368,0.06940663605928421,-1.0,0.06966416537761688,7242,0.06901457160711288,580.8494262695312,0.06839798390865326,1.4160384615384625,36,0.06970459222793579,651,0.0,0.06930021941661835,0.06925299763679504,0.0,0.06908103078603745,0.07073846459388733,0.06899204850196838,0.025016021728515626,0.1,0.6266527771949768,103,0.06941253691911697,1e-06,0.0,0.32571817628340793,0.2,0.0012185966,0.8515440225601196,2650,-0.0021294563692208614,31.222624398767948
0.3333333333333333,0.6666666666666666,0.06968644261360168,0.07076673954725266,0.07015448063611984,0.06942663341760635,0.07005669921636581,0.07017578929662704,0.07044222205877304,147,0.06824804097414017,0.06946567445993423,0.6666666666666666,0.06824804097414017,4849664,0.06926412880420685,0.0689379870891571,0.06885039061307907,0.06950243562459946,0.07040844112634659,0.0684550553560257,880.79,0.06897316873073578,0.0694304034113884,-1.0,0.06969629973173141,7240,0.06902829557657242,586.1622924804688,0.06841352581977844,1.4088707482993208,37,0.06972328573465347,669,0.0,0.06932423263788223,0.06927230209112167,0.0,0.06909863650798798,0.07076673954725266,0.06901085376739502,0.026715850830078124,0.1,0.6454924941062927,98,0.06943248957395554,1e-06,0.0,0.3333454745588824,0.2,0.0012644037,0.8797520399093628,2660,-0.0022980740645834885,31.216171696782112
0.31125827814569534,0.6887417218543046,0.06970083713531494,0.07079154253005981,0.07017006725072861,0.06945527344942093,0.07008451223373413,0.0701964944601059,0.07045874744653702,151,0.06827077269554138,0.06948675960302353,0.6887417218543046,0.06827077269554138,4980736,0.06927213817834854,0.06894294917583466,0.06886616349220276,0.06952384859323502,0.07043523341417313,0.06847147643566132,863.35,0.06899188458919525,0.06944990903139114,-1.0,0.06972108036279678,7238,0.06903599947690964,574.1886596679688,0.06842538714408875,1.4054966887417228,38,0.06973489373922348,688,0.0,0.06934082508087158,0.06928519904613495,0.0,0.06911381334066391,0.07079154253005981,0.06901666522026062,0.02897796630859375,0.1,0.6328807473182678,104,0.06944970041513443,1e-06,0.0,0.3355621304246597,0.2,0.0013104785,0.8703204393386841,2670,-0.002536995631908212,31.209519177675247
0.3503184713375796,0.6496815286624203,0.06972433626651764,0.07081472128629684,0.07019096612930298,0.0694778636097908,0.07010465115308762,0.07021564245223999,0.07046032696962357,157,0.06829416751861572,0.06950666010379791,0.6496815286624203,0.06829416751861572,5111808,0.06929042190313339,0.06896910816431046,0.06888368725776672,0.06953329592943192,0.07046151906251907,0.0684833899140358,846.67,0.06901431083679199,0.06946314126253128,-1.0,0.06974031031131744,7233,0.06906522065401077,565.0941772460938,0.06842730939388275,1.4049808917197464,39,0.06974639743566513,706,0.0,0.06935666501522064,0.0692976862192154,0.0,0.06912315636873245,0.07081472128629684,0.06904169172048569,0.029846954345703124,0.1,0.5409343242645264,102,0.0694674625992775,1e-06,0.0,0.31385328106116506,0.2,0.0013181989,0.8729594349861145,2680,-0.0022350704987275094,31.203205032646657
0.3464052287581699,0.6535947712418301,0.06974635273218155,0.07082652300596237,0.07021152228116989,0.06949976831674576,0.07011514902114868,0.07023181021213531,0.07048185169696808,153,0.06831768900156021,0.06952991336584091,0.6535947712418301,0.06831768900156021,5242880,0.06929785758256912,0.0689854547381401,0.06890758872032166,0.06956055760383606,0.0704764723777771,0.06848327815532684,841.65,0.06903904676437378,0.06948597729206085,-1.0,0.06975378096103668,7232,0.06909134238958359,557.4171752929688,0.06844635307788849,1.4172810457516352,40,0.06974951177835464,724,0.0,0.06937626004219055,0.06931188702583313,0.0,0.06913377344608307,0.07082652300596237,0.06905175000429153,0.026355743408203125,0.1,0.5512144565582275,100,0.06948445737361908,1e-06,0.0,0.335017424589023,0.2,0.0012624105,0.8703461289405823,2690,-0.0021473062154200306,31.196927908062936
0.304635761589404,0.695364238410596,0.06975743919610977,0.07083991169929504,0.07022672146558762,0.06950395554304123,0.07015234231948853,0.07024392485618591,0.07050111144781113,151,0.0683198869228363,0.06955521553754807,0.695364238410596,0.0683198869228363,5373952,0.06932085752487183,0.0690067708492279,0.06892897933721542,0.06957860291004181,0.0704965591430664,0.06849294155836105,856.94,0.06905358284711838,0.06950311362743378,-1.0,0.06976838409900665,7229,0.06910526007413864,570.0955810546875,0.06847509741783142,1.3945960264900672,41,0.06977337598800659,743,0.0,0.0694003701210022,0.06934401392936707,0.0,0.06916097551584244,0.07083991169929504,0.0690699964761734,0.026984405517578126,0.1,0.611079216003418,105,0.06950318068265915,1e-06,0.0,0.3376961386529729,0.2,0.0012680825,0.8753581047058105,2700,-0.002331946966205578,31.19049369096756
0.25170068027210885,0.7482993197278912,0.06977351009845734,0.07085226476192474,0.07024529576301575,0.06952515244483948,0.07017284631729126,0.07026546448469162,0.07052458077669144,147,0.06834553182125092,0.06957221776247025,0.7482993197278912,0.06834553182125092,5505024,0.06932736933231354,0.06902901828289032,0.06894908100366592,0.06960050016641617,0.07051391899585724,0.06851161271333694,895.76,0.06906335800886154,0.06952202320098877,-1.0,0.06978770345449448,7226,0.06912405043840408,602.6659545898438,0.06849261373281479,1.4114421768707492,42,0.0697949230670929,761,0.0,0.06942389905452728,0.06935781985521317,0.0,0.06918295472860336,0.07085226476192474,0.06909158825874329,0.023621368408203124,0.1,0.5308034420013428,110,0.069521963596344,1e-06,0.0,0.28671994981123133,0.2,0.0012335012,0.8781149387359619,2710,-0.0020535768199806625,31.18375767618418
0.3202614379084967,0.6797385620915033,0.06979261338710785,0.07088101655244827,0.07026636600494385,0.06954138725996017,0.07017248123884201,0.0702996477484703,0.07055290043354034,153,0.0683782547712326,0.06958106905221939,0.6797385620915033,0.0683782547712326,5636096,0.06934981793165207,0.06903748214244843,0.06896917521953583,0.06962531059980392,0.070539191365242,0.06852953135967255,878.83,0.0690741315484047,0.06954503059387207,-1.0,0.0698060542345047,7224,0.06913533806800842,586.2222290039062,0.06850948929786682,1.3962483660130731,43,0.06981270015239716,780,0.0,0.06943896412849426,0.06936974823474884,0.0,0.06919249147176743,0.07088101655244827,0.0690983235836029,0.023882293701171876,0.1,0.5548019409179688,104,0.06953994184732437,1e-06,0.0,0.2838554105488583,0.2,0.0011867674,0.8685922622680664,2720,-0.002134934093191987,31.17716128230095
0.2986111111111111,0.7013888888888888,0.06980042904615402,0.07090466469526291,0.07028409093618393,0.06955214589834213,0.0701989158987999,0.07031945884227753,0.07055720686912537,144,0.06839858740568161,0.06960486620664597,0.7013888888888888,0.06839858740568161,5767168,0.06937095522880554,0.06905998289585114,0.06897435337305069,0.06963779777288437,0.070565365254879,0.06854741275310516,883.74,0.06909207999706268,0.06955575942993164,-1.0,0.0698227658867836,7223,0.06914099305868149,593.8828735351562,0.0685318186879158,1.3860416666666677,44,0.06982488185167313,798,0.0,0.06946028769016266,0.06939386576414108,0.0,0.06921550631523132,0.07090466469526291,0.06911412626504898,0.023439788818359376,0.1,0.6323153376579285,101,0.06955713033676147,1e-06,0.0,0.3266690642572939,0.2,0.0012237458,0.8465682864189148,2730,-0.0021435378577734808,31.170875994861127
0.3227848101265823,0.6772151898734177,0.06981063634157181,0.07092094421386719,0.07029537111520767,0.06955660879611969,0.07022230327129364,0.07034419476985931,0.07056616246700287,158,0.06841301918029785,0.06962234526872635,0.6772151898734177,0.06841301918029785,5898240,0.0693901777267456,0.06907276064157486,0.06899647414684296,0.06966151297092438,0.07058928161859512,0.06856091320514679,872.91,0.06910508126020432,0.06956679373979568,-1.0,0.0698397308588028,7222,0.06915423274040222,585.8643188476562,0.0685502216219902,1.4169113924050643,45,0.06985550373792648,816,0.0,0.06948670744895935,0.06941044330596924,0.0,0.06923442333936691,0.07092094421386719,0.06912587583065033,0.026428985595703124,0.1,0.6204578280448914,107,0.06957407295703888,1e-06,0.0,0.2965388062060811,0.2,0.001269359,0.8623404502868652,2740,-0.0022457487762494567,31.164689160883427
0.32653061224489793,0.673469387755102,0.06981765478849411,0.07093410193920135,0.07031577080488205,0.06955619156360626,0.07024971395730972,0.07036207616329193,0.07059360295534134,147,0.0684380978345871,0.0696425661444664,0.673469387755102,0.0684380978345871,6029312,0.06939894706010818,0.06909452378749847,0.06901202350854874,0.0696713924407959,0.07061678171157837,0.06857660412788391,849.97,0.06913349032402039,0.06959109008312225,-1.0,0.0698535367846489,7221,0.06916540861129761,568.699462890625,0.06857480853796005,1.3835374149659876,46,0.06987778842449188,834,0.0,0.0695018544793129,0.06942267715930939,0.0,0.06924673914909363,0.07093410193920135,0.0691431388258934,0.026849365234375,0.1,0.6180626153945923,99,0.06959161907434464,1e-06,0.0,0.3140266080969013,0.2,0.0012816326,0.8826457858085632,2750,-0.0022234871087675858,31.158511866629123
0.26,0.74,0.0698390007019043,0.0709448754787445,0.0703204795718193,0.06956778466701508,0.07026713341474533,0.07037920504808426,0.0706101655960083,150,0.0684715211391449,0.06966192275285721,0.74,0.0684715211391449,6160384,0.06941726058721542,0.06911859661340714,0.0690244659781456,0.06969661265611649,0.07063421607017517,0.06859948486089706,912.85,0.06913834065198898,0.06961055845022202,-1.0,0.06987089663743973,7220,0.06919346749782562,606.54443359375,0.06858816742897034,1.4068000000000007,47,0.06990650296211243,853,0.0,0.06953087449073792,0.06942616403102875,0.0,0.06926922500133514,0.0709448754787445,0.06915953755378723,0.025315093994140624,0.1,0.6205376982688904,111,0.0696098580956459,1e-06,0.0,0.33340509701520205,0.2,0.0012447857,0.8563483357429504,2760,-0.002215934880950954,31.152091160416603
0.3197278911564626,0.6802721088435374,0.06985875219106674,0.07096250355243683,0.07034607231616974,0.06958510726690292,0.0702839270234108,0.07038529217243195,0.07064025849103928,147,0.06849417090415955,0.06967636197805405,0.6802721088435374,0.06849417090415955,6291456,0.06944447755813599,0.06913284957408905,0.06904219090938568,0.06972233951091766,0.07065483182668686,0.06861891597509384,880.02,0.06915143132209778,0.06962446868419647,-1.0,0.06988775730133057,7219,0.06921156495809555,586.582275390625,0.0685943141579628,1.4078639455782325,48,0.06993340700864792,871,0.0,0.06956139951944351,0.06945666670799255,0.0,0.06927966326475143,0.07096250355243683,0.06917951256036758,0.02583770751953125,0.1,0.5631910562515259,100,0.06962913274765015,1e-06,0.0,0.2887592802522704,0.2,0.0012292473,0.8639827966690063,2770,-0.0021738823073974346,31.145371115207674
0.31756756756756754,0.6824324324324325,0.06987223029136658,0.07098409533500671,0.07036210596561432,0.06960412114858627,0.07029538601636887,0.07039961218833923,0.07067117094993591,148,0.06849880516529083,0.06968864053487778,0.6824324324324325,0.06849880516529083,6422528,0.06945813447237015,0.06915147602558136,0.06905703991651535,0.06973150372505188,0.0706714540719986,0.06863581389188766,852.88,0.06916982680559158,0.06964055448770523,-1.0,0.0699126198887825,7216,0.06922691315412521,567.9400024414062,0.06860750913619995,1.3774324324324332,49,0.06994950026273727,889,0.0,0.06958188861608505,0.069465272128582,0.0,0.06931091099977493,0.07098409533500671,0.06920179724693298,0.028839111328125,0.1,0.641343891620636,101,0.0696459412574768,1e-06,0.0,0.30334793007932603,0.2,0.0012923065,0.8819611668586731,2780,-0.0023746327314256633,31.13887991309166
0.2638888888888889,0.7361111111111112,0.06989578902721405,0.07100582867860794,0.0703950971364975,0.06962274014949799,0.07031960785388947,0.07041332125663757,0.07069890946149826,144,0.06851129978895187,0.06970598548650742,0.7361111111111112,0.06851129978895187,6553600,0.0694899931550026,0.06917077302932739,0.0690808817744255,0.06975115835666656,0.07068613171577454,0.06864222884178162,902.15,0.06918317079544067,0.06964762508869171,-1.0,0.06994084268808365,7215,0.06924021989107132,601.1260375976562,0.06862616539001465,1.39688888888889,50,0.0699608251452446,908,0.0,0.0696115717291832,0.0694790706038475,0.0,0.06932317465543747,0.07100582867860794,0.06922969967126846,0.030233001708984374,0.1,0.5914920568466187,106,0.06966528296470642,1e-06,0.0,0.3051860310486518,0.2,0.0013421279,0.8819593191146851,2790,-0.0023975272241386846,31.132388927042484
0.28,0.72,0.0699201375246048,0.0710190162062645,0.07041849195957184,0.06964220106601715,0.07032682001590729,0.07041601091623306,0.07071367651224136,150,0.0685391053557396,0.06972838938236237,0.72,0.0685391053557396,6684672,0.06950145214796066,0.06919361650943756,0.06909772008657455,0.06975942105054855,0.07070789486169815,0.06866369396448135,878.98,0.06918924301862717,0.06967375427484512,-1.0,0.06995227187871933,7211,0.06925806403160095,591.2274169921875,0.06864441186189651,1.4138800000000011,51,0.06997919082641602,926,0.0,0.06962725520133972,0.06949689984321594,0.0,0.06934256106615067,0.0710190162062645,0.06924863904714584,0.0212158203125,0.1,0.5730109810829163,108,0.06968239694833755,1e-06,0.0,0.2841395398369059,0.2,0.0011743489,0.872897744178772,2800,-0.0021533288665523285,31.125836949050427
0.2777777777777778,0.7222222222222222,0.06993637979030609,0.07103414088487625,0.07045554369688034,0.0696670264005661,0.0703393816947937,0.07043968886137009,0.07073698192834854,144,0.0685594379901886,0.06974812597036362,0.7222222222222222,0.0685594379901886,6815744,0.06952071189880371,0.06921118497848511,0.06910814344882965,0.06977356225252151,0.07072605192661285,0.06868715584278107,890.32,0.06919872760772705,0.06969963759183884,-1.0,0.06995999068021774,7211,0.06925982981920242,594.275146484375,0.068667471408844,1.408861111111112,52,0.0699971467256546,945,0.0,0.0696415975689888,0.06951897591352463,0.0,0.06937041133642197,0.07103414088487625,0.06927701085805893,0.024878692626953126,0.1,0.5794947147369385,104,0.06970137357711792,1e-06,0.0,0.2909912885050289,0.2,0.0012343291,0.8647897243499756,2810,-0.0020976158972189295,31.119332407414912
0.31736526946107785,0.6826347305389222,0.06994738429784775,0.0710531622171402,0.07047565281391144,0.06968483328819275,0.07035214453935623,0.07045819610357285,0.07076363265514374,167,0.06857869774103165,0.06977688521146774,0.6826347305389222,0.06857869774103165,6946816,0.06954055279493332,0.06922595947980881,0.06912553310394287,0.06979329138994217,0.0707501545548439,0.06870763003826141,829.95,0.06920432299375534,0.06972844153642654,-1.0,0.06997443735599518,7210,0.06926893442869186,556.5529174804688,0.06868428736925125,1.3705269461077854,53,0.07001275569200516,963,0.0,0.06965623050928116,0.0695297122001648,0.0,0.06938304752111435,0.0710531622171402,0.06929471343755722,0.02650604248046875,0.1,0.6343602538108826,114,0.06971881538629532,1e-06,0.0,0.30690780917648225,0.2,0.001237525,0.8540934324264526,2820,-0.0020683194883531542,31.112842237949373
0.37748344370860926,0.6225165562913907,0.06997450441122055,0.07106747478246689,0.07048946619033813,0.06970960646867752,0.07037141919136047,0.07047849148511887,0.07077734917402267,151,0.06859569996595383,0.06979307532310486,0.6225165562913907,0.06859569996595383,7077888,0.06955619156360626,0.06923765689134598,0.06913746148347855,0.0698222815990448,0.07076533883810043,0.06872902065515518,836.33,0.06920884549617767,0.0697518065571785,-1.0,0.06998474895954132,7209,0.06929425150156021,559.9586791992188,0.0686991736292839,1.4022781456953652,54,0.07003720849752426,981,0.0,0.06967805325984955,0.06955920904874802,0.0,0.06939101964235306,0.07106747478246689,0.06932267546653748,0.02764739990234375,0.1,0.6925290822982788,94,0.06973728537559509,1e-06,0.0,0.33952843707520514,0.2,0.0012626387,0.8665091395378113,2830,-0.0022054778739857284,31.10641381442547
0.3548387096774194,0.6451612903225806,0.06998374313116074,0.07109098136425018,0.07050089538097382,0.06971781700849533,0.0703834518790245,0.07049104571342468,0.07078983634710312,155,0.06860234588384628,0.06980730593204498,0.6451612903225806,0.06860234588384628,7208960,0.06958726048469543,0.0692412406206131,0.06914712488651276,0.06983137130737305,0.07078367471694946,0.06875044107437134,869.88,0.06921704113483429,0.06977798789739609,-1.0,0.06999938189983368,7208,0.0693039670586586,580.440673828125,0.06871537864208221,1.4072903225806461,55,0.07005010545253754,1000,0.0,0.06970018893480301,0.06957388669252396,0.0,0.06940602511167526,0.07109098136425018,0.06934112310409546,0.02904815673828125,0.1,0.6714832782745361,100,0.06975174695253372,1e-06,0.0,0.3647239458980039,0.2,0.0012873712,0.8626366257667542,2840,-0.0023273309400337894,31.100513277947904
0.3191489361702128,0.6808510638297872,0.07000437378883362,0.07111673057079315,0.07052167505025864,0.06974302232265472,0.07040754705667496,0.07051730155944824,0.07080890983343124,141,0.06862346082925797,0.06982489675283432,0.6808510638297872,0.06862346082925797,7340032,0.06960774958133698,0.06926237791776657,0.06916990876197815,0.06984280049800873,0.07081077247858047,0.06876476854085922,877.97,0.06924162060022354,0.06978816539049149,-1.0,0.07002146542072296,7208,0.06932693719863892,582.8919677734375,0.06873777508735657,1.4037588652482278,56,0.07006558775901794,1018,0.0,0.06971672177314758,0.069587342441082,0.0,0.06940574198961258,0.07111673057079315,0.06936056911945343,0.02913970947265625,0.1,0.6347488164901733,96,0.06977114081382751,1e-06,0.0,0.33589173450600357,0.2,0.0013170278,0.8757310509681702,2850,-0.002293808353579152,31.094445940852165
0.2611464968152866,0.7388535031847133,0.07001574337482452,0.07113489508628845,0.07053261995315552,0.0697556659579277,0.07042190432548523,0.07053349167108536,0.0708211362361908,157,0.06863214820623398,0.06984727829694748,0.7388535031847133,0.06863214820623398,7471104,0.06961905211210251,0.06928630918264389,0.06919648498296738,0.06987109035253525,0.07082390785217285,0.06878218799829483,884.26,0.06925509124994278,0.0698075070977211,-1.0,0.07003916054964066,7207,0.0693550780415535,588.4188232421875,0.06877125054597855,1.3820382165605105,57,0.07009133696556091,1036,0.0,0.06973567605018616,0.0696125477552414,0.0,0.06940528005361557,0.07113489508628845,0.06938307732343674,0.025905609130859375,0.1,0.6596436500549316,116,0.06978919357061386,1e-06,0.0,0.31089975478826093,0.2,0.00124379,0.8739215135574341,2860,-0.0020555927259465535,31.087731511890887
0.31386861313868614,0.6861313868613139,0.07004090398550034,0.07115182280540466,0.07055652141571045,0.06976880133152008,0.07042700797319412,0.07055330276489258,0.0708475187420845,137,0.06864018738269806,0.06987150758504868,0.6861313868613139,0.06864018738269806,7602176,0.0696406364440918,0.06929833441972733,0.06921092420816422,0.06987936049699783,0.07084783911705017,0.068803571164608,880.71,0.0692664235830307,0.06982462853193283,-1.0,0.07006319612264633,7206,0.06936554610729218,587.4857788085938,0.06878311932086945,1.415810218978103,58,0.07010587304830551,1054,0.0,0.06975223869085312,0.06963813304901123,0.0,0.06941097229719162,0.07115182280540466,0.06939058750867844,0.02671966552734375,0.1,0.6257306933403015,94,0.0698055550456047,1e-06,0.0,0.3017262729466893,0.2,0.0012397076,0.8696426153182983,2870,-0.002233462424874233,31.081552921235563
0.3081761006289308,0.6918238993710691,0.0700494647026062,0.0711795836687088,0.07057259976863861,0.06978901475667953,0.07044697552919388,0.07057549804449081,0.07086819410324097,159,0.0686507597565651,0.06989030539989471,0.6918238993710691,0.0686507597565651,7733248,0.06965108215808868,0.0693129226565361,0.06923199445009232,0.06989391893148422,0.07086332887411118,0.06882022321224213,850.69,0.06927800178527832,0.0698419138789177,-1.0,0.07008401304483414,7204,0.06938883662223816,565.7867431640625,0.06880135834217072,1.406427672955976,59,0.07012701779603958,1073,0.0,0.06977967917919159,0.06965222954750061,0.0,0.06944159418344498,0.0711795836687088,0.0694136694073677,0.025034332275390626,0.1,0.5578364133834839,110,0.06982416659593582,1e-06,0.0,0.31987440505763515,0.2,0.0012331698,0.870814323425293,2880,-0.002248058790473806,31.075316093862057
0.34285714285714286,0.6571428571428571,0.07006590068340302,0.07120011746883392,0.07059412449598312,0.06981021910905838,0.07047615945339203,0.07058830559253693,0.0708882212638855,140,0.06867019087076187,0.06991960108280182,0.6571428571428571,0.06867019087076187,7864320,0.0696762427687645,0.06932325661182404,0.06925319135189056,0.06992290169000626,0.07087922841310501,0.06883285939693451,875.35,0.06930132210254669,0.0698530375957489,-1.0,0.07009413838386536,7204,0.06939912587404251,581.3032836914062,0.06880908459424973,1.4059857142857153,60,0.07014573365449905,1091,0.0,0.06979911774396896,0.06967473030090332,0.0,0.06945408135652542,0.07120011746883392,0.06943210959434509,0.021173858642578126,0.1,0.6123684644699097,92,0.06984251737594604,1e-06,0.0,0.30647381148301067,0.2,0.0012063102,0.873252272605896,2890,-0.0021665145771294194,31.068711234629156
0.27564102564102566,0.7243589743589743,0.07009006291627884,0.07121001929044724,0.07060714066028595,0.06983603537082672,0.07050005346536636,0.07060971111059189,0.07090424001216888,156,0.06867827475070953,0.0699363425374031,0.7243589743589743,0.06867827475070953,7995392,0.06969475001096725,0.0693390890955925,0.06927195191383362,0.06994236260652542,0.07089552283287048,0.0688508152961731,885.38,0.06931912153959274,0.06987711042165756,-1.0,0.07011868059635162,7202,0.06941105425357819,597.131103515625,0.06882839649915695,1.3880641025641036,61,0.07016536593437195,1110,0.0,0.06982181966304779,0.06968855857849121,0.0,0.06947324424982071,0.07121001929044724,0.06944742053747177,0.023152923583984374,0.1,0.6004253029823303,113,0.06986068189144135,1e-06,0.0,0.32264227780979127,0.2,0.0011927587,0.8705317974090576,2900,-0.0021621500665787606,31.062183584272862
0.36486486486486486,0.6351351351351351,0.07011692225933075,0.07122624665498734,0.07062831521034241,0.06985515356063843,0.07051888108253479,0.07062355428934097,0.07092607021331787,148,0.06867185980081558,0.06994552910327911,0.6351351351351351,0.06867185980081558,8126464,0.06971531361341476,0.06935136020183563,0.06928077340126038,0.06996874511241913,0.07091683894395828,0.06885943561792374,858.65,0.06933333724737167,0.06988807022571564,-1.0,0.07014621794223785,7202,0.06942179799079895,573.8924560546875,0.06884646415710449,1.3860810810810822,62,0.07019466906785965,1128,0.0,0.0698423981666565,0.06969697773456573,0.0,0.06949292123317719,0.07122624665498734,0.06945551931858063,0.025382232666015626,0.1,0.589271068572998,94,0.06987693905830383,1e-06,0.0,0.2924613921670243,0.2,0.0012345598,0.8757049441337585,2910,-0.0022896884743431657,31.05604058802128
0.3092105263157895,0.6907894736842105,0.07013393938541412,0.0712478831410408,0.07064227759838104,0.06986621022224426,0.07053638994693756,0.07063523679971695,0.07094252854585648,152,0.06868775933980942,0.06996002048254013,0.6907894736842105,0.06868775933980942,8257536,0.06973976641893387,0.0693712830543518,0.0692962184548378,0.06999232620000839,0.07092978805303574,0.06887342035770416,854.1,0.06935454905033112,0.069915272295475,-1.0,0.07017237693071365,7201,0.06943552196025848,567.12060546875,0.06886669248342514,1.3944473684210534,63,0.07021329551935196,1146,0.0,0.06986001878976822,0.06970442086458206,0.0,0.06952276825904846,0.0712478831410408,0.06947772949934006,0.027777099609375,0.1,0.5952486991882324,105,0.06989510357379913,1e-06,0.0,0.33387746847001837,0.2,0.0012690317,0.876771092414856,2920,-0.0023455449442735697,31.049876321852206
0.28,0.72,0.07015914469957352,0.07125812768936157,0.07065320760011673,0.06988871842622757,0.07054940611124039,0.07065097242593765,0.0709635391831398,150,0.06870657950639725,0.06996931880712509,0.72,0.06870657950639725,8388608,0.06975296884775162,0.069385826587677,0.06931773573160172,0.07001133263111115,0.07095406204462051,0.06889234483242035,865.11,0.0693737119436264,0.06994496285915375,-1.0,0.07018817216157913,7201,0.06945295631885529,580.6214599609375,0.06888357549905777,1.3978533333333345,64,0.07023449242115021,1164,0.0,0.06987827271223068,0.06972388923168182,0.0,0.06955033540725708,0.07125812768936157,0.06948934495449066,0.022893524169921874,0.1,0.6448169946670532,108,0.06991332024335861,1e-06,0.0,0.31906410271767527,0.2,0.0012112573,0.8792992830276489,2930,-0.0021588074185729055,31.04337594360113
0.33121019108280253,0.6687898089171974,0.07017058879137039,0.07128244638442993,0.07067690044641495,0.06990515440702438,0.07055811583995819,0.07067317515611649,0.07097500562667847,157,0.06873118877410889,0.06999432295560837,0.6687898089171974,0.06873118877410889,8519680,0.0697736069560051,0.06939995288848877,0.06932798027992249,0.07002485543489456,0.0709838941693306,0.06890476495027542,863.7,0.06940241903066635,0.06996212899684906,-1.0,0.07020087540149689,7201,0.06947369128465652,578.1978149414062,0.06889744848012924,1.4044331210191092,65,0.07026887685060501,1183,0.0,0.0699024349451065,0.06974874436855316,0.0,0.06956803053617477,0.07128244638442993,0.06949673593044281,0.025634002685546876,0.1,0.7054617404937744,105,0.06993213295936584,1e-06,0.0,0.3321519633871503,0.2,0.0012513697,0.8630255460739136,2940,-0.0023424908973083804,31.03673653304577
0.3283582089552239,0.6716417910447762,0.07018706947565079,0.07129663974046707,0.0707036480307579,0.06992772221565247,0.07056473195552826,0.07067660987377167,0.07099618017673492,134,0.0687466412782669,0.07000912725925446,0.6716417910447762,0.0687466412782669,8650752,0.06979770213365555,0.06942358613014221,0.06933771818876266,0.07003583759069443,0.07099558413028717,0.06893350183963776,856.81,0.0694134384393692,0.06997723877429962,-1.0,0.07022658735513687,7200,0.06949090212583542,571.3088989257812,0.06890663504600525,1.41268656716418,66,0.07029515504837036,1201,0.0,0.06992113590240479,0.06974746286869049,0.0,0.06959217041730881,0.07129663974046707,0.06951522827148438,0.029351043701171874,0.1,0.624830961227417,90,0.06994873285293579,1e-06,0.0,0.34302427058573814,0.2,0.0013139606,0.8845180869102478,2950,-0.0023841911616727884,31.030378615856172
0.27439024390243905,0.725609756097561,0.07020919770002365,0.07132109999656677,0.07071693241596222,0.069945327937603,0.07058724015951157,0.0707094818353653,0.07102321833372116,164,0.06876737624406815,0.07003233581781387,0.725609756097561,0.06876737624406815,8781824,0.0698249340057373,0.06944207847118378,0.06935262680053711,0.07005614787340164,0.07101733982563019,0.06894665211439133,890.65,0.06941650062799454,0.069999098777771,-1.0,0.07024852931499481,7199,0.06951496005058289,598.8487548828125,0.06892666220664978,1.3969878048780497,67,0.07031702995300293,1219,0.0,0.06993482261896133,0.06976476311683655,0.0,0.06960999220609665,0.07132109999656677,0.06952925026416779,0.034130096435546875,0.1,0.5597896575927734,119,0.06996853649616241,1e-06,0.0,0.2804893378750421,0.2,0.0013320469,0.8816275000572205,2960,-0.0024975942141736594,31.023880724608897
0.3308270676691729,0.6691729323308271,0.07022242248058319,0.07133792340755463,0.07073703408241272,0.06995783746242523,0.0706014633178711,0.07073809206485748,0.07103437930345535,133,0.06877867877483368,0.0700373575091362,0.6691729323308271,0.06877867877483368,8912896,0.06984744220972061,0.06947173178195953,0.06936006993055344,0.0700707957148552,0.07104314863681793,0.06897168606519699,877.26,0.0694393590092659,0.07001195102930069,-1.0,0.07027013599872589,7198,0.06954339146614075,584.906982421875,0.06893827021121979,1.4231428571428584,68,0.07033170014619827,1238,0.0,0.06995625793933868,0.06978385895490646,0.0,0.06963416188955307,0.07133792340755463,0.06955106556415558,0.02393035888671875,0.1,0.6129433512687683,89,0.06998681277036667,1e-06,0.0,0.30800023779738694,0.2,0.0012358408,0.8661553859710693,2970,-0.002143913413942755,31.017114758491516
0.25903614457831325,0.7409638554216867,0.0702442079782486,0.07135693728923798,0.07075653225183487,0.06997820734977722,0.07062284648418427,0.0707404688000679,0.07104108482599258,166,0.06880626082420349,0.07006146013736725,0.7409638554216867,0.06880626082420349,9043968,0.06987389177083969,0.0694897249341011,0.06937042623758316,0.07007497549057007,0.07105478644371033,0.06899953633546829,871.16,0.06946825981140137,0.07002255320549011,-1.0,0.07028183341026306,7197,0.06956010311841965,581.6694946289062,0.068951815366745,1.4111445783132541,69,0.07035087049007416,1256,0.0,0.06996549665927887,0.06980694085359573,0.0,0.06964679807424545,0.07135693728923798,0.06957634538412094,0.02736968994140625,0.1,0.5679893493652344,123,0.07000409066677094,1e-06,0.0,0.2831107479170896,0.2,0.0012799934,0.8763635754585266,2980,-0.002284277598118933,31.01075089275837
0.2781954887218045,0.7218045112781954,0.07025328278541565,0.07137861847877502,0.07077760249376297,0.07000686228275299,0.0706387609243393,0.07076986134052277,0.07104572653770447,133,0.06882394850254059,0.07007443904876709,0.7218045112781954,0.06882394850254059,9175040,0.06988910585641861,0.06950778514146805,0.06938039511442184,0.07010243088006973,0.07106432318687439,0.0690385177731514,872.73,0.06949640065431595,0.07004078477621078,-1.0,0.07030458748340607,7198,0.06958115845918655,584.990966796875,0.06896808743476868,1.4010526315789484,70,0.07037005573511124,1274,0.0,0.06997983902692795,0.06981279700994492,0.0,0.06966167688369751,0.07137861847877502,0.06960559636354446,0.0226043701171875,0.1,0.5649880170822144,96,0.07002290338277817,1e-06,0.0,0.31774051836691797,0.2,0.0012236356,0.8686110377311707,2990,-0.002092113559183417,31.00431603640318
0.2710843373493976,0.7289156626506024,0.07027801126241684,0.07140391319990158,0.07079289108514786,0.07002656161785126,0.07065416872501373,0.07078710198402405,0.07107527554035187,166,0.06884493678808212,0.07009653002023697,0.7289156626506024,0.06884493678808212,9306112,0.06990903615951538,0.0695325955748558,0.06940435618162155,0.0701066255569458,0.07107196748256683,0.0690663605928421,899.46,0.06952495872974396,0.0700606256723404,-1.0,0.07032760977745056,7196,0.06960078328847885,602.6688842773438,0.06897451728582382,1.4020120481927723,71,0.07040204107761383,1293,0.0,0.06999517977237701,0.06982722878456116,0.0,0.0696779191493988,0.07140391319990158,0.06962602585554123,0.02770843505859375,0.1,0.6222984194755554,121,0.0700426995754242,1e-06,0.0,0.30114267352037133,0.2,0.0013045566,0.8466867208480835,3000,-0.0023192438242404024,30.9974228695035
0.3931034482758621,0.6068965517241379,0.07029074430465698,0.07142548263072968,0.07081802934408188,0.07004788517951965,0.07067197561264038,0.07080759853124619,0.07107874751091003,145,0.06886067986488342,0.07011961191892624,0.6068965517241379,0.06886067986488342,9437184,0.06994081288576126,0.06954985857009888,0.06943269073963165,0.07012584805488586,0.0710950493812561,0.06907375156879425,814.59,0.06954547762870789,0.07007353752851486,-1.0,0.07034531980752945,7196,0.0696214959025383,540.93603515625,0.06899142265319824,1.3910344827586218,72,0.07042516022920609,1311,0.0,0.0700133889913559,0.06984807550907135,0.0,0.06969232857227325,0.07142548263072968,0.06964728236198425,0.026200103759765624,0.1,0.6431150436401367,88,0.07006169110536575,1e-06,0.0,0.3200582213466987,0.2,0.0012979917,0.8719155192375183,3010,-0.002236571959929279,30.99045674353838
0.3037974683544304,0.6962025316455697,0.07031634449958801,0.07145554572343826,0.07084597647190094,0.07006637006998062,0.07068503648042679,0.07082361727952957,0.07109799981117249,158,0.06888419389724731,0.07014697045087814,0.6962025316455697,0.06888419389724731,9568256,0.0699661448597908,0.0695696622133255,0.06944610178470612,0.07014409452676773,0.07110191881656647,0.06909402459859848,868.89,0.06956514716148376,0.07009268552064896,-1.0,0.07036185264587402,7196,0.06964501738548279,580.2843017578125,0.06900729984045029,1.3982278481012669,73,0.07045013457536697,1329,0.0,0.07004068046808243,0.06987155973911285,0.0,0.06972568482160568,0.07145554572343826,0.06965458393096924,0.0246063232421875,0.1,0.6244057416915894,110,0.07008234411478043,1e-06,0.0,0.33781137816840784,0.2,0.0012214466,0.888430118560791,3020,-0.0023113899412919637,30.983419966697692
0.3469387755102041,0.6530612244897959,0.07034030556678772,0.0714685469865799,0.07086282223463058,0.07008979469537735,0.07069159299135208,0.07083964347839355,0.0711129829287529,147,0.06890340149402618,0.07016582041978836,0.6530612244897959,0.06890340149402618,9699328,0.06997100263834,0.06958036124706268,0.06945875287055969,0.07016913592815399,0.07111965119838715,0.06910872459411621,861.86,0.06958877295255661,0.07009963691234589,-1.0,0.07037888467311859,7195,0.06966227293014526,574.691162109375,0.06902322918176651,1.3937278911564637,74,0.07047158479690552,1347,0.0,0.07006187736988068,0.06989478319883347,0.0,0.06974472105503082,0.0714685469865799,0.06967315822839737,0.026555633544921874,0.1,0.6539500951766968,96,0.07009925693273544,1e-06,0.0,0.34598899820121004,0.2,0.0012840027,0.8682537078857422,3030,-0.0022647320779924486,30.976685433089735
0.3313253012048193,0.6686746987951807,0.07036904990673065,0.07147691398859024,0.07088002562522888,0.07010386884212494,0.07071618735790253,0.07085327804088593,0.07112760096788406,166,0.06890914589166641,0.07018230110406876,0.6686746987951807,0.06890914589166641,9830400,0.06997892260551453,0.06960640847682953,0.06948462128639221,0.07017343491315842,0.07114807516336441,0.06913411617279053,878.4,0.06961365789175034,0.0701119601726532,-1.0,0.07039190828800201,7194,0.06968280673027039,582.9939575195312,0.069059357047081,1.3910963855421696,75,0.07049393653869629,1366,0.0,0.07007653266191483,0.0699056014418602,0.0,0.06976936757564545,0.07147691398859024,0.06969792395830154,0.028191375732421874,0.1,0.5382838249206543,111,0.07011787593364716,1e-06,0.0,0.31760841272771356,0.2,0.0013063592,0.8741550445556641,3040,-0.0022520527566484818,30.970359762012958
0.362962962962963,0.6370370370370371,0.07039287686347961,0.07149019092321396,0.07089421898126602,0.07012560218572617,0.07073487341403961,0.07088252156972885,0.0711514875292778,135,0.06892535090446472,0.07021396607160568,0.6370370370370371,0.06892535090446472,9961472,0.06999671459197998,0.06962061673402786,0.06950679421424866,0.07018815726041794,0.07116202265024185,0.0691487267613411,862.32,0.06963223963975906,0.07013044506311417,-1.0,0.070417121052742,7194,0.06970349699258804,573.8297119140625,0.06907620280981064,1.39365925925926,76,0.07051295042037964,1384,0.0,0.07010339945554733,0.06992954015731812,0.0,0.06979159265756607,0.07149019092321396,0.06970416009426117,0.027300262451171876,0.1,0.6341297030448914,86,0.07013741135597229,1e-06,0.0,0.3258594214450568,0.2,0.0012791172,0.8765382766723633,3050,-0.0022718626009009314,30.963569881021975
0.2389937106918239,0.7610062893081762,0.07041455060243607,0.07150352001190186,0.07090511918067932,0.0701507031917572,0.07075130194425583,0.07089567184448242,0.07116943597793579,159,0.06894811242818832,0.07023556530475616,0.7610062893081762,0.06894811242818832,10092544,0.07000503689050674,0.06962640583515167,0.06952551752328873,0.07021594047546387,0.07117921113967896,0.06916479766368866,915.13,0.06964471936225891,0.07015762478113174,-1.0,0.07043474912643433,7193,0.06973462551832199,614.9823608398438,0.0690915435552597,1.3933962264150954,77,0.07052409648895264,1403,0.0,0.07012073695659637,0.0699373409152031,0.0,0.06982020288705826,0.07150352001190186,0.06973110139369965,0.0276641845703125,0.1,0.6485339403152466,121,0.07015550881624222,1e-06,0.0,0.3150566111085936,0.2,0.001265474,0.8879297375679016,3060,-0.0022617742760758118,30.95681895017624
