rollout/force_direction_mean,train/action_std_21,train/action_std_01,train/std_max,train/action_std_17,rollout/recovery_noforce,train/action_std_00,train/action_std_15,rollout/ep_len_mean,rollout/action_saturation_fraction,time/time_elapsed,train/action_std_02,time/iterations,train/action_std_05,train/action_std_07,train/action_std_10,train/action_std_20,train/action_std_24,time/fps,train/action_std_06,rollout/is_timeout_mean,train/action_std_12,rollout/is_fall_mean,train/std_min,train/action_std_04,time/total_timesteps,train/action_std_09,rollout/force_requested_impulse_mean,rollout/episodes_noforce,train/action_std_19,rollout/ep_rew_mean,train/action_std_11,train/action_std_08,train/action_std_22,train/action_std_16,train/action_std_18,train/action_std_23,rollout/force_onset_mean,train/action_std_03,train/action_std_13,train/action_std_14,train/n_updates,rollout/timeouts,train/value_loss,train/loss,train/clip_range,train/explained_variance,train/approx_kl,rollout/timeout_without_onset_fraction,train/entropy_loss,train/std,train/clip_fraction,train/clip_range_vf,train/policy_gradient_loss,train/learning_rate
-1.0,0.05808131396770477,0.05790386721491814,0.05893613025546074,0.0581108033657074,0.0,0.057808466255664825,0.05812671035528183,360.4761904761905,0.0,41,0.05811762064695358,1,0.05893613025546074,0.058428917080163956,0.05828987434506416,0.058011412620544434,0.058389630168676376,3127,0.05823301896452904,0.0,0.05796440690755844,1.0,0.057785797864198685,0.05873468145728111,131072,0.05838274210691452,0.0,42,0.05876734480261803,227.45401000976562,0.058372776955366135,0.05798364803195,0.057785797864198685,0.05843918398022652,0.05869437754154205,0.0585663765668869,1.360904761904763,0.05871135741472244,0.05821244791150093,0.058204952627420425,,,,,,,,,,,,,,
-1.0,0.05809260159730911,0.05791793391108513,0.05895692855119705,0.058119285851716995,0.6460176991150443,0.0578259602189064,0.05813240632414818,991.62,0.0,102,0.058135539293289185,2,0.05895692855119705,0.05844183266162872,0.05830267444252968,0.05803018435835838,0.0584033727645874,2559,0.05824705958366394,0.6460176991150443,0.057974912226200104,0.35398230088495575,0.05779799446463585,0.05874176695942879,262144,0.05839855596423149,0.0,226,0.058779384940862656,655.1207275390625,0.05839361250400543,0.05799586698412895,0.05779799446463585,0.058454010635614395,0.058718159794807434,0.058578819036483765,1.4045575221238948,0.058724235743284225,0.058232005685567856,0.05822395533323288,780,146,0.3807030999101698,0.7810603380203247,0.1,0.8864428997039795,0.0013221286,0.0,35.581735745072365,0.05830475687980652,0.03177719116210938,0.2,-0.0024299637563672148,1e-06
-1.0,0.05811210721731186,0.0579371340572834,0.05897028371691704,0.05813261494040489,0.34444444444444444,0.05784447863698006,0.05814313516020775,708.84,0.0,162,0.058144453912973404,3,0.05897028371691704,0.058460451662540436,0.05830463394522667,0.05804786831140518,0.058425601571798325,2415,0.0582646019756794,0.34444444444444444,0.05798523500561714,0.6555555555555556,0.05781183019280434,0.05876011773943901,393216,0.05840752273797989,0.0,90,0.0587894469499588,456.1014099121094,0.05841794237494469,0.05801816284656525,0.05781183019280434,0.05845994874835014,0.058732468634843826,0.058594368398189545,1.3916222222222232,0.05874951183795929,0.05824408680200577,0.058241281658411026,790,31,0.45470262262970207,0.777603268623352,0.1,0.8947480320930481,0.0013344294,0.0,35.57539336681366,0.058319974690675735,0.03289108276367188,0.2,-0.002471335404607089,1e-06
-1.0,0.0581209734082222,0.05795018747448921,0.058987610042095184,0.05815182998776436,0.6414141414141414,0.05785612016916275,0.058151744306087494,974.5,0.0,223,0.05815383791923523,4,0.058987610042095184,0.05846660956740379,0.058306846767663956,0.05805717036128044,0.058440495282411575,2341,0.05828245356678963,0.6414141414141414,0.05799838528037071,0.35858585858585856,0.057833459228277206,0.05878468230366707,524288,0.05842341482639313,0.0,198,0.05880286172032356,639.187744140625,0.05843473970890045,0.058028772473335266,0.057833459228277206,0.05846631899476051,0.058737244457006454,0.05860360339283943,1.3909292929292938,0.05876052379608154,0.05825400352478027,0.058245740830898285,800,127,0.39827164196176457,0.8138090968132019,0.1,0.8930139541625977,0.0012420823,0.0,35.569571253657344,0.05833198502659798,0.02758331298828125,0.2,-0.00228184958878046,1e-06
-1.0,0.05814337357878685,0.05796321853995323,0.05900776386260986,0.058171823620796204,0.4330708661417323,0.057884540408849716,0.05816613882780075,744.03,0.0,284,0.05817364156246185,5,0.05900776386260986,0.058482084423303604,0.05832461267709732,0.058073919266462326,0.058460772037506104,2300,0.05829857662320137,0.4330708661417323,0.05800344794988632,0.5669291338582677,0.05784377455711365,0.05880224332213402,655360,0.05844941362738609,0.0,127,0.05882159620523453,480.79998779296875,0.05843666195869446,0.058046042919158936,0.05784377455711365,0.05848214030265808,0.05874210223555565,0.058612752705812454,1.4094173228346465,0.058778710663318634,0.05826636403799057,0.05825982242822647,810,55,0.4773717085365206,0.8350481986999512,0.1,0.8966537117958069,0.0012620307,0.0,35.56360021829605,0.05834782496094704,0.028025054931640626,0.2,-0.0023922481699628407,1e-06
-1.0,0.058154989033937454,0.05799270421266556,0.05901852995157242,0.058186598122119904,0.5842696629213483,0.05788116157054901,0.058186374604701996,874.91,0.0,345,0.05818803980946541,6,0.05901852995157242,0.05850675702095032,0.058342598378658295,0.0580923818051815,0.05847126618027687,2273,0.05831038951873779,0.5842696629213483,0.05802213400602341,0.4157303370786517,0.05786379054188728,0.05880727618932724,786432,0.05846404656767845,0.0,178,0.058836646378040314,573.695556640625,0.05844870209693909,0.05806432664394379,0.05786379054188728,0.05849258601665497,0.05876123905181885,0.058620747178792953,1.3822921348314616,0.058787230402231216,0.05827496573328972,0.05828402563929558,820,104,0.48790193123277276,0.86573725938797,0.1,0.890046238899231,0.0012587039,0.0,35.55708763301372,0.05836237594485283,0.028521728515625,0.2,-0.002322382664624456,1e-06
-1.0,0.05816831439733505,0.058009322732686996,0.059031784534454346,0.05820295587182045,0.5069444444444444,0.05789714306592941,0.05819948762655258,796.08,0.0,406,0.05821332335472107,7,0.059031784534454346,0.05852077901363373,0.05834852159023285,0.05810674652457237,0.05848788842558861,2255,0.05833793804049492,0.5069444444444444,0.058037906885147095,0.4930555555555556,0.05787688121199608,0.05882755666971207,917504,0.05848544463515282,0.0,144,0.05885174125432968,513.2171630859375,0.05846893787384033,0.05807988718152046,0.05787688121199608,0.05850877985358238,0.05877117067575455,0.058636851608753204,1.3757222222222234,0.05880255252122879,0.05829118192195892,0.05829475447535515,830,73,0.46330870655365286,0.7553629279136658,0.1,0.8897374868392944,0.0012865439,0.0,35.55051904916763,0.05837831646203995,0.03011474609375,0.2,-0.002342536798732908,1e-06
-1.0,0.05818680673837662,0.05802297592163086,0.059048548340797424,0.05820877104997635,0.5575757575757576,0.057908933609724045,0.05822402238845825,844.12,0.0,467,0.058220233768224716,8,0.059048548340797424,0.0585290789604187,0.058368127793073654,0.05812700465321541,0.0584978424012661,2240,0.05833667144179344,0.5575757575757576,0.058053046464920044,0.44242424242424244,0.0578925758600235,0.05883925408124924,1048576,0.05849720165133476,0.0,165,0.05885550007224083,551.6239013671875,0.058489419519901276,0.058091092854738235,0.0578925758600235,0.05851893499493599,0.058788858354091644,0.05864546447992325,1.355272727272728,0.05882197245955467,0.058303385972976685,0.058311112225055695,840,92,0.48280310253612696,0.8857887983322144,0.1,0.8867133855819702,0.0013251044,0.0,35.54431073069573,0.058391474187374115,0.031778717041015626,0.2,-0.0024235677196884353,1e-06
-1.0,0.05819225683808327,0.05804569646716118,0.0590599961578846,0.05822986736893654,0.6312056737588653,0.05793064087629318,0.05822502449154854,844.94,0.0,528,0.0582287460565567,9,0.0590599961578846,0.05855075642466545,0.05839361250400543,0.05812924727797508,0.058498553931713104,2232,0.05834741145372391,0.6312056737588653,0.05806933715939522,0.36879432624113473,0.05790967866778374,0.05885931849479675,1179648,0.0585150420665741,0.0,141,0.0588725246489048,550.298095703125,0.05850742757320404,0.05811580643057823,0.05790967866778374,0.05853399261832237,0.05880644917488098,0.05865560099482536,1.4010638297872349,0.058828312903642654,0.05832161009311676,0.05833212286233902,850,89,0.45176920886151495,0.8143463134765625,0.1,0.883638322353363,0.0013115564,0.0,35.538309323787686,0.05840635672211647,0.031316375732421874,0.2,-0.002439806451002369,1e-06
-1.0,0.0582103505730629,0.058065421879291534,0.05907668545842171,0.05824517086148262,0.5555555555555556,0.057951390743255615,0.05823973938822746,826.62,0.0,589,0.058236852288246155,10,0.05907668545842171,0.058563683182001114,0.05840753763914108,0.0581454373896122,0.05850555747747421,2221,0.058368127793073654,0.5555555555555556,0.05808110907673836,0.4444444444444444,0.057922810316085815,0.05887666717171669,1310720,0.05853724479675293,0.0,180,0.05888590216636658,539.7382202148438,0.05852203443646431,0.058131396770477295,0.057922810316085815,0.05854923278093338,0.058809999376535416,0.058680612593889236,1.4050000000000011,0.05883409082889557,0.05833759158849716,0.05834519863128662,860,100,0.4042483439901844,0.6483280062675476,0.1,0.8949052095413208,0.0013199326,0.0,35.5319404065609,0.058421190828084946,0.029974365234375,0.2,-0.002383304284285259,1e-06
-1.0,0.05821608379483223,0.05807416886091232,0.059082768857479095,0.05825682356953621,0.48344370860927155,0.05796234682202339,0.058257196098566055,775.85,0.0,651,0.0582522377371788,11,0.059082768857479095,0.058589059859514236,0.05841527879238129,0.05815569683909416,0.0585235133767128,2213,0.05839237570762634,0.48344370860927155,0.058093778789043427,0.5165562913907285,0.05793841555714607,0.05888114497065544,1441792,0.05854853615164757,0.0,151,0.05889931321144104,504.1256103515625,0.05853445082902908,0.05815378203988075,0.05793841555714607,0.05857185274362564,0.05883773788809776,0.058687157928943634,1.388357615894041,0.05884454399347305,0.05834449082612991,0.05835255607962608,870,73,0.45215601425152274,0.810409665107727,0.1,0.8999240398406982,0.0012751524,0.0,35.52589521408081,0.058434609323740005,0.028693389892578126,0.2,-0.0023516814542745125,1e-06
-1.0,0.05823472887277603,0.05808249115943909,0.05910686403512955,0.05827686935663223,0.5759493670886076,0.057983383536338806,0.058263782411813736,856.75,0.0,712,0.05826933681964874,12,0.05910686403512955,0.05860643833875656,0.058432552963495255,0.05817778781056404,0.05853768810629845,2207,0.058403220027685165,0.5759493670886076,0.0581045001745224,0.4240506329113924,0.05795814469456673,0.058890197426080704,1572864,0.05855349078774452,0.0,158,0.0589059554040432,557.7733764648438,0.05853983759880066,0.05816686153411865,0.05795814469456673,0.05858210101723671,0.058858126401901245,0.05870363116264343,1.4092405063291151,0.05885825306177139,0.0583619624376297,0.058370091021060944,880,91,0.4998556508915499,0.8177011013031006,0.1,0.8948361277580261,0.0013295203,0.0,35.519935882091524,0.05844913050532341,0.031826019287109375,0.2,-0.0024464156792873837,1e-06
-1.0,0.058250948786735535,0.05808922275900841,0.05911402031779289,0.058298129588365555,0.5502958579881657,0.05799984931945801,0.058272019028663635,817.28,0.0,773,0.05828557908535004,13,0.05911402031779289,0.05861848220229149,0.0584440603852272,0.058196574449539185,0.05855878069996834,2203,0.058409638702869415,0.5502958579881657,0.05812223628163338,0.44970414201183434,0.057963453233242035,0.05891190841794014,1703936,0.05856267735362053,0.0,169,0.05892012640833855,533.4011840820312,0.058560263365507126,0.058190565556287766,0.057963453233242035,0.058603670448064804,0.05886070802807808,0.05872265249490738,1.4096331360946757,0.0588747002184391,0.05837731435894966,0.05837497487664223,890,93,0.42198031083680687,0.7678033113479614,0.1,0.8945407867431641,0.0013196684,0.0,35.51379381418228,0.05846330150961876,0.031024932861328125,0.2,-0.002391965022115983,1e-06
-1.0,0.058263737708330154,0.05810030177235603,0.05912935733795166,0.05830937623977661,0.5266666666666666,0.058018770068883896,0.05829129368066788,807.57,0.0,834,0.05830004811286926,14,0.05912935733795166,0.05863715708255768,0.058454304933547974,0.05820735543966293,0.058572955429553986,2198,0.058424290269613266,0.5266666666666666,0.05812500789761543,0.47333333333333333,0.05797472968697548,0.05891910195350647,1835008,0.058580636978149414,0.0,150,0.05893555283546448,523.4398193359375,0.058578163385391235,0.05821215733885765,0.05797472968697548,0.05861135572195053,0.058883585035800934,0.05874526873230934,1.3985333333333345,0.05889486148953438,0.058391425758600235,0.05839678645133972,900,79,0.48855517187621444,0.8363349437713623,0.1,0.8795369863510132,0.0013224575,0.0,35.50754668116569,0.05847829952836037,0.030109405517578125,0.2,-0.002281407522059453,1e-06
-1.0,0.05827904865145683,0.058121003210544586,0.05914606526494026,0.05832738056778908,0.6329113924050633,0.05803506821393967,0.05830778926610947,856.72,0.0,895,0.05830716714262962,15,0.05914606526494026,0.05863913148641586,0.058482058346271515,0.058219414204359055,0.0585876889526844,2196,0.05844080075621605,0.6329113924050633,0.05814226344227791,0.3670886075949367,0.05799904838204384,0.058936648070812225,1966080,0.05859670042991638,0.0,158,0.05895305052399635,553.2861328125,0.05859432369470596,0.058230187743902206,0.05799904838204384,0.058626171201467514,0.05889882147312164,0.058759331703186035,1.400620253164558,0.058904606848955154,0.058406759053468704,0.05841181427240372,910,100,0.4893346086144447,0.7841755151748657,0.1,0.8822116851806641,0.0013544053,0.0,35.50097266435623,0.058494094759225845,0.0334503173828125,0.2,-0.0025793553513722145,1e-06
-1.0,0.05828506499528885,0.05812518671154976,0.059161849319934845,0.05834035947918892,0.5370370370370371,0.058040425181388855,0.058319468051195145,791.35,0.0,956,0.05832549184560776,16,0.059161849319934845,0.058657824993133545,0.0584864504635334,0.05823332443833351,0.058609191328287125,2191,0.058458276093006134,0.5370370370370371,0.058162517845630646,0.46296296296296297,0.05801579728722572,0.05895330384373665,2097152,0.058601826429367065,0.0,162,0.05897890403866768,510.1545715332031,0.05861479416489601,0.05824809893965721,0.05801579728722572,0.05863408371806145,0.058910153806209564,0.0587741993367672,1.4161481481481493,0.0589144229888916,0.058426689356565475,0.0584276057779789,920,87,0.4491148485103622,0.7927652597427368,0.1,0.8830814361572266,0.0012694127,0.0,35.49456533491612,0.058508213609457016,0.028228759765625,0.2,-0.0023210598079913326,1e-06
-1.0,0.05830090865492821,0.058142539113759995,0.059178706258535385,0.05835983529686928,0.5146198830409356,0.0580633282661438,0.05833087116479874,822.24,0.0,1018,0.058334920555353165,17,0.059178706258535385,0.05868641659617424,0.05850154161453247,0.05825086310505867,0.05862923339009285,2188,0.05847648158669472,0.5146198830409356,0.05817803740501404,0.4853801169590643,0.058027252554893494,0.05896661430597305,2228224,0.05861195921897888,0.0,171,0.05899117887020111,537.2896118164062,0.058632951229810715,0.05826903134584427,0.058027252554893494,0.05864930897951126,0.05893045291304588,0.05879119783639908,1.387532163742691,0.05893688648939133,0.058443836867809296,0.058433666825294495,930,88,0.4746997913811356,0.8038021922111511,0.1,0.8879412412643433,0.0013416279,0.0,35.4880392074585,0.0585247240960598,0.03282012939453125,0.2,-0.0024615518020709715,1e-06
-1.0,0.05830944702029228,0.058159247040748596,0.0592009611427784,0.058386191725730896,0.5157232704402516,0.058077964931726456,0.058345671743154526,776.3,0.0,1079,0.058350734412670135,18,0.0592009611427784,0.05870794132351875,0.05852258950471878,0.05827079713344574,0.05863894894719124,2185,0.05849440023303032,0.5157232704402516,0.05818586051464081,0.48427672955974843,0.05803915113210678,0.05898323282599449,2359296,0.05863574519753456,0.0,159,0.05901574343442917,501.61175537109375,0.05865681916475296,0.05828738585114479,0.05803915113210678,0.05866627395153046,0.05895638093352318,0.05880500748753548,1.406553459119498,0.05893426015973091,0.05846380814909935,0.05845201760530472,940,82,0.48994921625126153,0.9029052257537842,0.1,0.8991073966026306,0.0012970676,0.0,35.480859237909314,0.058541860431432724,0.0294769287109375,0.2,-0.002424536426042323,1e-06
-1.0,0.05833660066127777,0.05818024277687073,0.059219636023044586,0.05839543789625168,0.5602409638554217,0.05810285359621048,0.058356620371341705,864.12,0.0,1141,0.058361783623695374,19,0.059219636023044586,0.0587194599211216,0.05853810906410217,0.05829286202788353,0.05865217372775078,2182,0.0585164800286293,0.5602409638554217,0.05819052457809448,0.4397590361445783,0.05805946886539459,0.059002574533224106,2490368,0.05865350365638733,0.0,166,0.059030111879110336,562.114501953125,0.05866174027323723,0.0582992285490036,0.05805946886539459,0.05868184193968773,0.058970242738723755,0.05881623923778534,1.405614457831326,0.05895185470581055,0.05847376212477684,0.05846640095114708,950,93,0.47533055720850825,0.8768357634544373,0.1,0.8980217576026917,0.001319011,0.0,35.473895761370656,0.05855719745159149,0.03169174194335937,0.2,-0.0024888020572689127,1e-06
-1.0,0.05834528058767319,0.05818687379360199,0.059237655252218246,0.05839768052101135,0.4601226993865031,0.058117855340242386,0.05837692320346832,803.54,0.0,1202,0.05838044360280037,20,0.059237655252218246,0.05873151868581772,0.058549024164676666,0.05830859765410423,0.05866618826985359,2180,0.05852971971035004,0.4601226993865031,0.05819353461265564,0.5398773006134969,0.05807870998978615,0.05901487171649933,2621440,0.058669447898864746,0.0,163,0.05904288962483406,522.0773315429688,0.05867806449532509,0.05831374228000641,0.05807870998978615,0.05869483947753906,0.058985233306884766,0.05883873626589775,1.3982699386503077,0.05895688757300377,0.05849532037973404,0.05847638472914696,960,75,0.4830917381448671,0.7957437634468079,0.1,0.893904447555542,0.0012963739,0.0,35.46774744093418,0.058570656925439835,0.0284271240234375,0.2,-0.0022651808174259714,1e-06
-1.0,0.058349400758743286,0.05819833651185036,0.05925214663147926,0.05841059982776642,0.5059523809523809,0.058119047433137894,0.058380987495183945,784.71,0.0,1263,0.05840171501040459,21,0.05925214663147926,0.058746811002492905,0.05855541676282883,0.058320291340351105,0.0586964376270771,2178,0.058543525636196136,0.5059523809523809,0.05821136385202408,0.49404761904761907,0.058092035353183746,0.05902666226029396,2752512,0.05868680775165558,0.0,168,0.05905482918024063,510.6460266113281,0.058697640895843506,0.0583171471953392,0.058092035353183746,0.05871211364865303,0.05900489538908005,0.05885976552963257,1.3798690476190487,0.05897049605846405,0.05852318927645683,0.05848795548081398,970,85,0.49286811682395637,0.7354810237884521,0.1,0.9014767408370972,0.0012751822,0.0,35.46190112233162,0.058584779500961304,0.02846221923828125,0.2,-0.002313445520121604,1e-06
-1.0,0.05835653841495514,0.05821904167532921,0.05925298109650612,0.05841915309429169,0.6037735849056604,0.05812418833374977,0.058398082852363586,802.74,0.0,1324,0.058419473469257355,22,0.05925298109650612,0.05877070873975754,0.05856643244624138,0.05834385007619858,0.058711595833301544,2176,0.058556172996759415,0.6037735849056604,0.05823158845305443,0.39622641509433965,0.05810130015015602,0.059042032808065414,2883584,0.05870673805475235,0.0,159,0.05906747281551361,520.4442749023438,0.058702874928712845,0.05834459885954857,0.05810130015015602,0.058725956827402115,0.05901826173067093,0.05888059735298157,1.3686163522012587,0.05899423360824585,0.058537133038043976,0.05850749462842941,980,96,0.45819907446857544,0.7941834926605225,0.1,0.9016955494880676,0.001306131,0.0,35.455654355883595,0.05859993398189545,0.03079376220703125,0.2,-0.0023747672617218996,1e-06
-1.0,0.0583641491830349,0.05823564529418945,0.05925871804356575,0.05843046307563782,0.5789473684210527,0.05813358724117279,0.05842026695609093,821.95,0.0,1385,0.05844360217452049,23,0.05925871804356575,0.05879203975200653,0.05858062207698822,0.05835304409265518,0.058726321905851364,2175,0.05857020244002342,0.5789473684210527,0.05824912711977959,0.42105263157894735,0.05811906233429909,0.05906267091631889,3014656,0.05872966721653938,0.0,152,0.05907740443944931,535.8680419921875,0.05872667208313942,0.05836451053619385,0.05811906233429909,0.05874423310160637,0.059038300067186356,0.058897219598293304,1.3929078947368432,0.05901569873094559,0.05855321139097214,0.05851765349507332,990,88,0.45706609189510344,0.7635111212730408,0.1,0.8907239437103271,0.0013092641,0.0,35.44896213710308,0.058616165071725845,0.029508209228515624,0.2,-0.00221911902976899,1e-06
-1.0,0.05837244167923927,0.05825921148061752,0.05927438661456108,0.05843975394964218,0.5833333333333334,0.05814151465892792,0.05842769145965576,841.22,0.0,1447,0.0584561713039875,24,0.05927438661456108,0.05880725011229515,0.05859724432229996,0.05836828052997589,0.058744847774505615,2173,0.05858447775244713,0.5833333333333334,0.05826159939169884,0.4166666666666667,0.058124009519815445,0.059081148356199265,3145728,0.05874336510896683,0.0,168,0.05909359082579613,541.6632690429688,0.058750323951244354,0.058391816914081573,0.058124009519815445,0.05875668674707413,0.05905307084321976,0.058916445821523666,1.371404761904763,0.059035543352365494,0.05856651812791824,0.058539364486932755,1000,98,0.44574498403817414,0.7867004871368408,0.1,0.8822603225708008,0.0012979372,0.0,35.442212611436844,0.058631472289562225,0.03030548095703125,0.2,-0.0023862899657615343,1e-06
-1.0,0.058385539799928665,0.0582711286842823,0.059292394667863846,0.05845111235976219,0.60431654676259,0.05816573649644852,0.05843847244977951,848.95,0.0,1508,0.05847182497382164,25,0.059292394667863846,0.05882732942700386,0.05859912931919098,0.058390580117702484,0.0587637722492218,2171,0.058599717915058136,0.60431654676259,0.05826343223452568,0.39568345323741005,0.0581478625535965,0.05910501629114151,3276800,0.05876048281788826,0.0,139,0.05910163372755051,552.948486328125,0.05876294896006584,0.05839678645133972,0.0581478625535965,0.058771368116140366,0.05906813591718674,0.05892793834209442,1.4041294964028785,0.059052787721157074,0.05858095735311508,0.05854639783501625,1010,84,0.4496721216477454,0.818515419960022,0.1,0.8977916240692139,0.0012715331,0.0,35.43590527176857,0.05864569544792175,0.02967529296875,0.2,-0.0024154819662726367,1e-06
-1.0,0.05839152634143829,0.05829191580414772,0.0593106634914875,0.0584709607064724,0.6529411764705882,0.058165278285741806,0.058448951691389084,875.75,0.0,1570,0.05848737061023712,26,0.0593106634914875,0.05884452909231186,0.058608490973711014,0.05840267613530159,0.05877907574176788,2170,0.05861515924334526,0.6529411764705882,0.05827696621417999,0.34705882352941175,0.058159567415714264,0.0591227188706398,3407872,0.05877338722348213,0.0,170,0.05912049114704132,571.9805908203125,0.05878692492842674,0.05841447412967682,0.058159567415714264,0.05878964439034462,0.05908694118261337,0.05893851816654205,1.403564705882354,0.059068191796541214,0.05860253795981407,0.058563780039548874,1020,111,0.4554667542921379,0.7283821105957031,0.1,0.878476083278656,0.0013491409,0.0,35.429672819375995,0.058660827577114105,0.033022308349609376,0.2,-0.0025703574423914686,1e-06
-1.0,0.058403901755809784,0.058314114809036255,0.059320248663425446,0.05847968906164169,0.4838709677419355,0.05818255990743637,0.058472730219364166,763.57,0.0,1631,0.05849799886345863,27,0.059320248663425446,0.058859698474407196,0.05862005054950714,0.05841774493455887,0.058785270899534225,2168,0.058628421276807785,0.4838709677419355,0.05828903988003731,0.5161290322580645,0.058174919337034225,0.05913805589079857,3538944,0.05878474935889244,0.0,155,0.0591406375169754,495.2823486328125,0.058814022690057755,0.05842253565788269,0.058174919337034225,0.05880725011229515,0.059110768139362335,0.05895945802330971,1.3989548387096784,0.059084080159664154,0.05861997976899147,0.058575160801410675,1030,75,0.43051196832675487,0.7657833695411682,0.1,0.8816672563552856,0.0012916811,0.0,35.42319682836533,0.05867612734436989,0.030092620849609376,0.2,-0.002291632302558355,1e-06
-1.0,0.05841097608208656,0.058328937739133835,0.059326231479644775,0.05850094184279442,0.5900621118012422,0.05820310860872269,0.058490242809057236,864.39,0.0,1693,0.05851246044039726,28,0.059326231479644775,0.058868005871772766,0.05862810090184212,0.05842863768339157,0.0587991327047348,2167,0.05863812193274498,0.5900621118012422,0.05829828232526779,0.40993788819875776,0.05819292366504669,0.05916641652584076,3670016,0.05879984796047211,0.0,161,0.05916409194469452,562.593994140625,0.05883551016449928,0.058437567204236984,0.05819292366504669,0.058834344148635864,0.059111908078193665,0.05897175893187523,1.3866459627329204,0.059092674404382706,0.05864756181836128,0.058592215180397034,1040,95,0.501933987531811,0.8785173892974854,0.1,0.8892437219619751,0.0013094647,0.0,35.41670887172222,0.058691199868917465,0.030466461181640626,0.2,-0.002252126371513441,1e-06
-1.0,0.05843637138605118,0.058343905955553055,0.0593407042324543,0.05851244926452637,0.5949367088607594,0.05820946395397186,0.05850887671113014,826.02,0.0,1754,0.058541808277368546,29,0.0593407042324543,0.05888120085000992,0.0586395338177681,0.058444827795028687,0.058813728392124176,2166,0.05865298584103584,0.5949367088607594,0.05831083655357361,0.4050632911392405,0.05820946395397186,0.05919061601161957,3801088,0.058820825070142746,0.0,158,0.05918456241488457,536.92041015625,0.058855023235082626,0.05845063924789429,0.0582171268761158,0.05884569510817528,0.05913505330681801,0.058982670307159424,1.396506329113925,0.05910593271255493,0.05866820365190506,0.0586061030626297,1050,94,0.40321536650881173,0.7569340467453003,0.1,0.8894886374473572,0.0013811996,0.0,35.40995583832264,0.05870796740055084,0.035184478759765624,0.2,-0.0024648448162224667,1e-06
-1.0,0.058450695127248764,0.05835382267832756,0.0593559704720974,0.05852609500288963,0.6040268456375839,0.05822019279003143,0.058511555194854736,813.5,0.0,1815,0.05856620892882347,30,0.0593559704720974,0.058895885944366455,0.05865684524178505,0.05846263840794563,0.058829210698604584,2165,0.05866529420018196,0.6040268456375839,0.058321498334407806,0.3959731543624161,0.05822019279003143,0.059206523001194,3932160,0.05885053426027298,0.0,149,0.05920252576470375,532.190185546875,0.05886298045516014,0.058461982756853104,0.058232493698596954,0.05887509509921074,0.05915564298629761,0.058982983231544495,1.4006040268456388,0.05913333222270012,0.05868672579526901,0.05862371250987053,1060,90,0.4154593638377264,0.7763205766677856,0.1,0.8999954462051392,0.0013302765,0.0,35.40307852327824,0.05872361734509468,0.03200607299804688,0.2,-0.00245312950673906,1e-06
-1.0,0.05846245586872101,0.05836816877126694,0.05937616899609566,0.058538611978292465,0.6060606060606061,0.0582365058362484,0.05852894112467766,858.4,0.0,1876,0.05858676880598068,31,0.05937616899609566,0.058913033455610275,0.05867333710193634,0.05848534777760506,0.058852121233940125,2165,0.058683451265096664,0.6060606060606061,0.05834023281931877,0.3939393939393939,0.05823236703872681,0.05921250581741333,4063232,0.058863162994384766,0.0,165,0.05922096595168114,560.5228271484375,0.05889196693897247,0.05848289281129837,0.05823236703872681,0.05889192596077919,0.05917847901582718,0.05900237709283829,1.3889212121212131,0.05915294960141182,0.05870680510997772,0.058644890785217285,1070,100,0.4237335711484775,0.8303983211517334,0.1,0.8878164291381836,0.0013040749,0.0,35.39599501490593,0.05874105542898178,0.030155181884765625,0.2,-0.002335663746885075,1e-06
-1.0,0.05847776308655739,0.05838784947991371,0.0593874529004097,0.05854370445013046,0.577922077922078,0.058256931602954865,0.05854952707886696,801.2,0.0,1937,0.05860422924160957,32,0.0593874529004097,0.058936312794685364,0.05869204178452492,0.058501217514276505,0.05885807052254677,2164,0.05869138613343239,0.577922077922078,0.058358319103717804,0.42207792207792205,0.058250751346349716,0.05923350527882576,4194304,0.05888020247220993,0.0,154,0.059240564703941345,517.4002075195312,0.0589066706597805,0.05849665775895119,0.058250751346349716,0.05889549106359482,0.059198278933763504,0.05901964008808136,1.3946233766233778,0.05916095897555351,0.058703575283288956,0.05866542086005211,1080,89,0.45954386158846317,0.7943720817565918,0.1,0.8824352025985718,0.0013299654,0.0,35.38914300203324,0.05875585973262787,0.0312347412109375,0.2,-0.0024222682068739234,1e-06
-1.0,0.05850236117839813,0.0583939328789711,0.05940920487046242,0.05856989696621895,0.5862068965517241,0.058278631418943405,0.058571167290210724,821.41,0.0,1998,0.05861932411789894,33,0.05940920487046242,0.05895555019378662,0.058713916689157486,0.058510828763246536,0.05887855961918831,2163,0.05869777873158455,0.5862068965517241,0.0583663173019886,0.41379310344827586,0.058258768171072006,0.05924604460597038,4325376,0.05889640375971794,0.0,174,0.05926080793142319,535.1795043945312,0.058920085430145264,0.05850603058934212,0.058258768171072006,0.058910518884658813,0.05921125039458275,0.0590398907661438,1.4197931034482767,0.05917453020811081,0.05872754007577896,0.05868067964911461,1090,102,0.46680308114737273,0.965002179145813,0.1,0.8920825123786926,0.0013355534,0.0,35.38256479203701,0.058772001415491104,0.0322998046875,0.2,-0.002454616732984505,1e-06
-1.0,0.058517638593912125,0.05841909721493721,0.05942254886031151,0.05858289822936058,0.5602836879432624,0.05828666314482689,0.05858144536614418,813.03,0.0,2059,0.05863700434565544,34,0.05942254886031151,0.05897505208849907,0.05873774737119675,0.05853023752570152,0.05889700725674629,2163,0.058705952018499374,0.5602836879432624,0.058383967727422714,0.4397163120567376,0.058276671916246414,0.059262827038764954,4456448,0.058917541056871414,0.0,141,0.05927416309714317,530.5812377929688,0.05893948674201965,0.058517973870038986,0.058276671916246414,0.05892309173941612,0.0592164471745491,0.05905540660023689,1.380340425531916,0.05918515473604202,0.05874192342162132,0.0586911179125309,1100,79,0.43370832412037996,0.8016530275344849,0.1,0.9004890322685242,0.0013484053,0.0,35.375909277796744,0.058787159621715546,0.03198089599609375,0.2,-0.002414535721982247,1e-06
-1.0,0.05853111669421196,0.05842948704957962,0.05944206193089485,0.058595623821020126,0.5606936416184971,0.058299366384744644,0.05860015004873276,826.1,0.0,2121,0.05865246802568436,35,0.05944206193089485,0.058992672711610794,0.05875937640666962,0.058554790914058685,0.058920830488204956,2162,0.058720413595438004,0.5606936416184971,0.05839898809790611,0.4393063583815029,0.05829247459769249,0.05927475541830063,4587520,0.058932505548000336,0.0,173,0.05927951633930206,538.98876953125,0.05894888937473297,0.058534059673547745,0.05829247459769249,0.05894482880830765,0.05923761427402496,0.059079937636852264,1.3933526011560704,0.059207748621702194,0.058757372200489044,0.058697767555713654,1110,97,0.4304792313603684,0.7104406356811523,0.1,0.8935014009475708,0.0013840344,0.0,35.36919623017311,0.05880339443683624,0.03548736572265625,0.2,-0.00260522201438107,1e-06
-1.0,0.058550894260406494,0.05844443663954735,0.05945857614278793,0.058589380234479904,0.6148648648648649,0.05831059813499451,0.058612823486328125,877.88,0.0,2182,0.05867034196853638,36,0.05945857614278793,0.058998774737119675,0.05876412242650986,0.0585651621222496,0.058938559144735336,2161,0.058737874031066895,0.6148648648648649,0.05840670317411423,0.38513513513513514,0.05830879136919975,0.05928739160299301,4718592,0.05894850939512253,0.0,148,0.05929943546652794,571.9449462890625,0.05896608158946037,0.05855436995625496,0.05830879136919975,0.0589599646627903,0.05925607681274414,0.0590892918407917,1.3864054054054065,0.0592213049530983,0.05877244845032692,0.058722708374261856,1120,91,0.4755095875589177,0.749954104423523,0.1,0.893481969833374,0.0013251853,0.0,35.36279899775982,0.05881737545132637,0.0306793212890625,0.2,-0.002458189875824246,1e-06
-1.0,0.05857784301042557,0.058450847864151,0.05947691947221756,0.05859577655792236,0.5838509316770186,0.058336853981018066,0.0586269274353981,826.56,0.0,2244,0.05868969112634659,37,0.05947691947221756,0.059016402810811996,0.0587770976126194,0.05858563631772995,0.058955706655979156,2160,0.05875396728515625,0.5838509316770186,0.05842026695609093,0.4161490683229814,0.05832560360431671,0.05929074063897133,4849664,0.05896050110459328,0.0,161,0.05931852385401726,538.2298583984375,0.05897675082087517,0.058569714426994324,0.05832560360431671,0.05897621810436249,0.05927206948399544,0.059108540415763855,1.3943975155279513,0.05924255773425102,0.058782633394002914,0.058737874031066895,1130,94,0.3971499756677076,0.7513024210929871,0.1,0.8966574668884277,0.0013180256,0.0,35.35651166141033,0.05883302539587021,0.031337738037109375,0.2,-0.00257604780172187,1e-06
-1.0,0.058586668223142624,0.05845930799841881,0.05949011072516441,0.05860801786184311,0.5321637426900585,0.0583486333489418,0.05863868072628975,828.95,0.0,2306,0.05870498716831207,38,0.05949011072516441,0.059021372348070145,0.05879826471209526,0.05859817937016487,0.058976203203201294,2159,0.05876517295837402,0.5321637426900585,0.058445341885089874,0.4678362573099415,0.05833631008863449,0.059307776391506195,4980736,0.05897045135498047,0.0,171,0.0593322291970253,539.0748901367188,0.05899452790617943,0.05858105421066284,0.05833631008863449,0.05898590758442879,0.05929429084062576,0.05912240967154503,1.4094853801169602,0.059263307601213455,0.05880259349942207,0.05875293165445328,1140,91,0.4499656463973224,0.8303450345993042,0.1,0.8926892280578613,0.0012814037,0.0,35.35015187263489,0.058847393840551376,0.031151580810546874,0.2,-0.00243152144475971,1e-06
-1.0,0.058596350252628326,0.05846799165010452,0.0595066100358963,0.05862312391400337,0.6081081081081081,0.05836321413516998,0.05866366997361183,834.5,0.0,2367,0.058715637773275375,39,0.0595066100358963,0.05902332812547684,0.05880818888545036,0.058617059141397476,0.05900096893310547,2159,0.0587799996137619,0.6081081081081081,0.05844879895448685,0.3918918918918919,0.05835062265396118,0.05932087078690529,5111808,0.058977484703063965,0.0,148,0.059351954609155655,542.9885864257812,0.05899322032928467,0.05858490988612175,0.05835062265396118,0.059004515409469604,0.05931937322020531,0.05913916975259781,1.4134594594594607,0.05927639454603195,0.05882357060909271,0.058769404888153076,1150,90,0.4779689688235521,0.7888270616531372,0.1,0.8931639194488525,0.0013261405,0.0,35.34416253566742,0.058861054480075836,0.03196563720703125,0.2,-0.0024580913968748064,1e-06
-1.0,0.05860491469502449,0.05848532170057297,0.059517279267311096,0.058649685233831406,0.6086956521739131,0.058380331844091415,0.05868196859955788,851.91,0.0,2428,0.0587242916226387,40,0.059517279267311096,0.059031419456005096,0.05882846564054489,0.058624424040317535,0.05902742221951485,2158,0.05880185216665268,0.6086956521739131,0.058460310101509094,0.391304347826087,0.058366235345602036,0.059334252029657364,5242880,0.058996062725782394,0.0,161,0.05935407429933548,556.2970581054688,0.059011973440647125,0.05860722064971924,0.058366235345602036,0.05902833864092827,0.05934043601155281,0.05915442854166031,1.3870931677018645,0.059284139424562454,0.05883980169892311,0.05877716839313507,1160,98,0.4827392932958901,0.7539206743240356,0.1,0.8710907697677612,0.0013023443,0.0,35.33801110088825,0.05887647718191147,0.030496978759765626,0.2,-0.0022436063782606654,1e-06
-1.0,0.05862979218363762,0.05849950388073921,0.05952898785471916,0.05867406353354454,0.6510067114093959,0.058394405990839005,0.05871197208762169,853.9,0.0,2490,0.0587422139942646,41,0.05952898785471916,0.05904386192560196,0.058849915862083435,0.05864322558045387,0.05903773754835129,2158,0.05880953371524811,0.6510067114093959,0.05847632884979248,0.348993288590604,0.05838941037654877,0.059352561831474304,5373952,0.059009455144405365,0.0,149,0.05937407538294792,559.3780517578125,0.0590275339782238,0.05862625315785408,0.05838941037654877,0.05904293432831764,0.05935748666524887,0.05916086211800575,1.4008322147651018,0.05930345132946968,0.05885534733533859,0.058783166110515594,1170,97,0.40478829564526675,0.729241132736206,0.1,0.8846542835235596,0.0012386193,0.0,35.33120146095753,0.05889296531677246,0.026575469970703126,0.2,-0.002208735976137177,1e-06
-1.0,0.05863703414797783,0.05850647762417793,0.05954398959875107,0.05868448689579964,0.5857988165680473,0.05841515585780144,0.058729976415634155,808.43,0.0,2552,0.058750562369823456,42,0.05954398959875107,0.059065911918878555,0.05887259542942047,0.058655012398958206,0.05905056372284889,2156,0.058823809027671814,0.5857988165680473,0.05849524959921837,0.41420118343195267,0.05841078236699104,0.05937478318810463,5505024,0.059025298804044724,0.0,169,0.05939561128616333,526.4443359375,0.05904816836118698,0.05863276869058609,0.05841078236699104,0.05906844511628151,0.059365637600421906,0.05917702615261078,1.3984142011834328,0.05932401120662689,0.05886859446763992,0.058789655566215515,1180,99,0.38859439610969276,0.7971348762512207,0.1,0.8845809102058411,0.0013294223,0.0,35.32440741956234,0.058908458799123764,0.03288192749023437,0.2,-0.002422798333554965,1e-06
-1.0,0.05864387005567551,0.058521877974271774,0.059549570083618164,0.05870833247900009,0.5974025974025974,0.05842132493853569,0.058742888271808624,826.75,0.0,2613,0.05876734480261803,43,0.059549570083618164,0.05908013507723808,0.05889014154672623,0.05866827070713043,0.05905892699956894,2156,0.05882403627038002,0.5974025974025974,0.05851755291223526,0.4025974025974026,0.05842132493853569,0.0593825988471508,5636096,0.05902351066470146,0.0,154,0.05941975861787796,539.5579833984375,0.05906461551785469,0.05863875150680542,0.058430686593055725,0.05908592417836189,0.059383574873209,0.059183645993471146,1.4011948051948062,0.059348784387111664,0.05888271704316139,0.058803435415029526,1190,92,0.44561127917841076,0.8798269033432007,0.1,0.899547278881073,0.0012884826,0.0,35.318336045742036,0.0589216910302639,0.02935638427734375,0.2,-0.002353757695209424,1e-06
-1.0,0.058649126440286636,0.05852832645177841,0.059573084115982056,0.05871541425585747,0.6025641025641025,0.058438222855329514,0.0587562657892704,857.52,0.0,2674,0.05879196897149086,44,0.059573084115982056,0.05909242108464241,0.058905646204948425,0.05868237465620041,0.059078458696603775,2156,0.05885324254631996,0.6025641025641025,0.058532875031232834,0.3974358974358974,0.058438222855329514,0.05939782038331032,5767168,0.05904083698987961,0.0,156,0.059442076832056046,560.0051879882812,0.05908810719847679,0.058653295040130615,0.05844135954976082,0.05910719931125641,0.059399377554655075,0.059202373027801514,1.3980641025641036,0.05937011167407036,0.05889467895030975,0.058820053935050964,1200,94,0.45462281233631074,0.8758116364479065,0.1,0.8939586877822876,0.0012753962,0.0,35.312051999568936,0.05893819034099579,0.02829132080078125,0.2,-0.0023663072834096965,1e-06
-1.0,0.05866255238652229,0.058546245098114014,0.05958667770028114,0.058734260499477386,0.5672514619883041,0.058445341885089874,0.058780014514923096,812.66,0.0,2735,0.05879829078912735,45,0.05958667770028114,0.05910488963127136,0.05893440172076225,0.05870263651013374,0.05910462141036987,2155,0.05886665731668472,0.5672514619883041,0.0585501529276371,0.4327485380116959,0.058445341885089874,0.059409771114587784,5898240,0.0590558722615242,0.0,171,0.059459228068590164,531.7399291992188,0.059102028608322144,0.05867248401045799,0.05845816433429718,0.05912631377577782,0.059420809149742126,0.05921397730708122,1.3992748538011706,0.059382326900959015,0.05890421196818352,0.05883890390396118,1210,97,0.39315547517035154,0.739351212978363,0.1,0.8978337049484253,0.0012998653,0.0,35.305070486664775,0.05895443260669708,0.030535125732421876,0.2,-0.0023906698932933067,1e-06
-1.0,0.05867919698357582,0.05856611207127571,0.05960536375641823,0.05874382704496384,0.567741935483871,0.05845964327454567,0.05879246070981026,793.21,0.0,2796,0.058813393115997314,46,0.05960536375641823,0.05911537632346153,0.05895281210541725,0.058712154626846313,0.059119757264852524,2155,0.05888478085398674,0.567741935483871,0.05855893716216087,0.432258064516129,0.05845964327454567,0.05942940711975098,6029312,0.059072643518447876,0.0,155,0.05947181582450867,514.746826171875,0.0591152049601078,0.05868745222687721,0.05847013741731644,0.059137776494026184,0.05943044275045395,0.059226639568805695,1.3943870967741947,0.05939739570021629,0.05892869830131531,0.05885272100567818,1220,88,0.4557663046754897,0.7763781547546387,0.1,0.8933955430984497,0.0013398633,0.0,35.29860641956329,0.05896896868944168,0.03272705078125,0.2,-0.0024558129457545874,1e-06
-1.0,0.058695875108242035,0.05857771635055542,0.05962756648659706,0.05875643342733383,0.6558441558441559,0.058479394763708115,0.05880383029580116,876.64,0.0,2858,0.058831118047237396,47,0.05962756648659706,0.05912397429347038,0.05897430703043938,0.058727163821458817,0.05914519354701042,2155,0.0588843859732151,0.6558441558441559,0.05857861042022705,0.34415584415584416,0.058479394763708115,0.05944237485527992,6160384,0.059089094400405884,0.0,154,0.05948253720998764,571.523681640625,0.059133727103471756,0.05870332196354866,0.05848073214292526,0.059155289083719254,0.05943997949361801,0.05924529582262039,1.4061298701298712,0.05941278859972954,0.058953821659088135,0.05886771157383919,1230,101,0.4675134822260588,0.8745181560516357,0.1,0.8847038149833679,0.0012664904,0.0,35.29221177995205,0.05898448824882507,0.0288055419921875,0.2,-0.0023019545868919523,1e-06
-1.0,0.05872010439634323,0.05859639123082161,0.059654880315065384,0.058781709522008896,0.6333333333333333,0.058491624891757965,0.058822520077228546,849.09,0.0,2919,0.05885617434978485,48,0.059654880315065384,0.05914938077330589,0.058992572128772736,0.05873270705342293,0.05916672945022583,2154,0.05889900401234627,0.6333333333333333,0.058600205928087234,0.36666666666666664,0.058491624891757965,0.05945487320423126,6291456,0.05910104140639305,0.0,150,0.059503912925720215,555.268798828125,0.0591544434428215,0.05872735753655434,0.05849858373403549,0.05917557328939438,0.05944792926311493,0.05926203727722168,1.395480000000001,0.05942259356379509,0.05896875262260437,0.05888810753822327,1240,95,0.4292570272926241,0.7447038888931274,0.1,0.8768717050552368,0.0012591798,0.0,35.28501690328121,0.059002771973609924,0.028733062744140624,0.2,-0.002363473045443243,1e-06
-1.0,0.05875210464000702,0.05861165001988411,0.05967111140489578,0.058791421353816986,0.5853658536585366,0.058503616601228714,0.05884066969156265,835.68,0.0,2981,0.05887064337730408,49,0.05967111140489578,0.059168532490730286,0.0590057410299778,0.05875007435679436,0.05918200686573982,2154,0.058908890932798386,0.5853658536585366,0.05862519145011902,0.4146341463414634,0.058503616601228714,0.059461623430252075,6422528,0.059109076857566833,0.0,164,0.059513360261917114,542.6627197265625,0.05917404964566231,0.05873297154903412,0.058510761708021164,0.05919311195611954,0.05945544317364693,0.059280041605234146,1.3990975609756109,0.05943312123417854,0.058985330164432526,0.05890040844678879,1250,96,0.406094657513313,0.7340531349182129,0.1,0.878980278968811,0.0013294094,0.0,35.27809690535069,0.05901723727583885,0.031329345703125,0.2,-0.002288258202133875,1e-06
-1.0,0.05876341089606285,0.05862962454557419,0.05968265235424042,0.058813560754060745,0.6423357664233577,0.05853092297911644,0.058859094977378845,828.27,0.0,3042,0.05888160690665245,50,0.05968265235424042,0.05918755382299423,0.05901101604104042,0.058761391788721085,0.05919693782925606,2153,0.05893386900424957,0.6423357664233577,0.058635059744119644,0.35766423357664234,0.0585208460688591,0.05948092043399811,6553600,0.059119813144207,0.0,137,0.059533827006816864,541.434326171875,0.059178564697504044,0.0587489940226078,0.0585208460688591,0.05920344591140747,0.05947384238243103,0.05929628387093544,1.403912408759125,0.05944595858454704,0.05900322273373604,0.05892553552985191,1260,88,0.43099013443570583,0.7640810012817383,0.1,0.8952746391296387,0.0013602849,0.0,35.27175848484039,0.05903271585702896,0.034809112548828125,0.2,-0.002605745123810266,1e-06
-1.0,0.05877610296010971,0.058648593723773956,0.05969259887933731,0.058823712170124054,0.6416184971098265,0.05854777991771698,0.05886922776699066,879.35,0.0,3104,0.05888818949460983,51,0.05969259887933731,0.059207141399383545,0.05902118608355522,0.05877597630023956,0.05921325460076332,2153,0.05894589424133301,0.6416184971098265,0.058650147169828415,0.3583815028901734,0.05853838846087456,0.0595058836042881,6684672,0.05913255736231804,0.0,173,0.05955296382308006,577.108642578125,0.05919338017702103,0.05876516178250313,0.05853838846087456,0.059214524924755096,0.05949297547340393,0.05931149795651436,1.3934104046242786,0.05946565046906471,0.0590180940926075,0.05894211679697037,1270,111,0.3991721356520429,0.7143933773040771,0.1,0.8784805536270142,0.0012799033,0.0,35.265276500582694,0.05904771760106087,0.028313446044921874,0.2,-0.002116869445535485,1e-06
-1.0,0.05878959968686104,0.058676231652498245,0.059702932834625244,0.05883149802684784,0.5138888888888888,0.05855892226099968,0.058877479285001755,790.33,0.0,3165,0.05889790877699852,52,0.059702932834625244,0.059223294258117676,0.059032220393419266,0.05880061909556389,0.05923372879624367,2153,0.058951474726200104,0.5138888888888888,0.05867113918066025,0.4861111111111111,0.05855892226099968,0.059524133801460266,6815744,0.05914201959967613,0.0,144,0.059581365436315536,516.21435546875,0.059206169098615646,0.058771464973688126,0.05855970457196236,0.059225212782621384,0.0595083124935627,0.059329088777303696,1.40276388888889,0.059487856924533844,0.05902719870209694,0.05895936116576195,1280,74,0.4741312758298591,0.8940287232398987,0.1,0.8813599348068237,0.0012748551,0.0,35.25893683135509,0.05906275659799576,0.03017120361328125,0.2,-0.0024541189826322806,1e-06
-1.0,0.05880687013268471,0.058691833168268204,0.059726011008024216,0.058845918625593185,0.5949367088607594,0.05857481062412262,0.0588827021420002,872.65,0.0,3227,0.058918245136737823,53,0.059726011008024216,0.059234436601400375,0.05905140936374664,0.05881796404719353,0.05926165729761124,2152,0.05897679552435875,0.5949367088607594,0.05868402495980263,0.4050632911392405,0.05857481062412262,0.05955713614821434,6946816,0.05914073437452316,0.0,158,0.05958838388323784,566.84228515625,0.05922615900635719,0.05879196897149086,0.058576907962560654,0.059239987283945084,0.05951990187168121,0.059332527220249176,1.4133670886075962,0.05950510501861572,0.05903885141015053,0.05897803232073784,1290,94,0.4562332658097148,0.7684286236763,0.1,0.8974210619926453,0.0012971633,0.0,35.252381798624995,0.05907874181866646,0.0297271728515625,0.2,-0.0023034231895962876,1e-06
-1.0,0.05881981551647186,0.05870624631643295,0.059742286801338196,0.05886808782815933,0.6153846153846154,0.05858767405152321,0.058898720890283585,810.54,0.0,3290,0.05894436314702034,54,0.059742286801338196,0.059236638247966766,0.05907493829727173,0.058832112699747086,0.05927767977118492,2150,0.058978285640478134,0.6153846153846154,0.05870029702782631,0.38461538461538464,0.05858597159385681,0.05956942215561867,7077888,0.05915489420294762,0.0,156,0.05961025133728981,534.8447875976562,0.05924296751618385,0.05880911648273468,0.05858597159385681,0.059253375977277756,0.059533827006816864,0.05934572592377663,1.3920384615384624,0.05952766537666321,0.05905391275882721,0.058999985456466675,1300,96,0.42661043161060663,0.7531286478042603,0.1,0.8968894481658936,0.0012437187,0.0,35.24572446346283,0.05909416824579239,0.024938201904296874,0.2,-0.0023204553157484043,1e-06
-1.0,0.05883578956127167,0.05871293693780899,0.05975882709026337,0.05888630822300911,0.6234567901234568,0.05859728530049324,0.058916110545396805,811.97,0.0,3351,0.05895484983921051,55,0.05975882709026337,0.059255510568618774,0.05909869074821472,0.058849286288022995,0.059285398572683334,2150,0.05899345874786377,0.6234567901234568,0.058719027787446976,0.3765432098765432,0.05859041213989258,0.05958807095885277,7208960,0.05916318669915199,0.0,162,0.059620387852191925,529.1797485351562,0.05926385894417763,0.05881573259830475,0.05859041213989258,0.05928025394678116,0.059561893343925476,0.05936427786946297,1.4153703703703715,0.05953947454690933,0.059061940759420395,0.0590139701962471,1310,101,0.436833014478907,0.8247897028923035,0.1,0.8871612548828125,0.0012998194,0.0,35.239328569173814,0.059109076857566833,0.031659698486328124,0.2,-0.0023781085120390343,1e-06
-1.0,0.058846116065979004,0.05874413624405861,0.05976858735084534,0.058899156749248505,0.5761589403973509,0.05860907956957817,0.05894467234611511,794.24,0.0,3413,0.05897817388176918,56,0.05976858735084534,0.05926474928855896,0.05911753326654434,0.058862630277872086,0.05930639058351517,2150,0.059010423719882965,0.5761589403973509,0.058736685663461685,0.423841059602649,0.05860907956957817,0.05959850177168846,7340032,0.05919015035033226,0.0,151,0.05963572487235069,517.727294921875,0.0592694990336895,0.058823361992836,0.05861105024814606,0.05929315835237503,0.059590473771095276,0.05938493460416794,1.388291390728478,0.05955556035041809,0.05907875671982765,0.05903409421443939,1320,87,0.4521193011896685,0.7024953365325928,0.1,0.8845634460449219,0.0012927632,0.0,35.23258572816849,0.05912613868713379,0.031171417236328124,0.2,-0.0023793476766513777,1e-06
-1.0,0.05885988101363182,0.05876926705241203,0.05978608876466751,0.05892014130949974,0.6506024096385542,0.058615073561668396,0.058963801711797714,842.71,0.0,3475,0.05899355933070183,57,0.05978608876466751,0.05927492305636406,0.05913645029067993,0.05887001380324364,0.059316374361515045,2149,0.05902479216456413,0.6506024096385542,0.05874178186058998,0.3493975903614458,0.058615073561668396,0.05961782857775688,7471104,0.059203218668699265,0.0,166,0.05965828150510788,550.5504760742188,0.059273313730955124,0.05883250758051872,0.058625079691410065,0.05930972844362259,0.05960307642817497,0.05940242111682892,1.3891807228915671,0.059571366757154465,0.05908804014325142,0.05905098468065262,1330,108,0.4605942925205454,0.8100433945655823,0.1,0.8874499797821045,0.001291358,0.0,35.225930851697925,0.059140320867300034,0.029392242431640625,0.2,-0.002405410504456995,1e-06
-1.0,0.05887709930539131,0.05878454074263573,0.059796880930662155,0.05894710496068001,0.6026490066225165,0.05863563343882561,0.05898347496986389,829.96,0.0,3536,0.05901272967457771,58,0.059796880930662155,0.059296153485774994,0.05915685370564461,0.05889400467276573,0.05931750684976578,2149,0.059047382324934006,0.6026490066225165,0.05875641852617264,0.3973509933774834,0.05863563343882561,0.05962233617901802,7602176,0.059215839952230453,0.0,151,0.05967317521572113,541.2305297851562,0.05929325893521309,0.05884175002574921,0.05863601341843605,0.05933244153857231,0.059608690440654755,0.05941779166460037,1.415735099337749,0.0595877580344677,0.059107568114995956,0.05907157063484192,1340,91,0.3730621768045239,0.694977343082428,0.1,0.9038436412811279,0.001276195,0.0,35.21951539516449,0.05915655940771103,0.0303466796875,0.2,-0.0024598703502761053,1e-06
-1.0,0.058895308524370193,0.0587962307035923,0.05980881303548813,0.058972928673028946,0.6217948717948718,0.058647170662879944,0.05899135023355484,840.17,0.0,3598,0.05902605876326561,59,0.05980881303548813,0.059315554797649384,0.059178732335567474,0.05891168490052223,0.0593271367251873,2149,0.059078291058540344,0.6217948717948718,0.05878404900431633,0.3782051282051282,0.058647170662879944,0.059633608907461166,7733248,0.059234730899333954,0.0,156,0.05968637764453888,552.5492553710938,0.05931247025728226,0.058852847665548325,0.05866024270653725,0.05934825912117958,0.05961964651942253,0.059423599392175674,1.3658846153846163,0.05959973856806755,0.05912690609693527,0.05908624827861786,1350,97,0.4362790648592636,0.7409678101539612,0.1,0.8964659571647644,0.0012981925,0.0,35.21265569031239,0.059172727167606354,0.031058502197265626,0.2,-0.002372762534832873,1e-06
-1.0,0.0589047335088253,0.058819882571697235,0.05981926620006561,0.058990027755498886,0.6225165562913907,0.05865313857793808,0.059003278613090515,866.06,0.0,3659,0.0590384267270565,60,0.05981926620006561,0.05933831259608269,0.05919609218835831,0.05891776829957962,0.05933903530240059,2148,0.05909637734293938,0.6225165562913907,0.05878981202840805,0.37748344370860926,0.05865313857793808,0.05964745581150055,7864320,0.059246089309453964,0.0,151,0.05969851836562157,564.6034545898438,0.05932306498289108,0.05886656045913696,0.05866168439388275,0.05936544016003609,0.05963220074772835,0.059444911777973175,1.397867549668875,0.05961127579212189,0.059139762073755264,0.059100423008203506,1360,94,0.4177922031842172,0.8130954504013062,0.1,0.8829988241195679,0.0012758247,0.0,35.20649699568749,0.05918573960661888,0.027368927001953126,0.2,-0.0022411287257455116,1e-06
-1.0,0.05891876295208931,0.05882849544286728,0.05983209237456322,0.0589967779815197,0.6153846153846154,0.058667685836553574,0.05901336297392845,861.46,0.0,3721,0.05905706807971001,61,0.05983209237456322,0.059350863099098206,0.059204574674367905,0.05892956629395485,0.05934983119368553,2148,0.059110935777425766,0.6153846153846154,0.05879681929945946,0.38461538461538464,0.058667685836553574,0.05966104194521904,7995392,0.05925796926021576,0.0,156,0.059718020260334015,564.18701171875,0.059349801391363144,0.05888374149799347,0.058674104511737823,0.05937078967690468,0.05965425446629524,0.05945887416601181,1.4014358974358985,0.05962207913398743,0.05916239693760872,0.059107907116413116,1370,96,0.41893326439894735,0.6531234979629517,0.1,0.8854147791862488,0.0013840746,0.0,35.200930434465405,0.05919911339879036,0.03623809814453125,0.2,-0.0025983216382428507,1e-06
-1.0,0.058938898146152496,0.05884062871336937,0.05985889956355095,0.05901605263352394,0.5987261146496815,0.058680497109889984,0.059013109654188156,849.9,0.0,3782,0.05907541885972023,62,0.05985889956355095,0.05936793237924576,0.05921652913093567,0.05893843248486519,0.059363048523664474,2148,0.05912484601140022,0.5987261146496815,0.05880787968635559,0.4012738853503185,0.058680497109889984,0.0596725195646286,8126464,0.059273991733789444,0.0,157,0.05974103510379791,556.644287109375,0.059364307671785355,0.05889720469713211,0.0586882084608078,0.05938973277807236,0.05967395752668381,0.0594816729426384,1.4106369426751602,0.05963768810033798,0.05918264389038086,0.05912548303604126,1380,94,0.43055614037439227,0.7283599972724915,0.1,0.8966666460037231,0.0012421333,0.0,35.1947986125946,0.059214819222688675,0.02806549072265625,0.2,-0.0024421738228738834,1e-06
-1.0,0.0589665025472641,0.05885423719882965,0.05987904220819473,0.05903990566730499,0.5822784810126582,0.05870344862341881,0.05902978777885437,810.18,0.0,3843,0.05908694118261337,63,0.05987904220819473,0.05938906967639923,0.05922286957502365,0.058951616287231445,0.059383049607276917,2148,0.059149183332920074,0.5822784810126582,0.058818720281124115,0.4177215189873418,0.05870344862341881,0.059683363884687424,8257536,0.05928618833422661,0.0,158,0.05976426973938942,530.6593017578125,0.05937570333480835,0.058908455073833466,0.05870829150080681,0.05941011384129524,0.05968666449189186,0.05949369817972183,1.4102658227848113,0.05964218080043793,0.059202808886766434,0.05913379788398743,1390,92,0.4418126563308761,0.7178447842597961,0.1,0.8868431448936462,0.0013155346,0.0,35.18809936642647,0.05923079326748848,0.031423187255859374,0.2,-0.0021791125588606517,1e-06
-1.0,0.05897233635187149,0.05887072905898094,0.0598856657743454,0.059049732983112335,0.5590062111801242,0.058718398213386536,0.05904746428132057,802.44,0.0,3905,0.059108439832925797,64,0.0598856657743454,0.05941329896450043,0.05923322215676308,0.058975204825401306,0.05940188467502594,2147,0.05916077643632889,0.5590062111801242,0.0588228702545166,0.4409937888198758,0.058718398213386536,0.05969804897904396,8388608,0.05930031090974808,0.0,161,0.059784580022096634,526.8096923828125,0.059391334652900696,0.05892716348171234,0.05873000621795654,0.059425778687000275,0.05970277637243271,0.05949876457452774,1.3922981366459637,0.05965958908200264,0.05923072248697281,0.05913817137479782,1400,90,0.4430101838894188,0.7957590818405151,0.1,0.8979576230049133,0.0013070682,0.0,35.18151587843895,0.05924588814377785,0.03032684326171875,0.2,-0.0023608502864590265,1e-06
-1.0,0.058991238474845886,0.058878377079963684,0.05989861860871315,0.059063754975795746,0.6153846153846154,0.058728549629449844,0.05905971676111221,842.07,0.0,3966,0.05912156403064728,65,0.05989861860871315,0.059420596808195114,0.05924398452043533,0.05898164585232735,0.05941082164645195,2147,0.05917919799685478,0.6153846153846154,0.05884004011750221,0.38461538461538464,0.058728549629449844,0.05971504747867584,8519680,0.059315454214811325,0.0,156,0.05979578197002411,557.0712890625,0.05940417945384979,0.05893773213028908,0.05874250829219818,0.05943929776549339,0.059709977358579636,0.05951947718858719,1.4245128205128215,0.05967899411916733,0.059247247874736786,0.05915294960141182,1410,96,0.4790978801203892,0.8096575140953064,0.1,0.8885188698768616,0.0013334842,0.0,35.17559956610203,0.059259071946144104,0.032260894775390625,0.2,-0.0025880914158733503,1e-06
-1.0,0.059009578078985214,0.05889445170760155,0.059918440878391266,0.059071630239486694,0.6282051282051282,0.058742061257362366,0.059080783277750015,861.37,0.0,4027,0.05912841483950615,66,0.059918440878391266,0.05943065509200096,0.05926169827580452,0.05899469554424286,0.05943635106086731,2147,0.0591885969042778,0.6282051282051282,0.05885172635316849,0.3717948717948718,0.058742061257362366,0.059733372181653976,8650752,0.05932551249861717,0.0,156,0.059811439365148544,563.9579467773438,0.05942422151565552,0.05895199626684189,0.05876214802265167,0.0594610832631588,0.05972703546285629,0.059531498700380325,1.4050897435897445,0.059699784964323044,0.0592661052942276,0.05917230248451233,1420,98,0.43871516748331485,0.7687758207321167,0.1,0.8849620819091797,0.001328628,0.0,35.169438001513484,0.059275027364492416,0.031481170654296876,0.2,-0.0023358508861747395,1e-06
-1.0,0.059026241302490234,0.05892196670174599,0.059939030557870865,0.05908910930156708,0.6375838926174496,0.058766044676303864,0.059091392904520035,863.22,0.0,4089,0.059144459664821625,67,0.059939030557870865,0.0594433955848217,0.05926493555307388,0.05901423841714859,0.05944615602493286,2147,0.05920691788196564,0.6375838926174496,0.05885897949337959,0.3624161073825503,0.058766044676303864,0.05974700301885605,8781824,0.05934201925992966,0.0,149,0.05982658267021179,570.4356079101562,0.05944909155368805,0.0589689202606678,0.058778487145900726,0.05946704000234604,0.0597536563873291,0.05955232307314873,1.4126308724832224,0.059709906578063965,0.059284508228302,0.05918663740158081,1430,95,0.3981961358105764,0.7489942312240601,0.1,0.8851867914199829,0.0013663493,0.0,35.162688598036766,0.059291161596775055,0.034259033203125,0.2,-0.0025291353006650754,1e-06
-1.0,0.059042129665613174,0.058939334005117416,0.05995609611272812,0.059106748551130295,0.6319018404907976,0.058780238032341,0.059113867580890656,841.62,0.0,4150,0.05917159467935562,68,0.05995609611272812,0.05945901572704315,0.059284407645463943,0.05902930721640587,0.0594606027007103,2147,0.059228040277957916,0.6319018404907976,0.05888018757104874,0.36809815950920244,0.058780238032341,0.059767916798591614,8912896,0.05935118719935417,0.0,163,0.05984354764223099,552.9871215820312,0.05945460498332977,0.05898745357990265,0.05879715457558632,0.059475503861904144,0.059779345989227295,0.05956345796585083,1.405840490797547,0.05972112715244293,0.05929440259933472,0.059199053794145584,1440,103,0.37981156720779835,0.7157946825027466,0.1,0.8827592730522156,0.0013322621,0.0,35.15583312809467,0.05930745601654053,0.03255615234375,0.2,-0.002251260478442418,1e-06
-1.0,0.059054166078567505,0.05894201621413231,0.059971850365400314,0.05911668762564659,0.5189873417721519,0.05878292769193649,0.059138212352991104,815.73,0.0,4212,0.05917368456721306,69,0.059971850365400314,0.059467874467372894,0.05929920822381973,0.05903879553079605,0.05946933478116989,2147,0.05924217402935028,0.5189873417721519,0.058899424970149994,0.4810126582278481,0.05878292769193649,0.05978067219257355,9043968,0.05937526375055313,0.0,158,0.05986904725432396,531.8611450195312,0.05947446823120117,0.05900375545024872,0.05881231278181076,0.059497587382793427,0.05978912487626076,0.05957846716046333,1.371860759493672,0.059739794582128525,0.05930885300040245,0.05922476202249527,1450,82,0.40593125438317657,0.8218225240707397,0.1,0.8851305246353149,0.001352433,0.0,35.14935104548931,0.059322014451026917,0.03200454711914062,0.2,-0.0023942391396758467,1e-06
-1.0,0.05906791239976883,0.05895823612809181,0.05998629331588745,0.059133078902959824,0.5911949685534591,0.05880095437169075,0.05914032831788063,805.55,0.0,4273,0.059189628809690475,70,0.05998629331588745,0.0594780258834362,0.05930272862315178,0.059056758880615234,0.05949269235134125,2146,0.05925671011209488,0.5911949685534591,0.05891084298491478,0.4088050314465409,0.05880095437169075,0.05978292599320412,9175040,0.05939492955803871,0.0,159,0.05987882614135742,527.19580078125,0.059486281126737595,0.05901594087481499,0.05882994085550308,0.0595131479203701,0.05980217084288597,0.05959226191043854,1.378427672955976,0.059759583324193954,0.05934152379631996,0.05924306437373161,1460,94,0.4598399923648685,0.7762104272842407,0.1,0.9038770198822021,0.0012642468,0.0,35.14320150017738,0.0593365915119648,0.027239990234375,0.2,-0.00218778357411793,1e-06
-1.0,0.059083011001348495,0.05897222459316254,0.060004159808158875,0.05914173647761345,0.6577181208053692,0.05882514268159866,0.05915496498346329,854.64,0.0,4334,0.05921135097742081,71,0.060004159808158875,0.059493742883205414,0.059321481734514236,0.05906933173537254,0.05951286479830742,2146,0.059267476201057434,0.6577181208053692,0.05891599878668785,0.3422818791946309,0.05882514268159866,0.05979648232460022,9306112,0.0594012588262558,0.0,149,0.05988660827279091,555.7593383789062,0.05950053781270981,0.05902746319770813,0.05884278938174248,0.0595368929207325,0.05981554463505745,0.05960956960916519,1.3984697986577193,0.05977260693907738,0.05935956537723541,0.059261005371809006,1470,98,0.4569424907211214,0.8079221844673157,0.1,0.8949009776115417,0.0013071221,0.0,35.13700925707817,0.0593513548374176,0.029294586181640624,0.2,-0.0022775110215206952,1e-06
-1.0,0.0590943768620491,0.0589849092066288,0.06001782417297363,0.059151917695999146,0.7297297297297297,0.05884605646133423,0.05917003005743027,888.84,0.0,4396,0.0592314712703228,72,0.06001782417297363,0.05950626730918884,0.05932553857564926,0.0590774305164814,0.05953110009431839,2146,0.05927266553044319,0.7297297297297297,0.058935102075338364,0.2702702702702703,0.05884605646133423,0.0598132498562336,9437184,0.05941463261842728,0.0,148,0.0599045567214489,583.4910278320312,0.05951286479830742,0.05903412029147148,0.05885586515069008,0.05955494940280914,0.05982945114374161,0.059623897075653076,1.406635135135136,0.05978614464402199,0.05936821550130844,0.05927731469273567,1480,108,0.4111767625901848,0.7064660787582397,0.1,0.8900207877159119,0.0012832447,0.0,35.131067767739296,0.05936479568481445,0.029872894287109375,0.2,-0.002275630557687691,1e-06
-1.0,0.059108566492795944,0.05900638550519943,0.06003144755959511,0.059171032160520554,0.6973684210526315,0.05885696038603783,0.059191249310970306,863.4,0.0,4457,0.05925057828426361,73,0.06003144755959511,0.05952702835202217,0.059333037585020065,0.05908598005771637,0.05954969674348831,2146,0.05928272753953934,0.6973684210526315,0.05895477905869484,0.3026315789473684,0.05885696038603783,0.059830792248249054,9568256,0.05943745747208595,0.0,152,0.0599166564643383,565.4496459960938,0.059525907039642334,0.059060025960206985,0.05887424945831299,0.05956709012389183,0.05984305962920189,0.0596378892660141,1.3981315789473696,0.059800274670124054,0.059386491775512695,0.05929173156619072,1490,106,0.3562703429255635,0.7824223637580872,0.1,0.8724839091300964,0.001249394,0.0,35.1248535066843,0.05938084423542023,0.027931976318359374,0.2,-0.002275888808298987,1e-06
-1.0,0.05912962555885315,0.05902138352394104,0.0600489117205143,0.059176716953516006,0.6470588235294118,0.05887332558631897,0.059213101863861084,846.62,0.0,4519,0.059256087988615036,74,0.0600489117205143,0.0595557875931263,0.05934540182352066,0.0590968020260334,0.05956369638442993,2146,0.059313856065273285,0.6470588235294118,0.05897914245724678,0.35294117647058826,0.05887332558631897,0.059845857322216034,9699328,0.059451233595609665,0.0,153,0.05992165580391884,553.7714233398438,0.059537529945373535,0.059070080518722534,0.058881957083940506,0.05958189070224762,0.0598578155040741,0.05964533984661102,1.3910849673202625,0.059810709208250046,0.05940847098827362,0.059299591928720474,1500,99,0.3689297240925953,0.6246459484100342,0.1,0.8845656514167786,0.0013071808,0.0,35.11838295757771,0.0593954361975193,0.028509521484375,0.2,-0.0022692169025503974,1e-06
-1.0,0.059148646891117096,0.059047337621450424,0.06006797030568123,0.059190671890974045,0.5949367088607594,0.0588810034096241,0.059224534779787064,842.31,0.0,4579,0.05926794558763504,75,0.06006797030568123,0.05958285927772522,0.05936269462108612,0.05911226198077202,0.059571750462055206,2146,0.05932272598147392,0.5949367088607594,0.05899281054735184,0.4050632911392405,0.0588810034096241,0.0598742738366127,9830400,0.05947041139006615,0.0,158,0.059931430965662,551.3035888671875,0.05956331267952919,0.05907469987869263,0.05889022722840309,0.059598471969366074,0.05987030640244484,0.05965503677725792,1.3892278481012668,0.059824246913194656,0.05942324548959732,0.05931640416383743,1510,94,0.3979759713402018,0.7626398801803589,0.1,0.8934679627418518,0.0013474778,0.0,35.11216886639595,0.05941060930490494,0.03225860595703125,0.2,-0.002409560795331345,1e-06
-1.0,0.059162482619285583,0.05905957520008087,0.060096707195043564,0.059213440865278244,0.6644295302013423,0.05890033766627312,0.05923648178577423,857.76,0.0,4641,0.05928676947951317,76,0.060096707195043564,0.05960056185722351,0.059380486607551575,0.059129711240530014,0.059583425521850586,2146,0.059341058135032654,0.6644295302013423,0.05901526287198067,0.33557046979865773,0.05889640375971794,0.05988730862736702,9961472,0.05949440971016884,0.0,149,0.05994319170713425,564.3163452148438,0.0595787949860096,0.05908705294132233,0.05889640375971794,0.05961211398243904,0.059873517602682114,0.05967062711715698,1.40026845637584,0.0598272979259491,0.059448838233947754,0.0593239851295948,1520,99,0.4218977125128731,0.7901645302772522,0.1,0.8982267379760742,0.0013170502,0.0,35.10572162270546,0.059425994753837585,0.0322113037109375,0.2,-0.0024622385969905736,1e-06
-1.0,0.05918926000595093,0.05906909331679344,0.060110948979854584,0.05922121927142143,0.6474358974358975,0.058906685560941696,0.059249378740787506,848.08,0.0,4703,0.05930940434336662,77,0.060110948979854584,0.05962003022432327,0.05939699709415436,0.05913988873362541,0.05959185212850571,2145,0.05936391279101372,0.6474358974358975,0.0590222142636776,0.3525641025641026,0.058905716985464096,0.05989440530538559,10092544,0.05950677767395973,0.0,156,0.05996022745966911,554.7086181640625,0.059586379677057266,0.059087757021188736,0.058905716985464096,0.05962133780121803,0.05989621952176094,0.05968814343214035,1.3925384615384626,0.05985233560204506,0.05946289747953415,0.05933602154254913,1530,101,0.39709936641156673,0.7096437215805054,0.1,0.8879594802856445,0.001271797,0.0,35.09964628815651,0.059439562261104584,0.02939605712890625,0.2,-0.0024796107656129608,1e-06
