train/action_std_19,train/action_std_17,train/action_std_22,train/action_std_16,train/action_std_03,rollout/recovery_noforce,train/action_std_00,train/action_std_20,rollout/episodes_noforce,train/action_std_01,train/action_std_05,train/action_std_13,time/iterations,rollout/ep_rew_mean,train/action_std_04,train/action_std_08,train/action_std_07,train/action_std_14,train/action_std_24,rollout/is_timeout_mean,train/std_min,train/action_std_06,time/time_elapsed,train/std_max,train/action_std_11,train/action_std_15,rollout/is_fall_mean,time/total_timesteps,train/action_std_18,rollout/force_onset_mean,train/action_std_23,train/action_std_12,rollout/force_requested_impulse_mean,rollout/force_direction_mean,rollout/action_saturation_fraction,rollout/ep_len_mean,train/action_std_09,train/action_std_10,train/action_std_21,train/action_std_02,time/fps,train/n_updates,rollout/timeouts,train/clip_fraction,train/value_loss,train/learning_rate,train/policy_gradient_loss,train/clip_range,train/clip_range_vf,rollout/timeout_without_onset_fraction,train/loss,train/approx_kl,train/entropy_loss,train/std,train/explained_variance
0.0699029192328453,0.07054408639669418,0.06987537443637848,0.07097891718149185,0.07158220559358597,0.0,0.0692969262599945,0.06949443370103836,2,0.06988092511892319,0.0706467255949974,0.07003813236951828,1,282.2633972167969,0.0700094923377037,0.06989851593971252,0.07028690725564957,0.06970163434743881,0.07065623998641968,0.0,0.0689530149102211,0.0706852525472641,24,0.07158220559358597,0.06972704827785492,0.0699203833937645,1.0,131072,0.0689530149102211,1.5140000000000011,0.07054299861192703,0.07091368734836578,0.0,-1.0,0.0,407.0,0.07097292691469193,0.07002116739749908,0.06978746503591537,0.06935752928256989,5311,,,,,,,,,,,,,,
0.06990973651409149,0.07055170834064484,0.06989968568086624,0.07098788768053055,0.0716109499335289,0.9724409448818898,0.06930030137300491,0.06951380521059036,254,0.06990756839513779,0.0706719234585762,0.07004456967115402,2,703.3970947265625,0.07002891600131989,0.06992312520742416,0.07031327486038208,0.06972993910312653,0.07067373394966125,0.9724409448818898,0.06897951662540436,0.07068756967782974,54,0.0716109499335289,0.06975158303976059,0.0699412077665329,0.027559055118110236,262144,0.06897951662540436,1.4313228346456703,0.07055730372667313,0.07093358039855957,0.0,-1.0,0.0,1000.0,0.07099736481904984,0.0700431540608406,0.06981194764375687,0.06937357038259506,4816,2310,247,0.026433563232421874,0.05867416130786296,1e-06,-0.002419688615373161,0.1,0.2,0.0,0.37793076038360596,0.001269299,30.953234754502773,0.07016575336456299,0.8256044983863831
0.069926418364048,0.07058027386665344,0.06992563605308533,0.07101068645715714,0.07163673639297485,0.4,0.06931893527507782,0.06953071057796478,5,0.06991993635892868,0.07068667560815811,0.07006044685840607,3,688.3875732421875,0.07004088908433914,0.06994915008544922,0.07033747434616089,0.06974737346172333,0.07068203389644623,0.4,0.06899203360080719,0.07070111483335495,83,0.07163673639297485,0.06975635886192322,0.06996337324380875,0.6,393216,0.06899203360080719,1.409600000000001,0.07058035582304001,0.07093273103237152,0.0,-1.0,0.0,978.23,0.07102008908987045,0.07006192952394485,0.06983541697263718,0.06939538568258286,4717,2320,2,0.031640625,0.08882397231063806,1e-06,-0.0024642534926897497,0.1,0.2,0.0,0.37565797567367554,0.0013640418,30.946727335453033,0.07018368691205978,0.8129925727844238
0.06994888186454773,0.0705994963645935,0.06993573904037476,0.07103019207715988,0.07165983319282532,0.9681274900398407,0.06933439522981644,0.06954397261142731,251,0.06994161754846573,0.07069689780473709,0.07007181644439697,4,704.467041015625,0.07005240768194199,0.06998310983181,0.07034508138895035,0.06976635754108429,0.07070811092853546,0.9681274900398407,0.06899639219045639,0.07071126997470856,113,0.07165983319282532,0.06978417187929153,0.06998710334300995,0.03187250996015936,524288,0.06899639219045639,1.4249402390438257,0.07060500979423523,0.07095717638731003,0.0,-1.0,0.0,1000.0,0.07104306668043137,0.07007595896720886,0.06985541433095932,0.06940750032663345,4613,2330,243,0.0310699462890625,0.05868653593643103,1e-06,-0.0022763274767385157,0.1,0.2,0.0,0.3552001118659973,0.001347905,30.940286660194396,0.07020163536071777,0.80280601978302
0.06995528936386108,0.07061903923749924,0.06996814906597137,0.07104717940092087,0.07168860733509064,0.45454545454545453,0.0693412721157074,0.0695488452911377,11,0.06996390968561172,0.07073229551315308,0.07008690387010574,5,680.8973999023438,0.07006655633449554,0.06999984383583069,0.07036788016557693,0.06977450102567673,0.07074379175901413,0.45454545454545453,0.06901776045560837,0.07072857767343521,142,0.07168860733509064,0.06980863213539124,0.07000841200351715,0.5454545454545454,655360,0.06901776045560837,1.5038181818181828,0.07062141597270966,0.07096902281045914,0.0,-1.0,0.0,965.3,0.07106681913137436,0.07009828835725784,0.06986979395151138,0.06941115111112595,4583,2340,5,0.0280853271484375,0.09271148042753338,1e-06,-0.002318573792854295,0.1,0.2,0.0,0.43198272585868835,0.0013470775,30.933834098279476,0.07022015750408173,0.8493491411209106
0.06997250020503998,0.07064197212457657,0.06999335438013077,0.07107825577259064,0.07170677930116653,0.983739837398374,0.06934163719415665,0.06956417113542557,246,0.06997662037611008,0.07076116651296616,0.07010107487440109,6,707.3616943359375,0.07008183002471924,0.07001705467700958,0.07038574665784836,0.06978432089090347,0.07075943052768707,0.983739837398374,0.06902561336755753,0.07073798775672913,173,0.07170677930116653,0.06983425468206406,0.0700220838189125,0.016260162601626018,786432,0.06902561336755753,1.422430894308944,0.07063911110162735,0.07098903506994247,0.0,-1.0,0.0,1000.0,0.07107546180486679,0.07010619342327118,0.06987599283456802,0.06942873448133469,4533,2350,242,0.030987548828125,0.08989485545462231,1e-06,-0.0023452351545529384,0.1,0.2,0.0,0.44699734449386597,0.0013170182,30.92773644030094,0.07023601233959198,0.770506739616394
0.06998815387487411,0.07066015154123306,0.07001792639493942,0.07109172642230988,0.07172955572605133,0.9166666666666666,0.06935122609138489,0.06957518309354782,12,0.06998948752880096,0.07078919559717178,0.07012046873569489,7,703.6738891601562,0.07010284811258316,0.0700295940041542,0.07039860635995865,0.06981224566698074,0.07077717781066895,0.9166666666666666,0.06903240084648132,0.07076513767242432,203,0.07172955572605133,0.06986003369092941,0.07004724442958832,0.08333333333333333,917504,0.06903240084648132,1.424000000000001,0.07065369933843613,0.07100729644298553,0.0,-1.0,0.0,994.58,0.07110589742660522,0.07012486457824707,0.06990103423595428,0.0694575086236,4517,2360,11,0.029462432861328124,0.06503044050914468,1e-06,-0.002600092960801703,0.1,0.2,0.0,0.3392964005470276,0.0013261612,30.921427050232886,0.07025554776191711,0.803472638130188
0.0699995830655098,0.07068392634391785,0.07002882659435272,0.07110710442066193,0.07175228744745255,0.9795081967213115,0.06936127692461014,0.06958883255720139,244,0.07001173496246338,0.07081490755081177,0.07014817744493484,8,705.2747802734375,0.07012183219194412,0.07005017250776291,0.07042640447616577,0.06982887536287308,0.0708029568195343,0.9795081967213115,0.06905423849821091,0.07079267501831055,233,0.07175228744745255,0.06988193839788437,0.07005754858255386,0.020491803278688523,1048576,0.06905423849821091,1.4218934426229517,0.07066058367490768,0.07102755457162857,0.0,-1.0,0.0,1000.0,0.07112883776426315,0.07012923061847687,0.06991499662399292,0.06947824358940125,4481,2370,239,0.030875396728515626,0.051882942012161946,1e-06,-0.00227281918787412,0.1,0.2,0.0,0.36501333117485046,0.0013412165,30.9145781442523,0.07027410715818405,0.762678861618042
0.07002034783363342,0.07070298492908478,0.07002879679203033,0.07111809402704239,0.07177720218896866,0.8235294117647058,0.06936796009540558,0.06961341202259064,17,0.0700269266963005,0.07084061950445175,0.07016674429178238,9,692.8148193359375,0.07014922797679901,0.07006986439228058,0.07045445591211319,0.06985023617744446,0.07082513719797134,0.8235294117647058,0.06906653940677643,0.07081213593482971,263,0.07177720218896866,0.06989408284425735,0.07007107138633728,0.17647058823529413,1179648,0.06906653940677643,1.436470588235295,0.07067499309778214,0.07104308158159256,0.0,-1.0,0.0,983.41,0.07114847004413605,0.0701514184474945,0.06993032246828079,0.06949789077043533,4472,2380,14,0.0305816650390625,0.049723187084600794,1e-06,-0.0024434530500911933,0.1,0.2,0.0,0.3663007318973541,0.0013277526,30.908124709129332,0.07029207795858383,0.868061900138855
0.0700429230928421,0.07072144746780396,0.07005403935909271,0.07114473730325699,0.07177762687206268,0.9748953974895398,0.069383904337883,0.0696195513010025,239,0.07004846632480621,0.07086222618818283,0.07019925117492676,10,706.0828247070312,0.07016568630933762,0.07008019089698792,0.07045821100473404,0.06987335532903671,0.07084878534078598,0.9748953974895398,0.06908414512872696,0.0708334669470787,295,0.07177762687206268,0.06991986930370331,0.07008535414934158,0.02510460251046025,1310720,0.06908414512872696,1.4261338912133905,0.07069285959005356,0.07105522602796555,0.0,-1.0,0.0,1000.0,0.07116298377513885,0.07016553729772568,0.06993725895881653,0.06951088458299637,4440,2390,233,0.02825469970703125,0.07768461732048308,1e-06,-0.0023066720428687403,0.1,0.2,0.0,0.39860665798187256,0.0013190934,30.901918770372866,0.070309117436409,0.7665696740150452
0.07006151229143143,0.07073669135570526,0.07006652653217316,0.07114694267511368,0.07178597897291183,0.7096774193548387,0.06940419971942902,0.06963379681110382,31,0.07008003443479538,0.07088397443294525,0.07021674513816833,11,674.8265380859375,0.07017640769481659,0.07008914649486542,0.07048743218183517,0.06988990306854248,0.0708579421043396,0.7096774193548387,0.06910441815853119,0.07084709405899048,325,0.07178597897291183,0.06994395703077316,0.07010321319103241,0.2903225806451613,1441792,0.06910441815853119,1.4143225806451625,0.07071252912282944,0.0710897147655487,0.0,-1.0,0.0,955.81,0.07118500024080276,0.07018263638019562,0.06995220482349396,0.06954000890254974,4432,2400,22,0.03272171020507812,0.06854008812078974,1e-06,-0.002585113011264184,0.1,0.2,0.0,0.3633645176887512,0.0013848736,30.89569173902273,0.07032711803913116,0.845734715461731
0.07008020579814911,0.07074742019176483,0.07008804380893707,0.07115752249956131,0.07181017100811005,0.947136563876652,0.06941606849431992,0.06965823471546173,227,0.07011924684047699,0.0709129124879837,0.07023081183433533,12,707.1493530273438,0.07020151615142822,0.0701005607843399,0.07050389796495438,0.06991023570299149,0.07087372988462448,0.947136563876652,0.06913453340530396,0.07087089866399765,356,0.07181017100811005,0.06996142119169235,0.07012996822595596,0.05286343612334802,1572864,0.06913453340530396,1.425127753303966,0.07073041796684265,0.07111161947250366,0.0,-1.0,0.0,1000.0,0.0712079256772995,0.07020775973796844,0.06996599584817886,0.06956249475479126,4408,2410,215,0.03532257080078125,0.11214177284564357,1e-06,-0.0026602486375850278,0.1,0.2,0.0,0.43603694438934326,0.0014623518,30.888863843679427,0.07034774124622345,0.8172765374183655
0.07009534537792206,0.07076746225357056,0.07010694593191147,0.07117493450641632,0.07182136923074722,0.8648648648648649,0.0694347620010376,0.06967732310295105,37,0.07013280689716339,0.07093801349401474,0.0702412948012352,13,685.123779296875,0.07021576166152954,0.0701245442032814,0.07051663100719452,0.06993190199136734,0.07089359313249588,0.8648648648648649,0.06914526224136353,0.07087565958499908,386,0.07182136923074722,0.06997901201248169,0.07015739381313324,0.13513513513513514,1703936,0.06914526224136353,1.4377297297297307,0.07074355334043503,0.07114100456237793,0.0,-1.0,0.0,967.08,0.07122000306844711,0.07022188603878021,0.06997890770435333,0.06957878172397614,4403,2420,32,0.02837677001953125,0.1243025708317873,1e-06,-0.0026951360673592717,0.1,0.2,0.0,0.39807021617889404,0.0013500298,30.882274870574474,0.0703645646572113,0.818985104560852
0.07011765986680984,0.07079160958528519,0.07011303305625916,0.07118262350559235,0.07183872908353806,0.9819004524886877,0.06945125013589859,0.06969272345304489,221,0.0701509490609169,0.07095576822757721,0.07025797665119171,14,701.238525390625,0.07023606449365616,0.07014653831720352,0.07053034752607346,0.06994309276342392,0.07090791314840317,0.9819004524886877,0.0691588968038559,0.07089251279830933,418,0.07183872908353806,0.07000250369310379,0.07018434256315231,0.01809954751131222,1835008,0.0691588968038559,1.4173212669683268,0.07077133655548096,0.07115735858678818,0.0,-1.0,0.0,990.11,0.07123755663633347,0.07023961842060089,0.06998608261346817,0.06960328668355942,4386,2430,217,0.03460617065429687,0.08044691519899061,1e-06,-0.0024969258584860653,0.1,0.2,0.0,0.3572814464569092,0.0013933016,30.87611947953701,0.07038199156522751,0.7303317785263062
0.07013911008834839,0.07081328332424164,0.07013768702745438,0.07119494676589966,0.07185814529657364,0.9285714285714286,0.06946752965450287,0.06971387565135956,42,0.07016604393720627,0.07097214460372925,0.07027841359376907,15,690.1752319335938,0.07025367021560669,0.07015719264745712,0.07055835425853729,0.06996256113052368,0.07092882692813873,0.9285714285714286,0.06917376816272736,0.0709027647972107,448,0.07185814529657364,0.07002244889736176,0.07020611315965652,0.07142857142857142,1966080,0.06917376816272736,1.4223333333333343,0.07077976316213608,0.071183942258358,0.0,-1.0,0.0,973.23,0.07125444710254669,0.0702555775642395,0.07001131772994995,0.06961626559495926,4384,2440,39,0.02838897705078125,0.050122377515072,1e-06,-0.002292557444798149,0.1,0.2,0.0,0.3607393503189087,0.0012567975,30.869711646437644,0.07040031999349594,0.8643340468406677
0.07015728950500488,0.07082608342170715,0.07014036178588867,0.07120804488658905,0.07187332212924957,0.9814814814814815,0.06947113573551178,0.0697379857301712,216,0.0701889768242836,0.07099330425262451,0.07028616964817047,16,712.6760864257812,0.07028193026781082,0.07017574459314346,0.07057079672813416,0.06997785717248917,0.0709521472454071,0.9814814814814815,0.06920856237411499,0.07092133909463882,480,0.07187332212924957,0.07003990560770035,0.07021740078926086,0.018518518518518517,2097152,0.06920856237411499,1.4289722222222234,0.0708000659942627,0.07120183110237122,0.0,-1.0,0.0,1000.0,0.07128085196018219,0.0702783465385437,0.07002559304237366,0.06963077932596207,4368,2450,212,0.0288848876953125,0.07724218522635055,1e-06,-0.0023364938957456615,0.1,0.2,0.0,0.41754230856895447,0.0013095364,30.86335169672966,0.07041782885789871,0.7201805114746094
0.07017681747674942,0.07085209339857101,0.07015658915042877,0.07122597843408585,0.0718861073255539,0.8695652173913043,0.06947576254606247,0.06974739581346512,46,0.07020139694213867,0.07100941985845566,0.07028555124998093,17,694.241943359375,0.07030089199542999,0.07019579410552979,0.07059095799922943,0.06999198347330093,0.07097216695547104,0.8695652173913043,0.0692303255200386,0.07092726975679398,510,0.0718861073255539,0.07003899663686752,0.07022759318351746,0.13043478260869565,2228224,0.0692303255200386,1.4366086956521749,0.07082214206457138,0.07121714949607849,0.0,-1.0,0.0,977.38,0.07129935920238495,0.07030733674764633,0.07004939764738083,0.06965307146310806,4364,2460,40,0.028582763671875,0.05514620809844928,1e-06,-0.002274000092438655,0.1,0.2,0.0,0.33285385370254517,0.0012734712,30.857475264370443,0.07043366134166718,0.8387183547019958
0.07020282000303268,0.07086991518735886,0.07016219198703766,0.07124197483062744,0.07191550731658936,0.9629629629629629,0.06949378550052643,0.06976629048585892,216,0.07021751999855042,0.07103623449802399,0.0702870562672615,18,703.701416015625,0.07031317800283432,0.07021793723106384,0.07060901820659637,0.07000233232975006,0.07098259031772614,0.9629629629629629,0.06925119459629059,0.07093251496553421,542,0.07191550731658936,0.07005240768194199,0.07024578750133514,0.037037037037037035,2359296,0.06925119459629059,1.433250000000001,0.07084968686103821,0.07122835516929626,0.0,-1.0,0.0,985.47,0.07131141424179077,0.07032821327447891,0.07007501274347305,0.0696803480386734,4350,2470,208,0.026474761962890624,0.09983607013418805,1e-06,-0.002340194888984115,0.1,0.2,0.0,0.3772464394569397,0.0012929166,30.851587957143785,0.07045093178749084,0.7824723720550537
0.07022011280059814,0.07089362293481827,0.07018078118562698,0.07127045094966888,0.0719231516122818,0.9183673469387755,0.06951375305652618,0.06978549063205719,49,0.07024446129798889,0.0710507407784462,0.07031075656414032,19,694.0578002929688,0.07033155113458633,0.07023945450782776,0.07062141597270966,0.07003140449523926,0.07101373374462128,0.9183673469387755,0.06925760209560394,0.07094499468803406,572,0.0719231516122818,0.07006966322660446,0.07027216255664825,0.08163265306122448,2490368,0.06925760209560394,1.430122448979593,0.0708773136138916,0.07125230878591537,0.0,-1.0,0.0,969.56,0.07132470607757568,0.07033656537532806,0.07011185586452484,0.06969808787107468,4352,2480,45,0.029521942138671875,0.0799081215809565,1e-06,-0.002431059816717607,0.1,0.2,0.0,0.3518996834754944,0.0013427325,30.84492955952883,0.07047104835510254,0.8698684573173523
0.0702393501996994,0.07092343270778656,0.07019195705652237,0.0712803527712822,0.07195157557725906,0.9811320754716981,0.06952394545078278,0.06979899853467941,212,0.07026998698711395,0.07107700407505035,0.07033096253871918,20,705.6896362304688,0.07035273313522339,0.07025059312582016,0.070643350481987,0.07004354149103165,0.07105311006307602,0.9811320754716981,0.06927154213190079,0.07096676528453827,603,0.07195157557725906,0.07009021192789078,0.07028436660766602,0.018867924528301886,2621440,0.06927154213190079,1.414301886792454,0.07089380919933319,0.07127660512924194,0.0,-1.0,0.0,986.68,0.07134591788053513,0.07035841792821884,0.07013287395238876,0.0697207823395729,4340,2490,208,0.03307418823242188,0.07430002764594974,1e-06,-0.002630904683883273,0.1,0.2,0.0,0.3543281555175781,0.0013625284,30.83785036355257,0.07049088180065155,0.7555687427520752
0.07026402652263641,0.07093633711338043,0.07021279633045197,0.07129728049039841,0.07197073847055435,0.8181818181818182,0.06954539567232132,0.06981605291366577,55,0.07029123604297638,0.07109354436397552,0.07034987956285477,21,669.2235717773438,0.0703699067234993,0.07026112824678421,0.07067054510116577,0.07005017250776291,0.07107725739479065,0.8181818181818182,0.06928358227014542,0.0709972158074379,634,0.07197073847055435,0.07011495530605316,0.07030600309371948,0.18181818181818182,2752512,0.06928358227014542,1.4222909090909102,0.07091127336025238,0.07130517065525055,0.0,-1.0,0.0,941.12,0.07136315107345581,0.07037695497274399,0.07015138864517212,0.06974796205759048,4340,2500,45,0.03601150512695313,0.07643605447083246,1e-06,-0.0026325771608753713,0.1,0.2,0.0,0.3435315787792206,0.0014032625,30.830883824825285,0.07051055878400803,0.7868895530700684
0.0702793151140213,0.07095322757959366,0.0702476054430008,0.0713268518447876,0.07198963314294815,0.9607843137254902,0.06956768780946732,0.0698411613702774,204,0.07031772285699844,0.07109905779361725,0.07036422193050385,22,714.43212890625,0.07039110362529755,0.07027958333492279,0.07069095224142075,0.07006416469812393,0.07109388709068298,0.9607843137254902,0.06930185109376907,0.07101169228553772,665,0.07198963314294815,0.07013526558876038,0.07031511515378952,0.0392156862745098,2883584,0.06930185109376907,1.4163137254901972,0.07092340290546417,0.07132601737976074,0.0,-1.0,0.0,995.6,0.07138578593730927,0.07040759921073914,0.07016073912382126,0.06977055221796036,4330,2510,196,0.031633758544921876,0.1063492647226667,1e-06,-0.002548103858589457,0.1,0.2,0.0,0.369662344455719,0.0013869943,30.82399736195803,0.0705297663807869,0.8403298258781433
0.07029488682746887,0.07098470628261566,0.07027421146631241,0.07134739309549332,0.07200047373771667,0.9272727272727272,0.06959180533885956,0.06986704468727112,55,0.07034780085086823,0.0711095780134201,0.07037904858589172,23,709.8213500976562,0.07041963934898376,0.07029500603675842,0.0707084983587265,0.07008545100688934,0.07110246270895004,0.9272727272727272,0.06932145357131958,0.0710366815328598,696,0.07200047373771667,0.07015445083379745,0.07034754753112793,0.07272727272727272,3014656,0.06932145357131958,1.4431636363636375,0.07092384248971939,0.07135659456253052,0.0,-1.0,0.0,988.17,0.07140808552503586,0.0704197883605957,0.07017883658409119,0.06979577243328094,4329,2520,51,0.03335723876953125,0.09554856705071871,1e-06,-0.0024653569299516675,0.1,0.2,0.0,0.43580353260040283,0.001409095,30.817022965848444,0.07055004686117172,0.8416988849639893
0.07031181454658508,0.0710020512342453,0.07029609382152557,0.07136362791061401,0.07202925533056259,0.970873786407767,0.06961711496114731,0.0698721781373024,206,0.07035087049007416,0.07113216817378998,0.07039019465446472,24,696.84326171875,0.0704222247004509,0.07032571732997894,0.07073082774877548,0.07009954005479813,0.07112805545330048,0.970873786407767,0.06933107227087021,0.07104726880788803,728,0.07202925533056259,0.07017574459314346,0.0703698918223381,0.02912621359223301,3145728,0.06933107227087021,1.4314563106796128,0.07093703001737595,0.07136435806751251,0.0,-1.0,0.0,975.65,0.0714244470000267,0.07043631374835968,0.07019460201263428,0.06981370598077774,4320,2530,200,0.025543975830078124,0.07298401533334982,1e-06,-0.0022070573651944867,0.1,0.2,0.0,0.3718782961368561,0.0012094574,30.810394552350044,0.07056664675474167,0.8022461533546448
0.07032191008329391,0.071014903485775,0.07032227516174316,0.07137640565633774,0.07203945517539978,0.9310344827586207,0.06963486224412918,0.06988563388586044,58,0.07037358731031418,0.07115438580513,0.07040733098983765,25,688.96875,0.07043971866369247,0.07033908367156982,0.07073783874511719,0.07011165469884872,0.0711466521024704,0.9310344827586207,0.0693439170718193,0.07107113301753998,758,0.07203945517539978,0.07019061595201492,0.0703732818365097,0.06896551724137931,3276800,0.0693439170718193,1.44344827586207,0.07095622271299362,0.07139531522989273,0.0,-1.0,0.0,963.75,0.07144449651241302,0.07046468555927277,0.07021135836839676,0.06984154880046844,4321,2540,54,0.033406829833984374,0.08442384976660833,1e-06,-0.0024434684209154512,0.1,0.2,0.0,0.3764241337776184,0.0013390852,30.804390159249305,0.07058393210172653,0.8245481848716736
0.07034213095903397,0.0710340216755867,0.07034143805503845,0.07138852030038834,0.07205495238304138,0.9707317073170731,0.06966432929039001,0.06989973038434982,205,0.07039465755224228,0.07117433845996857,0.07040830701589584,26,690.564453125,0.07044994831085205,0.07035526633262634,0.07075654715299606,0.0701265037059784,0.07117217779159546,0.9707317073170731,0.06935945898294449,0.07108736038208008,789,0.07205495238304138,0.070209801197052,0.07038940489292145,0.02926829268292683,3407872,0.06935945898294449,1.4413658536585379,0.07096312940120697,0.07141860574483871,0.0,-1.0,0.0,972.17,0.07145704329013824,0.07048452645540237,0.0702381283044815,0.06985853612422943,4314,2550,199,0.029436492919921876,0.08900342523120344,1e-06,-0.002440639738779282,0.1,0.2,0.0,0.3762779235839844,0.0012921041,30.798316943645478,0.07060115039348602,0.7418272495269775
0.07036328315734863,0.07104809582233429,0.07036752253770828,0.07140348851680756,0.07206403464078903,0.84375,0.06968031078577042,0.06992878764867783,64,0.07040669769048691,0.07120052725076675,0.07042736560106277,27,659.0867309570312,0.0704709142446518,0.07037180662155151,0.0707702785730362,0.07014956325292587,0.07119465619325638,0.84375,0.06937780231237411,0.07109957933425903,819,0.07206403464078903,0.07022695988416672,0.0704062283039093,0.15625,3538944,0.06937780231237411,1.421437500000001,0.0709870234131813,0.07144065946340561,0.0,-1.0,0.0,922.98,0.0714612752199173,0.07049699127674103,0.07026319950819016,0.06988575309515,4316,2560,54,0.03070526123046875,0.08097807517478942,1e-06,-0.0024618208277388475,0.1,0.2,0.0,0.3826965093612671,0.001341671,30.791961522400378,0.07061970978975296,0.8321196436882019
0.07038920372724533,0.07107362896203995,0.07039275020360947,0.07141698896884918,0.07208436727523804,0.9601990049751243,0.06970229744911194,0.06995468586683273,201,0.07042904198169708,0.07122784852981567,0.07043926417827606,28,703.7955322265625,0.07049565017223358,0.07039598375558853,0.07078879326581955,0.0701737031340599,0.07121706008911133,0.9601990049751243,0.06940582394599915,0.07110844552516937,851,0.07208436727523804,0.07023905217647552,0.07041943818330765,0.03980099502487562,3670016,0.06940582394599915,1.4377512437810958,0.07101099193096161,0.0714605376124382,0.0,-1.0,0.0,982.72,0.07148003578186035,0.07052261382341385,0.07028008997440338,0.06991489976644516,4310,2570,193,0.03739776611328125,0.1261043728911318,1e-06,-0.0025803369308050605,0.1,0.2,0.0,0.41909778118133545,0.0014518402,30.78495877236128,0.0706409215927124,0.8221185803413391
0.07040578871965408,0.0711064487695694,0.0704072117805481,0.07143191993236542,0.0720987543463707,0.9365079365079365,0.06973547488451004,0.06998261064291,63,0.07044710963964462,0.07125354558229446,0.07044492661952972,29,691.4829711914062,0.07051263004541397,0.07041193544864655,0.07079813629388809,0.07019657641649246,0.07123757898807526,0.9365079365079365,0.06941795349121094,0.07112087309360504,881,0.0720987543463707,0.07026693969964981,0.07044722884893417,0.06349206349206349,3801088,0.06941795349121094,1.4336825396825408,0.07103120535612106,0.07149049639701843,0.0,-1.0,0.0,964.42,0.07150477916002274,0.07054627686738968,0.07029663026332855,0.06993754208087921,4309,2580,59,0.03479766845703125,0.0908138876184239,1e-06,-0.00263295730601385,0.1,0.2,0.0,0.39190250635147095,0.0013959856,30.777602362632752,0.07066122442483902,0.8237753510475159
0.07041715085506439,0.07111997157335281,0.07042182236909866,0.07146091014146805,0.07211922854185104,0.9748743718592965,0.06975416839122772,0.06999702751636505,199,0.07045255601406097,0.07128096371889114,0.07045965641736984,30,702.1486206054688,0.07052459567785263,0.0704289898276329,0.07082241773605347,0.07020653039216995,0.07126505672931671,0.9748743718592965,0.06944002211093903,0.07113765925168991,913,0.07211922854185104,0.07028426229953766,0.07046609371900558,0.02512562814070352,3932160,0.06944002211093903,1.4328442211055286,0.07104536890983582,0.07150699943304062,0.0,-1.0,0.0,976.39,0.07152379304170609,0.07056190073490143,0.07029915601015091,0.06995542347431183,4305,2590,194,0.0293304443359375,0.0733227332792012,1e-06,-0.002397627654590906,0.1,0.2,0.0,0.3613938093185425,0.0013039217,30.770990878343582,0.07067806273698807,0.7842447757720947
0.07043162733316422,0.07114548236131668,0.07042128592729568,0.07148025184869766,0.07214634865522385,0.9295774647887324,0.06977696716785431,0.07001932710409164,71,0.07047948241233826,0.07131039351224899,0.07048071175813675,31,681.9385986328125,0.07052721828222275,0.07045987993478775,0.07084361463785172,0.07021937519311905,0.07129842042922974,0.9295774647887324,0.0694555714726448,0.07114500552415848,943,0.07214634865522385,0.07030320167541504,0.0704878717660904,0.07042253521126761,4063232,0.0694555714726448,1.4082535211267617,0.07106298208236694,0.07152130454778671,0.0,-1.0,0.0,950.13,0.0715365782380104,0.07058566063642502,0.07033030688762665,0.06997571885585785,4304,2600,66,0.033686065673828126,0.08684949631860946,1e-06,-0.002498608928908652,0.1,0.2,0.0,0.3671964108943939,0.0013637426,30.764558325707913,0.07069778442382812,0.8153392672538757
0.07045833021402359,0.07116834819316864,0.07043643295764923,0.0714862197637558,0.07216126471757889,0.9897435897435898,0.06980004906654358,0.07004587352275848,195,0.070500947535038,0.07132912427186966,0.07050158083438873,32,705.14404296875,0.07055186480283737,0.07048913091421127,0.07084520161151886,0.07024047523736954,0.07132043689489365,0.9897435897435898,0.06946700066328049,0.07115915417671204,975,0.07216126471757889,0.070302814245224,0.07050568610429764,0.010256410256410256,4194304,0.06946700066328049,1.421856410256411,0.07108569890260696,0.07154011726379395,0.0,-1.0,0.0,988.1,0.07155632227659225,0.07062038779258728,0.07034246623516083,0.06999314576387405,4300,2610,193,0.03444671630859375,0.06558810296555748,1e-06,-0.0026159947799897056,0.1,0.2,0.0,0.41684043407440186,0.001383118,30.757733631134034,0.07071632146835327,0.8033699989318848
0.07047595828771591,0.07118134200572968,0.07044854015111923,0.07149820029735565,0.07218620181083679,0.8717948717948718,0.06982020288705826,0.07006318122148514,78,0.0705147311091423,0.07134676724672318,0.07051365077495575,33,685.85888671875,0.07055334001779556,0.0705108791589737,0.07086533308029175,0.0702543780207634,0.07132531702518463,0.8717948717948718,0.0694940835237503,0.07118333131074905,1006,0.07218620181083679,0.0703195109963417,0.07053057104349136,0.1282051282051282,4325376,0.0694940835237503,1.4117435897435908,0.0711035281419754,0.07155591249465942,0.0,-1.0,0.0,955.08,0.07157720625400543,0.07064177095890045,0.07035678625106812,0.07001948356628418,4297,2620,68,0.031520843505859375,0.05615685176308034,1e-06,-0.0024718617016333154,0.1,0.2,0.0,0.4060235619544983,0.0012835622,30.751402404904365,0.07073360681533813,0.8097281455993652
0.07051156461238861,0.07120591402053833,0.07048170268535614,0.0715220719575882,0.0722062885761261,0.972972972972973,0.06983696669340134,0.07008969783782959,185,0.07053171098232269,0.07135876268148422,0.07052265107631683,34,710.1871948242188,0.070579893887043,0.07052681595087051,0.07089367508888245,0.07027223706245422,0.07133404165506363,0.972972972972973,0.06951386481523514,0.07120935618877411,1037,0.0722062885761261,0.07033684849739075,0.07054242491722107,0.02702702702702703,4456448,0.06951386481523514,1.4378594594594605,0.07112864404916763,0.07157490402460098,0.0,-1.0,0.0,983.8,0.0716027021408081,0.07066724449396133,0.0703667402267456,0.07002940773963928,4293,2630,180,0.0311614990234375,0.13066212504636496,1e-06,-0.0025041139138920697,0.1,0.2,0.0,0.4493861496448517,0.0013364778,30.744821602106093,0.07075384259223938,0.7951993346214294
0.07052728533744812,0.07122021913528442,0.07050437480211258,0.07154253125190735,0.07222019881010056,0.9166666666666666,0.0698484554886818,0.07009360939264297,84,0.07054591923952103,0.07137999683618546,0.07054755091667175,35,699.6110229492188,0.07059375196695328,0.07055065035820007,0.07091458886861801,0.07029777020215988,0.07134610414505005,0.9166666666666666,0.06953397393226624,0.07123278826475143,1068,0.07222019881010056,0.07036294788122177,0.07056501507759094,0.08333333333333333,4587520,0.06953397393226624,1.4195714285714298,0.07114312052726746,0.07159657776355743,0.0,-1.0,0.0,968.71,0.07162372022867203,0.07068678736686707,0.07039032876491547,0.07004791498184204,4291,2640,77,0.03107452392578125,0.08170421325485222,1e-06,-0.0023971537901161357,0.1,0.2,0.0,0.3779028356075287,0.0013292325,30.737903252243996,0.07077264785766602,0.7959139943122864
0.0705394297838211,0.0712459459900856,0.07052505016326904,0.07154814898967743,0.07224906235933304,0.9402173913043478,0.06986919790506363,0.07012111693620682,184,0.07056465744972229,0.07140587270259857,0.07057877629995346,36,688.244873046875,0.07061504572629929,0.07056912034749985,0.0709538534283638,0.07030759006738663,0.07137484103441238,0.9402173913043478,0.0695609524846077,0.07125294953584671,1100,0.07224906235933304,0.07037663459777832,0.0705808624625206,0.059782608695652176,4718592,0.0695609524846077,1.4240108695652183,0.07116466760635376,0.0716082751750946,0.0,-1.0,0.0,952.93,0.07164548337459564,0.07070733606815338,0.07039391994476318,0.07007387280464172,4289,2650,173,0.036529541015625,0.09178945675084833,1e-06,-0.002561821755080018,0.1,0.2,0.0,0.43294385075569153,0.0014237921,30.730941911041736,0.07079330831766129,0.8031730055809021
0.07056032121181488,0.07126253098249435,0.07053828239440918,0.07156633585691452,0.07228042185306549,0.9634146341463414,0.06987900286912918,0.07013902813196182,82,0.07058963179588318,0.07143151015043259,0.0706014484167099,37,684.9891357421875,0.07062895596027374,0.07058355957269669,0.07097231596708298,0.07032953947782516,0.07137992978096008,0.9634146341463414,0.06958173215389252,0.07127950340509415,1131,0.07228042185306549,0.07039089500904083,0.0705954059958458,0.036585365853658534,4849664,0.06958173215389252,1.412926829268294,0.07119397073984146,0.071629598736763,0.0,-1.0,0.0,951.06,0.07165627926588058,0.07072717696428299,0.07041796296834946,0.07009667903184891,4287,2660,79,0.0304290771484375,0.11331388774851803,1e-06,-0.002357136688533501,0.1,0.2,0.0,0.4280816316604614,0.0013807721,30.72393959760666,0.07081247866153717,0.8382855653762817
0.07059047371149063,0.07127194106578827,0.07055971771478653,0.07158038020133972,0.07230586558580399,0.9301075268817204,0.06989692151546478,0.07015524804592133,186,0.07059670239686966,0.07145273685455322,0.07061541825532913,38,682.3001708984375,0.07064905017614365,0.07061225175857544,0.07098663598299026,0.07034620642662048,0.07139737904071808,0.9301075268817204,0.06960039585828781,0.07128897309303284,1162,0.07230586558580399,0.07040593773126602,0.07060308009386063,0.06989247311827956,4980736,0.06960039585828781,1.4406021505376356,0.07120903581380844,0.07166890799999237,0.0,-1.0,0.0,948.27,0.07168196141719818,0.07074536383152008,0.07044152170419693,0.07011818885803223,4285,2670,173,0.03468170166015625,0.0820138083101483,1e-06,-0.0024416944002950912,0.1,0.2,0.0,0.364344984292984,0.0013996861,30.71719714552164,0.07083120942115784,0.7696328163146973
0.07060947269201279,0.07129845768213272,0.07056109607219696,0.07159944623708725,0.07233734428882599,0.9310344827586207,0.06992147117853165,0.07017634809017181,87,0.07061135768890381,0.07146437466144562,0.07062838226556778,39,702.7489624023438,0.07066909223794937,0.07063320279121399,0.07100895792245865,0.07037781178951263,0.07141853123903275,0.9310344827586207,0.06960280984640121,0.07131227850914001,1193,0.07233734428882599,0.07043055444955826,0.07063045352697372,0.06896551724137931,5111808,0.06960280984640121,1.4300689655172423,0.07122138887643814,0.07168534398078918,0.0,-1.0,0.0,970.31,0.07170537859201431,0.0707675963640213,0.07045802474021912,0.07013574987649918,4283,2680,81,0.03133544921875,0.15160322858719155,1e-06,-0.002369345549141144,0.1,0.2,0.0,0.43195033073425293,0.0013801047,30.71058060377836,0.07085058838129044,0.8654239177703857
0.07062990218400955,0.07132232934236526,0.07057592272758484,0.0716085284948349,0.07236864417791367,0.9774011299435028,0.0699438825249672,0.070195272564888,177,0.07063092291355133,0.07147740572690964,0.07065027952194214,40,714.476806640625,0.07069201022386551,0.07065440714359283,0.0710202008485794,0.07040609419345856,0.07143957167863846,0.9774011299435028,0.06962453573942184,0.07132865488529205,1224,0.07236864417791367,0.07044436782598495,0.07065405696630478,0.022598870056497175,5242880,0.06962453573942184,1.430361581920905,0.07125687599182129,0.07170119136571884,0.0,-1.0,0.0,989.56,0.07172521948814392,0.07078919559717178,0.07048265635967255,0.07015810906887054,4281,2690,173,0.0293121337890625,0.08086542935052421,1e-06,-0.0022641614903477604,0.1,0.2,0.0,0.37366336584091187,0.0013062734,30.703415195643903,0.07087121158838272,0.8372012376785278
0.07064603269100189,0.07135047763586044,0.07058730721473694,0.0716230571269989,0.07238145917654037,0.9418604651162791,0.06995782256126404,0.07021122425794601,86,0.07065492868423462,0.07148857414722443,0.0706782415509224,41,711.673583984375,0.07071306556463242,0.07066158205270767,0.07103222608566284,0.07044506072998047,0.07144934684038162,0.9418604651162791,0.06964163482189178,0.07135576754808426,1255,0.07238145917654037,0.07046347111463547,0.0706670880317688,0.05813953488372093,5373952,0.06964163482189178,1.4409534883720942,0.07128728926181793,0.0717080682516098,0.0,-1.0,0.0,983.37,0.07172530144453049,0.07080882787704468,0.07049001753330231,0.07016286253929138,4279,2700,81,0.0336090087890625,0.08558441863278858,1e-06,-0.0025263233392252005,0.1,0.2,0.0,0.3935074806213379,0.0013822436,30.696923336386682,0.07088763266801834,0.7836276292800903
0.07067201286554337,0.07137315720319748,0.0705999881029129,0.07164528220891953,0.07239212840795517,0.9886363636363636,0.06997767090797424,0.07022180408239365,176,0.0706656277179718,0.07149606943130493,0.07070160657167435,42,714.8223266601562,0.07073038816452026,0.0706750825047493,0.07105512917041779,0.07045096904039383,0.0714641809463501,0.9886363636363636,0.06965373456478119,0.07137591391801834,1286,0.07239212840795517,0.07047012448310852,0.0706748366355896,0.011363636363636364,5505024,0.06965373456478119,1.443068181818183,0.07131713628768921,0.07172498852014542,0.0,-1.0,0.0,989.45,0.07173783332109451,0.0708223357796669,0.07051604241132736,0.07016943395137787,4278,2710,174,0.03374786376953125,0.06678360310761491,1e-06,-0.0025226131641829853,0.1,0.2,0.0,0.3618728220462799,0.001341192,30.691231605410575,0.07090333849191666,0.8549407720565796
0.07069329917430878,0.07138743251562119,0.07060407102108002,0.07165347784757614,0.07241697609424591,0.9619565217391305,0.06998594850301743,0.07023762166500092,184,0.07068099081516266,0.07151438295841217,0.0707300454378128,43,725.9395141601562,0.07075698673725128,0.07068896293640137,0.07107432186603546,0.07047506421804428,0.07147078216075897,0.9619565217391305,0.06967037916183472,0.07139420509338379,1317,0.07241697609424591,0.07049571722745895,0.07069478183984756,0.03804347826086957,5636096,0.06967037916183472,1.4483260869565229,0.07133831828832626,0.07173307985067368,0.0,-1.0,0.0,998.05,0.07175837457180023,0.0708344429731369,0.07052609324455261,0.07020170986652374,4276,2720,177,0.034136199951171876,0.060508757720526773,1e-06,-0.0022986100335401715,0.1,0.2,0.0,0.3696768283843994,0.0013778214,30.685407327115534,0.07092069834470749,0.7830891013145447
0.07071864604949951,0.07139422744512558,0.07062875479459763,0.07167046517133713,0.07243654876947403,0.9259259259259259,0.07000605762004852,0.0702512264251709,81,0.07070744037628174,0.07154753804206848,0.07074107974767685,44,704.5742797851562,0.07076416909694672,0.07071047276258469,0.0710969865322113,0.07050691545009613,0.07149922847747803,0.9259259259259259,0.06967802345752716,0.07141251116991043,1348,0.07243654876947403,0.07052773982286453,0.07071144878864288,0.07407407407407407,5767168,0.06967802345752716,1.4362716049382727,0.07136059552431107,0.0717497244477272,0.0,-1.0,0.0,971.52,0.07177814096212387,0.07084932178258896,0.07054753601551056,0.0702219009399414,4275,2730,75,0.03113555908203125,0.0979771292215446,1e-06,-0.0025402026304163884,0.1,0.2,0.0,0.4265807271003723,0.00133365,30.678884562849998,0.07094066590070724,0.8214618563652039
0.07074399292469025,0.07139422744512558,0.07064834237098694,0.071675606071949,0.07245209068059921,0.9717514124293786,0.0700262188911438,0.0702657625079155,177,0.07072605192661285,0.07156898081302643,0.07075929641723633,45,723.9075927734375,0.07078215479850769,0.07072252780199051,0.07111119478940964,0.0705292597413063,0.07152408361434937,0.9717514124293786,0.06967978179454803,0.07142018526792526,1380,0.07245209068059921,0.07053975015878677,0.07072614133358002,0.02824858757062147,5898240,0.06967978179454803,1.4440112994350294,0.07137513160705566,0.07177386432886124,0.0,-1.0,0.0,1000.0,0.07179275900125504,0.07085906714200974,0.0705704316496849,0.07025013864040375,4273,2740,172,0.032436370849609375,0.08866104007465765,1e-06,-0.002474821529995097,0.1,0.2,0.0,0.39931821823120117,0.0013420043,30.67254626750946,0.07095667719841003,0.8032910227775574
0.07077748328447342,0.0714026689529419,0.07067602127790451,0.07170693576335907,0.07248008251190186,0.9411764705882353,0.07004422694444656,0.07028239965438843,85,0.07073825597763062,0.07158862054347992,0.07076763361692429,46,712.822509765625,0.07079785317182541,0.070743627846241,0.07114196568727493,0.07054852694272995,0.07154498994350433,0.9411764705882353,0.06970096379518509,0.07143345475196838,1411,0.07248008251190186,0.07056092470884323,0.07074780762195587,0.058823529411764705,6029312,0.06970096379518509,1.4326352941176481,0.07138273119926453,0.07179969549179077,0.0,-1.0,0.0,980.54,0.0718071237206459,0.07087963074445724,0.07058589905500412,0.07026387006044388,4271,2750,80,0.0352996826171875,0.09624495163443499,1e-06,-0.002752722723653278,0.1,0.2,0.0,0.4331016540527344,0.0014247037,30.666314892470837,0.0709761306643486,0.8036207556724548
0.0708015039563179,0.07141077518463135,0.07070224732160568,0.07172630727291107,0.07249487936496735,0.9597701149425287,0.07006662338972092,0.07029595971107483,174,0.07075148075819016,0.07161016762256622,0.07079075276851654,47,727.393798828125,0.07081834971904755,0.07075968384742737,0.07115155458450317,0.0705820769071579,0.07157095521688461,0.9597701149425287,0.06970866024494171,0.07144983857870102,1442,0.07249487936496735,0.0705690011382103,0.07076766341924667,0.040229885057471264,6160384,0.06970866024494171,1.4256551724137942,0.07140953093767166,0.07180898636579514,0.0,-1.0,0.0,999.71,0.07182998210191727,0.07091124355792999,0.07060841470956802,0.07028231769800186,4269,2760,167,0.03192825317382812,0.10609232075221371,1e-06,-0.0025519713892208527,0.1,0.2,0.0,0.38529378175735474,0.0013699909,30.659506514668465,0.07099515944719315,0.7725833654403687
0.07081557810306549,0.07142350822687149,0.07070590555667877,0.07175204902887344,0.07250047475099564,0.9545454545454546,0.0700850561261177,0.07031109929084778,88,0.07077094912528992,0.0716298520565033,0.07080003619194031,48,711.755615234375,0.07083966583013535,0.07078205794095993,0.07115893065929413,0.07060316205024719,0.07160429656505585,0.9545454545454546,0.06972579658031464,0.07146365940570831,1473,0.07250047475099564,0.07059439271688461,0.07079199701547623,0.045454545454545456,6291456,0.06972579658031464,1.4299545454545466,0.07142047584056854,0.07183308154344559,0.0,-1.0,0.0,975.7,0.0718429833650589,0.07093019783496857,0.07062648236751556,0.07029805332422256,4269,2770,84,0.03089447021484375,0.1086331951461034,1e-06,-0.0024811798897644622,0.1,0.2,0.0,0.3946685194969177,0.0013524243,30.653129555284977,0.07101239264011383,0.8180274367332458
0.07083529978990555,0.0714421272277832,0.07072190195322037,0.07178278267383575,0.0725225880742073,0.9534883720930233,0.07008590549230576,0.07032614946365356,172,0.07077864557504654,0.07165468484163284,0.07082932442426682,49,731.6465454101562,0.07084621489048004,0.07079695910215378,0.07117832452058792,0.07063030451536179,0.07162124663591385,0.9534883720930233,0.06975051015615463,0.07148044556379318,1505,0.0725225880742073,0.07061151415109634,0.07080821692943573,0.046511627906976744,6422528,0.06975051015615463,1.445779069767443,0.0714445561170578,0.07185308635234833,0.0,-1.0,0.0,1000.0,0.07185983657836914,0.07095952332019806,0.07065156102180481,0.07032357901334763,4266,2780,164,0.03242340087890625,0.08062047313724179,1e-06,-0.002445507146421733,0.1,0.2,0.0,0.4288206994533539,0.0013370237,30.646614673733712,0.07103180885314941,0.7545267343521118
0.07085386663675308,0.07147594541311264,0.07074129581451416,0.07179518789052963,0.0725499764084816,0.9222222222222223,0.07010629028081894,0.07034548372030258,90,0.07080486416816711,0.0716620534658432,0.07085704058408737,50,705.0309448242188,0.07086582481861115,0.07081487029790878,0.07118653506040573,0.07064620405435562,0.07164871692657471,0.9222222222222223,0.06977017968893051,0.07149744033813477,1536,0.0725499764084816,0.07062438130378723,0.07083091139793396,0.07777777777777778,6553600,0.06977017968893051,1.4214222222222233,0.07145612686872482,0.07187482714653015,0.0,-1.0,0.0,970.52,0.07187260687351227,0.07097979635000229,0.07065995037555695,0.07033557444810867,4266,2790,83,0.03352432250976563,0.10190329654433299,1e-06,-0.0027030352391193445,0.1,0.2,0.0,0.4438013732433319,0.0013664546,30.640016874670984,0.0710502341389656,0.8264880776405334
0.07088235020637512,0.07149031013250351,0.07075774669647217,0.07179030030965805,0.07255769520998001,0.9431818181818182,0.07012767344713211,0.07035159319639206,176,0.07083768397569656,0.07168199121952057,0.07086783647537231,51,717.0083618164062,0.07089516520500183,0.0708453506231308,0.07119212299585342,0.07065772265195847,0.07167012244462967,0.9431818181818182,0.06979302316904068,0.07150759547948837,1567,0.07255769520998001,0.07063587754964828,0.07085537165403366,0.056818181818181816,6684672,0.06979302316904068,1.4312727272727284,0.07147367298603058,0.07188992947340012,0.0,-1.0,0.0,984.3,0.07190278172492981,0.07099927961826324,0.07066909223794937,0.07034952938556671,4264,2800,166,0.030096435546875,0.10984977183688897,1e-06,-0.0023731227559437686,0.1,0.2,0.0,0.4376053810119629,0.001317715,30.633760127425194,0.07106727361679077,0.811069905757904
0.0708998590707779,0.07152065634727478,0.07077061384916306,0.07180570065975189,0.07257867604494095,0.9010989010989011,0.0701528787612915,0.07036274671554565,91,0.07085773348808289,0.0717003345489502,0.07089785486459732,52,693.9386596679688,0.07091166079044342,0.07085197418928146,0.07122081518173218,0.07067019492387772,0.07169168442487717,0.9010989010989011,0.06981757283210754,0.07152087986469269,1598,0.07257867604494095,0.0706583634018898,0.07088309526443481,0.0989010989010989,6815744,0.06981757283210754,1.447846153846155,0.0715046301484108,0.07190362364053726,0.0,-1.0,0.0,956.74,0.07192528247833252,0.07101450860500336,0.07069338113069534,0.0703619122505188,4263,2810,82,0.027602386474609376,0.09972285210678819,1e-06,-0.0023302713578232217,0.1,0.2,0.0,0.42904382944107056,0.0012912522,30.627317214012145,0.0710870623588562,0.8491163849830627
0.07092414051294327,0.07154154777526855,0.07078550010919571,0.0718260258436203,0.0726064071059227,0.9707602339181286,0.07017415016889572,0.07038433849811554,171,0.07088568061590195,0.07172972708940506,0.07091288268566132,53,719.4403686523438,0.07093816250562668,0.07086499780416489,0.0712374746799469,0.07068634778261185,0.07171141356229782,0.9707602339181286,0.06984296441078186,0.07154886424541473,1630,0.0726064071059227,0.07067625969648361,0.07091176509857178,0.029239766081871343,6946816,0.06984296441078186,1.4136608187134514,0.07153327763080597,0.0719204768538475,0.0,-1.0,0.0,991.88,0.0719451755285263,0.07104038447141647,0.07071131467819214,0.07038247585296631,4261,2820,166,0.03065185546875,0.1349288500234252,1e-06,-0.002640758629604534,0.1,0.2,0.0,0.384369432926178,0.0013276096,30.620062428712846,0.0711088702082634,0.7794767618179321
0.07094090431928635,0.07157126814126968,0.07080233097076416,0.07183583825826645,0.07261642813682556,0.9777777777777777,0.07018741965293884,0.07040750235319138,90,0.07091420143842697,0.07174493372440338,0.07092789560556412,54,716.4812622070312,0.07096384465694427,0.0708806961774826,0.07125546038150787,0.07071070373058319,0.07174552977085114,0.9777777777777777,0.06984911113977432,0.07156220823526382,1660,0.07261642813682556,0.07068193703889847,0.07092324644327164,0.022222222222222223,7077888,0.06984911113977432,1.4482444444444456,0.07155130803585052,0.07193490117788315,0.0,-1.0,0.0,981.69,0.07196018099784851,0.07105932384729385,0.07072437554597855,0.07040613889694214,4261,2830,88,0.0326141357421875,0.0916884004662279,1e-06,-0.0024500998739313217,0.1,0.2,0.0,0.4127640128135681,0.0013648372,30.61306232959032,0.0711263045668602,0.7871972322463989
0.0709548071026802,0.07158342003822327,0.0708206444978714,0.07185827940702438,0.07263541221618652,0.9476744186046512,0.070213183760643,0.07042323052883148,172,0.07093291729688644,0.07176924496889114,0.07094737887382507,55,727.208251953125,0.07097560167312622,0.0709015354514122,0.0712747648358345,0.07072804123163223,0.07176164537668228,0.9476744186046512,0.06985405832529068,0.07157845050096512,1692,0.07263541221618652,0.07069892436265945,0.07094120234251022,0.05232558139534884,7208960,0.06985405832529068,1.4436860465116292,0.07157175987958908,0.07195509970188141,0.0,-1.0,0.0,997.38,0.07197902351617813,0.0710749626159668,0.07073812186717987,0.07043550908565521,4259,2840,163,0.03464813232421875,0.06990354037261567,1e-06,-0.0026182777393842114,0.1,0.2,0.0,0.3650095760822296,0.001362439,30.606816610693933,0.07114429026842117,0.7835346460342407
0.07097099721431732,0.07161100208759308,0.07082130014896393,0.07188144326210022,0.07264678180217743,0.8365384615384616,0.07023976743221283,0.07044054567813873,104,0.07094796746969223,0.0717896968126297,0.0709674283862114,56,679.2722778320312,0.07099651545286179,0.07091786712408066,0.07128999382257462,0.07074711471796036,0.07178355008363724,0.8365384615384616,0.06986724585294724,0.0715918093919754,1723,0.07264678180217743,0.07070900499820709,0.07096275687217712,0.16346153846153846,7340032,0.06986724585294724,1.4198846153846165,0.07159356027841568,0.07198097556829453,0.0,-1.0,0.0,925.7,0.0720011293888092,0.07108350843191147,0.07075052708387375,0.07046367228031158,4258,2850,87,0.03398284912109375,0.1309401803795481,1e-06,-0.0025663921128398215,0.1,0.2,0.0,0.3714340627193451,0.0014046052,30.600597260892393,0.07116224616765976,0.7925806641578674
0.07099438458681107,0.07163725048303604,0.07084079086780548,0.07190453261137009,0.07266618311405182,0.950920245398773,0.07026182860136032,0.07045495510101318,163,0.0709662139415741,0.07182109355926514,0.0709940493106842,57,718.0568237304688,0.0710289403796196,0.0709414929151535,0.07131414860486984,0.0707654058933258,0.07180240750312805,0.950920245398773,0.06989340484142303,0.07161863148212433,1755,0.07266618311405182,0.07073178142309189,0.07098947465419769,0.049079754601226995,7471104,0.06989340484142303,1.444588957055216,0.0716196745634079,0.07199816405773163,0.0,-1.0,0.0,983.27,0.07202079147100449,0.07109713554382324,0.07078133523464203,0.0704951137304306,4256,2860,155,0.033404541015625,0.18490574575262145,1e-06,-0.002824242069891625,0.1,0.2,0.0,0.5148398876190186,0.0013944977,30.59335536211729,0.07118556648492813,0.8154682517051697
0.07101184129714966,0.07166130095720291,0.07084504514932632,0.07192450761795044,0.0726681649684906,0.9428571428571428,0.07027776539325714,0.0704660713672638,105,0.07098165899515152,0.07184618711471558,0.07099836319684982,58,716.0189208984375,0.07104853540658951,0.07096640765666962,0.07134611904621124,0.0707889050245285,0.0718308687210083,0.9428571428571428,0.06991051882505417,0.07164064794778824,1786,0.0726681649684906,0.07073981314897537,0.07101263105869293,0.05714285714285714,7602176,0.06991051882505417,1.4324571428571438,0.07162918895483017,0.07201799005270004,0.0,-1.0,0.0,975.29,0.07204390317201614,0.07110895216464996,0.0707959458231926,0.07050654292106628,4255,2870,99,0.030864715576171875,0.13373122233897447,1e-06,-0.0024902957861741015,0.1,0.2,0.0,0.48518118262290955,0.0013496295,30.5861803740263,0.07120271772146225,0.8040364980697632
0.07104258984327316,0.0716615542769432,0.07087232917547226,0.07194829732179642,0.07268606126308441,0.9197530864197531,0.07029606401920319,0.0704837217926979,162,0.07100049406290054,0.07186023145914078,0.07101719081401825,59,710.3820190429688,0.07107003778219223,0.07098338007926941,0.07136047631502151,0.07080860435962677,0.07185540348291397,0.9197530864197531,0.0699363574385643,0.07166565954685211,1817,0.07268606126308441,0.07076452672481537,0.07103173434734344,0.08024691358024691,7733248,0.0699363574385643,1.4411604938271616,0.07165535539388657,0.07204228639602661,0.0,-1.0,0.0,964.86,0.0720692127943039,0.07113190740346909,0.07080955058336258,0.07052043080329895,4254,2880,149,0.0333465576171875,0.11387268887774553,1e-06,-0.0024354857075195467,0.1,0.2,0.0,0.4424894154071808,0.0013533935,30.57963734716177,0.0712229460477829,0.768059492111206
0.07105599343776703,0.0716884583234787,0.07089783251285553,0.07196788489818573,0.07271086424589157,0.9545454545454546,0.07030157744884491,0.07050476223230362,110,0.07103004306554794,0.07188276201486588,0.07103351503610611,60,720.6968994140625,0.07110010087490082,0.071004219353199,0.07138136029243469,0.07081546634435654,0.0718734934926033,0.9545454545454546,0.06994614750146866,0.07168897241353989,1848,0.07271086424589157,0.07079000771045685,0.07105035334825516,0.045454545454545456,7864320,0.06994614750146866,1.4216909090909104,0.07167292386293411,0.07206135988235474,0.0,-1.0,0.0,977.75,0.07207652926445007,0.07114583253860474,0.07082836329936981,0.07053448259830475,4254,2890,105,0.031353759765625,0.15537546848063358,1e-06,-0.002424513192909217,0.1,0.2,0.0,0.4606727957725525,0.0013420754,30.572790189087392,0.07124172896146774,0.8413501381874084
0.07107703387737274,0.07170787453651428,0.0709112212061882,0.07198108732700348,0.07273659855127335,0.9870967741935484,0.07031450420618057,0.07052214443683624,155,0.07106253504753113,0.07188405096530914,0.07105099409818649,61,730.2919311523438,0.07111562788486481,0.07101231068372726,0.07139044255018234,0.07084348052740097,0.07189928740262985,0.9870967741935484,0.06994906067848206,0.0717066302895546,1879,0.07273659855127335,0.07081475853919983,0.07107185572385788,0.012903225806451613,7995392,0.06994906067848206,1.4253419354838721,0.07169037312269211,0.07207166403532028,0.0,-1.0,0.0,996.45,0.07209821790456772,0.0711735412478447,0.07084035128355026,0.07055268436670303,4253,2900,153,0.02993927001953125,0.0704743382826564,1e-06,-0.0022111691021564185,0.1,0.2,0.0,0.3463665246963501,0.0012988158,30.566359800100326,0.07125913351774216,0.816734254360199
0.0710885301232338,0.07173986732959747,0.07091239094734192,0.07199297845363617,0.07275190949440002,0.9532710280373832,0.07032838463783264,0.07054203748703003,107,0.07107818871736526,0.07190331071615219,0.07106244564056396,62,718.54150390625,0.0711313858628273,0.0710325837135315,0.07140828669071198,0.07086899131536484,0.07191099226474762,0.9532710280373832,0.06994923204183578,0.07172492891550064,1910,0.07275190949440002,0.07082910090684891,0.07110081613063812,0.04672897196261682,8126464,0.06994923204183578,1.426803738317758,0.07171030342578888,0.07208582758903503,0.0,-1.0,0.0,977.14,0.07211047410964966,0.07120473682880402,0.07086192071437836,0.07056044042110443,4253,2910,102,0.03375167846679687,0.06163736110465834,1e-06,-0.0022150295266328613,0.1,0.2,0.0,0.3381926715373993,0.0013278915,30.56042947471142,0.07127559930086136,0.8054937720298767
0.07110276073217392,0.07176008820533752,0.07092195004224777,0.07202056795358658,0.07277293503284454,0.9503105590062112,0.07034160941839218,0.0705413818359375,161,0.07109011709690094,0.07192447036504745,0.07106910645961761,63,722.4266967773438,0.07115304470062256,0.07105124741792679,0.07142306864261627,0.07088974118232727,0.07192697376012802,0.9503105590062112,0.06996352970600128,0.07173649966716766,1941,0.07277293503284454,0.07083608210086823,0.07110844552516937,0.049689440993788817,8257536,0.06996352970600128,1.4319006211180134,0.07172249257564545,0.07210323959589005,0.0,-1.0,0.0,979.27,0.07211854308843613,0.07122844457626343,0.0708777904510498,0.07057828456163406,4252,2920,153,0.03476028442382813,0.09273149469809142,1e-06,-0.002529852576662961,0.1,0.2,0.0,0.40245747566223145,0.0013993478,30.55498009622097,0.07129049301147461,0.8052868843078613
0.07112526148557663,0.07177674025297165,0.07093673944473267,0.07203859835863113,0.07277829945087433,0.9017857142857143,0.07036513090133667,0.07054689526557922,112,0.0711224153637886,0.0719371810555458,0.07109060883522034,64,699.7874755859375,0.0711718276143074,0.07108233869075775,0.07144680619239807,0.07090325653553009,0.07195380330085754,0.9017857142857143,0.06997967511415482,0.07175582647323608,1972,0.07277829945087433,0.07087203115224838,0.07112324237823486,0.09821428571428571,8388608,0.06997967511415482,1.4247857142857152,0.07173817604780197,0.07212454825639725,0.0,-1.0,0.0,948.65,0.07214242219924927,0.0712413638830185,0.07089918851852417,0.07058139890432358,4251,2930,101,0.033864593505859374,0.12306812427996192,1e-06,-0.0025553306967594836,0.1,0.2,0.0,0.4275587499141693,0.0014150313,30.549082751572133,0.07130934298038483,0.8413277864456177
0.07114939391613007,0.07178360223770142,0.0709376335144043,0.07205532491207123,0.07278149574995041,0.9483870967741935,0.0703769251704216,0.07056422531604767,155,0.07115346938371658,0.07196634262800217,0.0711170956492424,65,724.7998657226562,0.07119406014680862,0.07110589742660522,0.07146714627742767,0.07093268632888794,0.07197948545217514,0.9483870967741935,0.06999345868825912,0.07176265865564346,2004,0.07278149574995041,0.07089969515800476,0.07114985585212708,0.05161290322580645,8519680,0.06999345868825912,1.4319483870967753,0.07176268845796585,0.07214923948049545,0.0,-1.0,0.0,985.8,0.0721716582775116,0.07126899063587189,0.07090690732002258,0.07060138136148453,4250,2940,147,0.032605743408203124,0.14350467139156536,1e-06,-0.002511841886644106,0.1,0.2,0.0,0.4557061493396759,0.0013864683,30.542288310825825,0.07132925093173981,0.8341391086578369
0.07116080075502396,0.07180505245923996,0.07096593827009201,0.0720825269818306,0.07279686629772186,0.9380530973451328,0.07039681077003479,0.07057628780603409,113,0.07116683572530746,0.07197929918766022,0.07114023715257645,66,719.0706176757812,0.0712222084403038,0.07112694531679153,0.07148375362157822,0.0709550604224205,0.07198060303926468,0.9380530973451328,0.07000672817230225,0.07178089767694473,2035,0.07279686629772186,0.07093463838100433,0.07116755098104477,0.061946902654867256,8650752,0.07000672817230225,1.4367256637168153,0.07177501171827316,0.07215477526187897,0.0,-1.0,0.0,971.26,0.0721893459558487,0.07129499316215515,0.07093354314565659,0.0706353709101677,4250,2950,106,0.033620452880859374,0.13399144160503057,1e-06,-0.0024503529826688463,0.1,0.2,0.0,0.4391641318798065,0.001369145,30.535417748987676,0.07134848088026047,0.8160224556922913
0.07117601484060287,0.07182634621858597,0.07098722457885742,0.07210418581962585,0.07281464338302612,0.9545454545454546,0.0704181119799614,0.07059945911169052,154,0.07118786126375198,0.07197736203670502,0.07114996016025543,67,725.9944458007812,0.07124639302492142,0.0711628869175911,0.0715060904622078,0.07096998393535614,0.07199849933385849,0.9545454545454546,0.0700150728225708,0.07179716229438782,2066,0.07281464338302612,0.07096424698829651,0.07118141651153564,0.045454545454545456,8781824,0.0700150728225708,1.4305064935064944,0.07180646806955338,0.07219232618808746,0.0,-1.0,0.0,980.74,0.07220856100320816,0.07131829857826233,0.0709543526172638,0.0706677958369255,4249,2960,147,0.03359832763671875,0.1034303064836422,1e-06,-0.00244173201981539,0.1,0.2,0.0,0.3885277509689331,0.0013766792,30.528376972675325,0.0713692307472229,0.8170315623283386
0.07119546830654144,0.0718483254313469,0.0709974467754364,0.07211453467607498,0.0728316605091095,0.9292035398230089,0.07043634355068207,0.07060404121875763,113,0.07121408730745316,0.07198360562324524,0.07116905599832535,68,717.683837890625,0.07126402109861374,0.07118090242147446,0.07151825726032257,0.07100526988506317,0.07201477885246277,0.9292035398230089,0.07004339247941971,0.07181597501039505,2097,0.0728316605091095,0.07097375392913818,0.07120037078857422,0.07079646017699115,8912896,0.07004339247941971,1.4366194690265497,0.07182112336158752,0.07220616936683655,0.0,-1.0,0.0,974.51,0.07223328202962875,0.07132861763238907,0.07096629589796066,0.07069828361272812,4249,2970,105,0.035472869873046875,0.09775361024949233,1e-06,-0.0024617916188617527,0.1,0.2,0.0,0.3649892508983612,0.0013960354,30.521703526377678,0.07138660550117493,0.8314241170883179
0.07121016830205917,0.07187142223119736,0.07100743800401688,0.07213838398456573,0.07285747677087784,0.9869281045751634,0.07045179605484009,0.07061237096786499,153,0.07123848050832748,0.07201239466667175,0.07118358463048935,69,731.1665649414062,0.07128597795963287,0.07120388746261597,0.07153347879648209,0.07102647423744202,0.07202942669391632,0.9869281045751634,0.07005388289690018,0.07183102518320084,2128,0.07285747677087784,0.07098653167486191,0.07122217118740082,0.013071895424836602,9043968,0.07005388289690018,1.43448366013072,0.07184512168169022,0.07222510874271393,0.0,-1.0,0.0,993.58,0.07224570214748383,0.07135159522294998,0.07097971439361572,0.07072249054908752,4248,2980,151,0.040105438232421874,0.11801314609765541,1e-06,-0.0026285636695320136,0.1,0.2,0.0,0.49215710163116455,0.0014870882,30.51546854674816,0.07140504568815231,0.7763993740081787
0.07123339921236038,0.0718834325671196,0.0710296556353569,0.0721462145447731,0.07287096232175827,0.9298245614035088,0.07046595960855484,0.07063634693622589,114,0.07124324887990952,0.07203590124845505,0.07119529694318771,70,719.8572387695312,0.0712943971157074,0.07123319059610367,0.071540966629982,0.07104736566543579,0.07204503566026688,0.9298245614035088,0.07007522881031036,0.07185713201761246,2159,0.07287096232175827,0.07100343704223633,0.07124032825231552,0.07017543859649122,9175040,0.07007522881031036,1.4402982456140363,0.07186367362737656,0.07223837822675705,0.0,-1.0,0.0,970.75,0.07226432859897614,0.07135772705078125,0.0710056722164154,0.07074581831693649,4248,2990,106,0.0369293212890625,0.06314101133175427,1e-06,-0.0024823602988362837,0.1,0.2,0.0,0.34444674849510193,0.0013845301,30.509228679537774,0.07142211496829987,0.7850360870361328
0.07125087827444077,0.0719023197889328,0.07104405015707016,0.07216239720582962,0.07288552075624466,0.9536423841059603,0.07048071175813675,0.0706743523478508,151,0.07126261293888092,0.07205761224031448,0.07120221108198166,71,732.4159545898438,0.07131677120923996,0.07125478237867355,0.07154719531536102,0.07105109840631485,0.07206563651561737,0.9536423841059603,0.07008523494005203,0.07187486439943314,2190,0.07288552075624466,0.07101607322692871,0.0712551549077034,0.046357615894039736,9306112,0.07008523494005203,1.4234701986754978,0.0718843936920166,0.07225906848907471,0.0,-1.0,0.0,992.65,0.07228289544582367,0.07136937975883484,0.0710400715470314,0.07076562196016312,4247,3000,144,0.033261871337890624,0.11341569615178741,1e-06,-0.002349785746082489,0.1,0.2,0.0,0.38730740547180176,0.0013877638,30.503226289153098,0.07143963873386383,0.7913071513175964
0.0712716355919838,0.07193134725093842,0.0710611566901207,0.07218103110790253,0.07289782911539078,0.9482758620689655,0.07049307972192764,0.07069211453199387,116,0.07128064334392548,0.07207465916872025,0.07121408730745316,72,727.4385375976562,0.07135052233934402,0.07128039002418518,0.07157089561223984,0.07106905430555344,0.07208532840013504,0.9482758620689655,0.07009419053792953,0.0719035416841507,2221,0.07289782911539078,0.07104528695344925,0.07127318531274796,0.05172413793103448,9437184,0.07009419053792953,1.4285172413793112,0.07190718501806259,0.07227636873722076,0.0,-1.0,0.0,984.41,0.07229539752006531,0.0713934376835823,0.07105522602796555,0.07078400999307632,4247,3010,110,0.03154830932617188,0.10116421536367852,1e-06,-0.0023702511333794974,0.1,0.2,0.0,0.34203463792800903,0.0012973173,30.49670173972845,0.07145926356315613,0.7958101630210876
0.0712883323431015,0.07193663716316223,0.07107491791248322,0.07220584154129028,0.07292595505714417,0.9668874172185431,0.07051509618759155,0.07071254402399063,151,0.07130981236696243,0.07209905982017517,0.0712190493941307,73,734.29296875,0.07137995958328247,0.07130465656518936,0.07160301506519318,0.07109454274177551,0.07211796939373016,0.9668874172185431,0.07010438293218613,0.07192244380712509,2253,0.07292595505714417,0.07107227295637131,0.07129476964473724,0.033112582781456956,9568256,0.07010438293218613,1.4589801324503322,0.07192354649305344,0.07229184359312057,0.0,-1.0,0.0,987.12,0.07231001555919647,0.0714147612452507,0.07107647508382797,0.07081903517246246,4246,3020,146,0.030567169189453125,0.11591684355807956,1e-06,-0.0023618050280674653,0.1,0.2,0.0,0.41528481245040894,0.001315655,30.48947114497423,0.07148067653179169,0.8167449235916138
0.07130974531173706,0.07195651531219482,0.07107701897621155,0.07220993936061859,0.07294890284538269,0.9008264462809917,0.0705270990729332,0.07073388993740082,121,0.07133040577173233,0.07212258130311966,0.07124100625514984,74,717.551025390625,0.07139471918344498,0.07133138924837112,0.07161571830511093,0.07111188769340515,0.07214163988828659,0.9008264462809917,0.07013198733329773,0.07193923741579056,2284,0.07294890284538269,0.07109047472476959,0.07132034003734589,0.09917355371900827,9699328,0.07013198733329773,1.4478347107438025,0.07192852348089218,0.07230408489704132,0.0,-1.0,0.0,969.68,0.07233920693397522,0.0714225247502327,0.07109003514051437,0.07084061950445175,4246,3030,109,0.03198928833007812,0.07933333104883786,1e-06,-0.0023757026541716187,0.1,0.2,0.0,0.38253623247146606,0.0013094622,30.482694239914416,0.07149837166070938,0.8513919115066528
0.07132808864116669,0.07197792828083038,0.07110157608985901,0.07222314178943634,0.07298070937395096,0.9655172413793104,0.07053076475858688,0.07074610143899918,145,0.07134661823511124,0.0721389576792717,0.07125816494226456,75,730.5814208984375,0.07141739875078201,0.07136134803295135,0.07163894176483154,0.07112593948841095,0.07214777916669846,0.9655172413793104,0.070161372423172,0.07195459306240082,2315,0.07298070937395096,0.07109805196523666,0.07134241610765457,0.034482758620689655,9830400,0.070161372423172,1.433751724137932,0.07195788621902466,0.07232951372861862,0.0,-1.0,0.0,988.08,0.07236941158771515,0.07144872844219208,0.07111086696386337,0.07086960971355438,4245,3040,140,0.035923004150390625,0.1713812379690353,1e-06,-0.0026985400625562763,0.1,0.2,0.0,0.4303431808948517,0.0014412575,30.47607202231884,0.07151863723993301,0.78868567943573
0.07133836299180984,0.07200197130441666,0.07111627608537674,0.07224366813898087,0.07300830632448196,0.9291338582677166,0.07053497433662415,0.07077427208423615,127,0.07136218249797821,0.07216641306877136,0.07128442078828812,76,726.4048461914062,0.07143497467041016,0.07137054949998856,0.07165288180112839,0.07113820314407349,0.07216958701610565,0.9291338582677166,0.07018854469060898,0.07196854054927826,2346,0.07300830632448196,0.07110694795846939,0.07135768979787827,0.07086614173228346,9961472,0.07018854469060898,1.441559055118111,0.07198798656463623,0.07235043495893478,0.0,-1.0,0.0,979.66,0.07239498943090439,0.07146438956260681,0.07113294303417206,0.07089333981275558,4245,3050,118,0.0310272216796875,0.09978602848132141,1e-06,-0.002454388231944904,0.1,0.2,0.0,0.36957788467407227,0.0013397366,30.46917906701565,0.07153771072626114,0.8406673073768616
0.07136735320091248,0.07200883328914642,0.0711410716176033,0.07225658744573593,0.07303854823112488,0.95,0.0705561637878418,0.07078723609447479,140,0.07138753682374954,0.07218458503484726,0.07130613923072815,77,723.6771240234375,0.07146841287612915,0.07138197124004364,0.07167422026395798,0.07116489112377167,0.0721898302435875,0.95,0.07020340859889984,0.07198760658502579,2377,0.07303854823112488,0.07113396376371384,0.07138050347566605,0.05,10092544,0.07020340859889984,1.453314285714287,0.07201559841632843,0.07237473130226135,0.0,-1.0,0.0,973.43,0.07241390645503998,0.07148267328739166,0.07114624232053757,0.07090368121862411,4244,3060,133,0.034618377685546875,0.11090596202702727,1e-06,-0.002573044618111453,0.1,0.2,0.0,0.3839641511440277,0.0013527927,30.46221575587988,0.07155822962522507,0.8348946571350098
