time/fps,train/action_std_19,rollout/force_onset_mean,train/action_std_05,time/iterations,train/action_std_14,train/action_std_06,train/action_std_11,train/action_std_15,train/action_std_18,rollout/episodes_left,train/action_std_23,train/action_std_08,train/action_std_09,train/action_std_03,train/action_std_00,train/action_std_22,train/action_std_20,rollout/recovery_left,rollout/is_fall_mean,rollout/is_timeout_mean,rollout/ep_len_mean,train/action_std_16,train/action_std_21,rollout/action_saturation_fraction,time/total_timesteps,rollout/recovery_fwd,train/action_std_12,train/action_std_04,train/std_max,train/action_std_17,train/action_std_02,train/std_min,time/time_elapsed,rollout/force_requested_impulse_mean,rollout/force_direction_mean,rollout/episodes_fwd,rollout/ep_rew_mean,train/action_std_01,train/action_std_07,train/action_std_10,train/action_std_24,train/action_std_13,train/clip_range_vf,train/n_updates,rollout/episodes_down,rollout/timeouts,rollout/timeout_without_onset_fraction,train/clip_range,rollout/recovery_right,rollout/episodes_up,rollout/recovery_noforce,train/learning_rate,rollout/episodes_back,rollout/recovery_back,train/clip_fraction,train/approx_kl,train/policy_gradient_loss,rollout/recovery_up,rollout/episodes_noforce,train/std,train/entropy_loss,train/loss,train/explained_variance,train/value_loss,rollout/episodes_right,rollout/recovery_down
5868,0.09096547961235046,1.3290000000000008,0.08914025127887726,1,0.0882166400551796,0.09076288342475891,0.09134966135025024,0.09032973647117615,0.08815278857946396,3,0.0900103896856308,0.09002682566642761,0.09080807864665985,0.09125185757875443,0.08820841461420059,0.08928269147872925,0.08996237069368362,0.0,1.0,0.0,225.25,0.08975659310817719,0.08898065239191055,0.0,131072,0.0,0.09137305617332458,0.08769518882036209,0.09168760478496552,0.09168760478496552,0.08883100003004074,0.08674445748329163,22,1.806206925776051,1.5,1,138.42617797851562,0.09163190424442291,0.08856526017189026,0.08803611248731613,0.0915672779083252,0.08674445748329163,,,,,,,,,,,,,,,,,,,,,,,,
5344,0.09121407568454742,1.417968253968255,0.08936971426010132,2,0.0884234607219696,0.09085842221975327,0.09156389534473419,0.09056244045495987,0.08841334283351898,33,0.09035683423280716,0.09027524292469025,0.09110251814126968,0.0914352759718895,0.0882096141576767,0.08945058286190033,0.09014531970024109,0.7272727272727273,0.05952380952380952,0.9404761904761905,1000.0,0.08999177813529968,0.0890987291932106,0.0,262144,1.0,0.09169571846723557,0.08785780519247055,0.09194967150688171,0.09194967150688171,0.08900445699691772,0.08690592646598816,49,1.0715509576204116,1.8531746031746033,27,714.8519287109375,0.09179157018661499,0.08873991668224335,0.08821024745702744,0.09179174154996872,0.08690592646598816,0.2,2770,23,237,0.0,0.1,0.8571428571428571,49,1.0,1e-05,35,1.0,0.11252365112304688,0.0022854963,-0.0029817289412676475,0.9795918367346939,50,0.08993673324584961,24.771786664426326,0.34510111808776855,0.7945982217788696,0.06802119209751253,35,1.0
5248,0.09135569632053375,1.447750000000001,0.08959824591875076,3,0.08865796774625778,0.09099658578634262,0.09177651256322861,0.09077989310026169,0.08866158872842789,2,0.09069667011499405,0.09049578756093979,0.09138817340135574,0.09168445318937302,0.08838033676147461,0.08961381763219833,0.09037894755601883,0.0,0.5,0.5,973.49,0.09015467017889023,0.08928952366113663,0.0,393216,,0.09180110692977905,0.08807310461997986,0.0922175943851471,0.0922175943851471,0.08920115232467651,0.08716896921396255,74,1.2835045956825644,2.375,,696.1857299804688,0.09191249310970306,0.08892998844385147,0.08841001242399216,0.09208716452121735,0.08716896921396255,0.2,2780,1,4,0.0,0.1,0.5,1,1.0,1e-05,1,1.0,0.10706710815429688,0.0023409529,-0.0036492506666036205,0.0,1,0.09014841169118881,24.714937479794024,0.3283360004425049,0.8830586671829224,0.07398140888253693,2,1.0
5146,0.09146082401275635,1.4063870967741947,0.08996211737394333,4,0.08870434015989304,0.09111112356185913,0.09203338623046875,0.09099578112363815,0.0888078436255455,39,0.09081417322158813,0.09071725606918335,0.0916472002863884,0.09184108674526215,0.0885615423321724,0.08988583832979202,0.09066905826330185,0.8974358974358975,0.036290322580645164,0.9637096774193549,1000.0,0.09044869989156723,0.08943501859903336,0.0,524288,0.96,0.09207390248775482,0.08821188658475876,0.0924893319606781,0.09242679178714752,0.08952270448207855,0.08734381943941116,101,1.0551195259171824,1.9758064516129032,25,711.0953369140625,0.09215854108333588,0.08913931250572205,0.08870228379964828,0.0924893319606781,0.08734381943941116,0.2,2790,34,239,0.0,0.1,0.8947368421052632,36,1.0,1e-05,30,1.0,0.10993576049804688,0.0022867322,-0.002958170796955528,1.0,46,0.09036654978990555,24.6545302093029,0.3026954233646393,0.7325072288513184,0.07971660041657742,38,1.0
5120,0.091666579246521,1.367304347826088,0.09010221809148788,5,0.08887316286563873,0.09119990468025208,0.09233706444501877,0.0911870077252388,0.0890309065580368,7,0.09101728349924088,0.09087856858968735,0.09190162271261215,0.0920814573764801,0.08866354823112488,0.09002760052680969,0.09079059958457947,0.14285714285714285,0.4782608695652174,0.5217391304347826,928.32,0.09058842062950134,0.08946670591831207,0.0,655360,1.0,0.09212583303451538,0.08834907412528992,0.09275423735380173,0.09263315051794052,0.08975143730640411,0.08750394731760025,127,1.2469354907027685,2.347826086956522,1,658.7647094726562,0.09234219044446945,0.08936521410942078,0.0889829695224762,0.09275423735380173,0.08750394731760025,0.2,2800,3,12,0.0,0.1,0.2857142857142857,1,1.0,1e-05,2,1.0,0.1064422607421875,0.0021814744,-0.0031621677901966906,1.0,2,0.09054481983184814,24.60059015005827,0.3261706233024597,0.8454949855804443,0.041711192768707404,7,1.0
5069,0.0918671041727066,1.4182403433476407,0.09031345695257187,6,0.08921206742525101,0.09140495210886002,0.092559814453125,0.09134149551391602,0.08933530747890472,33,0.09120660275220871,0.0911807268857956,0.09209781140089035,0.09223116934299469,0.08888810127973557,0.09023481607437134,0.09096871316432953,0.9393939393939394,0.03862660944206009,0.9613733905579399,1000.0,0.09066244214773178,0.08968519419431686,0.0,786432,1.0,0.09217970818281174,0.08860430121421814,0.09301921725273132,0.09289401769638062,0.08997762203216553,0.087713822722435,155,1.0400281764041297,2.0085836909871246,21,715.915771484375,0.09251546859741211,0.08961424976587296,0.08934629708528519,0.09301921725273132,0.087713822722435,0.2,2810,29,224,0.0,0.1,0.8108108108108109,41,1.0,1e-05,27,1.0,0.1180419921875,0.0024078228,-0.003100242934306152,1.0,45,0.0907621756196022,24.545428243279456,0.3572707176208496,0.834715723991394,0.08658356243686285,37,1.0
5054,0.09215786308050156,1.3924000000000012,0.09051600098609924,7,0.0895039364695549,0.09164027124643326,0.09286327660083771,0.09150057286024094,0.08961296826601028,5,0.09131109714508057,0.09130322188138962,0.09234967827796936,0.0926320031285286,0.08916832506656647,0.09051412343978882,0.09123643487691879,0.2,0.22857142857142856,0.7714285714285715,950.33,0.09089196473360062,0.08982513844966888,0.0,917504,1.0,0.09237563610076904,0.08885078877210617,0.09334483742713928,0.09315861761569977,0.09029150009155273,0.08780279010534286,181,1.111774938089116,1.8857142857142857,3,676.5474243164062,0.09266924858093262,0.08978289365768433,0.08962944149971008,0.09334483742713928,0.08780279010534286,0.2,2820,5,27,0.0,0.1,0.42857142857142855,3,1.0,1e-05,5,1.0,0.1126678466796875,0.0024007577,-0.003302459257974988,1.0,7,0.09099730104207993,24.48346033245325,0.27419084310531616,0.8165841102600098,0.07028186595707667,7,1.0
5023,0.09234566986560822,1.4155446428571439,0.09074413776397705,8,0.08970704674720764,0.09186480194330215,0.09318757802248001,0.09169933199882507,0.0897522047162056,31,0.09152016043663025,0.09155678004026413,0.09258006513118744,0.0929039865732193,0.08926387131214142,0.09075696766376495,0.09151829779148102,0.9354838709677419,0.03125,0.96875,1000.0,0.091175377368927,0.09006120264530182,0.0,1048576,0.9512195121951219,0.09258576482534409,0.08906572312116623,0.0935947448015213,0.09337882697582245,0.09055422991514206,0.08799821883440018,208,0.9946507875688576,1.5669642857142858,41,716.6558837890625,0.0929027646780014,0.08993324637413025,0.08979473263025284,0.0935947448015213,0.08799821883440018,0.2,2830,28,217,0.0,0.1,0.8421052631578947,27,1.0,1e-05,31,1.0,0.11621551513671875,0.0023587444,-0.003283310251572402,1.0,47,0.09121783077716827,24.421005798876287,0.30872291326522827,0.7753962278366089,0.07863471426971955,19,1.0
5017,0.09258151054382324,1.435050000000001,0.09092621505260468,9,0.08992818742990494,0.09207648783922195,0.09333299845457077,0.09182634949684143,0.09001895040273666,7,0.09180137515068054,0.0918046161532402,0.09287917613983154,0.09310883283615112,0.0895981416106224,0.09098983556032181,0.09169989824295044,0.42857142857142855,0.175,0.825,962.86,0.09135323017835617,0.09027806669473648,0.0,1179648,1.0,0.09287525713443756,0.08929071575403214,0.09384605288505554,0.09367296099662781,0.09078822284936905,0.08823946118354797,235,1.0651452070149632,1.9,7,688.05859375,0.09312767535448074,0.09020745754241943,0.09011609852313995,0.09384605288505554,0.08823946118354797,0.2,2840,6,33,0.0,0.1,0.7,2,1.0,1e-05,1,1.0,0.11509552001953124,0.002353256,-0.003351702480449603,1.0,7,0.09145471453666687,24.3582680657506,0.28434547781944275,0.8301131129264832,0.052145075125736184,10,1.0
4993,0.09284119307994843,1.4194930875576046,0.09114342927932739,10,0.09020186215639114,0.09233686327934265,0.0935809463262558,0.09212471544742584,0.09019889682531357,24,0.09199494868516922,0.09201917052268982,0.09319256246089935,0.09333740174770355,0.08982580900192261,0.09117596596479416,0.09193573147058487,0.9166666666666666,0.02304147465437788,0.9769585253456221,1000.0,0.09155036509037018,0.09037993103265762,0.0,1310720,0.9666666666666667,0.09315921366214752,0.08945544809103012,0.09415680915117264,0.09380535781383514,0.09105995297431946,0.08844631165266037,262,1.052277452123,1.8894009216589862,30,715.640869140625,0.09330900758504868,0.09043873846530914,0.09031487256288528,0.09415680915117264,0.08844631165266037,0.2,2850,32,212,0.0,0.1,0.9230769230769231,31,1.0,1e-05,37,1.0,0.11010055541992188,0.0023170412,-0.003348792579618021,1.0,37,0.0916794165968895,24.294767738878726,0.33366793394088745,0.8015232682228088,0.06528428668825655,26,1.0
4990,0.09317060559988022,1.429375000000001,0.09145306050777435,11,0.09035950899124146,0.09254070371389389,0.09378594905138016,0.09217183291912079,0.09043088555335999,11,0.09222126752138138,0.0921221598982811,0.09344343096017838,0.09352293610572815,0.08989697694778442,0.09137234091758728,0.09219616651535034,0.6363636363636364,0.10416666666666667,0.8958333333333334,972.96,0.0917309895157814,0.09058243781328201,0.0,1441792,1.0,0.09341378509998322,0.08969911187887192,0.09451759606599808,0.09392934292554855,0.09125480055809021,0.08868122100830078,288,0.9337272315007349,2.0833333333333335,4,689.3870239257812,0.09362968802452087,0.09057407826185226,0.09050758928060532,0.09451759606599808,0.08868122100830078,0.2,2860,8,43,0.0,0.1,0.8888888888888888,3,1.0,1e-05,6,1.0,0.11277084350585938,0.0023748968,-0.0031734349016005583,1.0,7,0.09188833832740784,24.236740162968637,0.29697322845458984,0.7855924367904663,0.04451724981117877,9,1.0
4972,0.09340403228998184,1.4237047619047627,0.09173022955656052,12,0.09053774178028107,0.09276644885540009,0.09402429312467575,0.09233681857585907,0.09079999476671219,31,0.09241802245378494,0.0923801138997078,0.09364964812994003,0.09383890777826309,0.08995913714170456,0.09144584834575653,0.0924181118607521,0.9354838709677419,0.014285714285714285,0.9857142857142858,1000.0,0.09193042665719986,0.09087233245372772,0.0,1572864,1.0,0.09360858052968979,0.09002893418073654,0.0947146937251091,0.09417293220758438,0.09145192801952362,0.08892029523849487,316,0.9754469453430131,1.7380952380952381,27,714.2073364257812,0.09385371953248978,0.09079298377037048,0.09062615782022476,0.0947146937251091,0.08892029523849487,0.2,2870,22,207,0.0,0.1,0.96,31,1.0,1e-05,34,1.0,0.09930496215820313,0.0021707856,-0.003227576063545712,1.0,40,0.09210729598999023,24.17808633595705,0.2792785167694092,0.7706781625747681,0.05324322161759483,25,1.0
4970,0.09373817592859268,1.4084590163934434,0.09199799597263336,13,0.09079749137163162,0.09307964891195297,0.09420153498649597,0.09250123798847198,0.09088876098394394,17,0.09280341118574142,0.0926479697227478,0.09378986805677414,0.09400654584169388,0.09011626988649368,0.09157317131757736,0.09264547377824783,0.5882352941176471,0.2459016393442623,0.7540983606557377,917.42,0.09229147434234619,0.09112339466810226,0.0,1703936,1.0,0.09383419156074524,0.09005960822105408,0.09514617174863815,0.09434989094734192,0.09167508780956268,0.08920826017856598,342,1.068889737959463,1.8852459016393444,4,651.9026489257812,0.09408672899007797,0.09106175601482391,0.09073641896247864,0.09514617174863815,0.08920826017856598,0.2,2880,7,46,0.0,0.1,0.2727272727272727,5,1.0,1e-05,5,1.0,0.10748443603515626,0.0022789654,-0.0028229161234776257,1.0,12,0.09233441948890686,24.11643887013197,0.2736988067626953,0.7949482202529907,0.04462150909457705,11,1.0
4955,0.09391335397958755,1.4189801980198031,0.09219834208488464,14,0.09104020148515701,0.09325803816318512,0.09450054168701172,0.09262893348932266,0.0911041721701622,32,0.09302378445863724,0.09293457865715027,0.09398980438709259,0.09433528780937195,0.09017371386289597,0.09178941696882248,0.09282432496547699,0.84375,0.034653465346534656,0.9653465346534653,991.45,0.0924583300948143,0.09141480177640915,0.0,1835008,1.0,0.09408783167600632,0.0902341678738594,0.09532970190048218,0.09450232237577438,0.09197118133306503,0.0894467905163765,370,0.929550491139071,1.50990099009901,31,703.318359375,0.09432559460401535,0.09116655588150024,0.09095971286296844,0.09532970190048218,0.0894467905163765,0.2,2890,20,195,0.0,0.1,0.9,28,1.0,1e-05,20,1.0,0.11750030517578125,0.0024304267,-0.004020180775296467,1.0,51,0.09254445880651474,24.059018243849277,0.3366226255893707,0.8805795311927795,0.08669287484663073,20,1.0
4957,0.09413395822048187,1.406970588235295,0.09239605814218521,15,0.09126998484134674,0.09354469925165176,0.09472184628248215,0.09274641424417496,0.09110383689403534,12,0.09332756698131561,0.09311094135046005,0.09420017153024673,0.09444799274206161,0.09041482955217361,0.09192075580358505,0.0929417759180069,0.25,0.17647058823529413,0.8235294117647058,923.16,0.0927203819155693,0.09154549986124039,0.0,1966080,1.0,0.09429538249969482,0.09049494564533234,0.09563855826854706,0.09466739743947983,0.09215226024389267,0.08960435539484024,396,0.898068580852923,1.161764705882353,4,650.5582275390625,0.09461709856987,0.0915260761976242,0.09112599492073059,0.09563855826854706,0.08960435539484024,0.2,2900,2,56,0.0,0.1,0.8333333333333334,5,1.0,1e-05,11,1.0,0.11221084594726563,0.0023200854,-0.002976874368323479,0.8,22,0.09274674952030182,24.0028404250741,0.3382452130317688,0.8274832367897034,0.06246253405697644,12,1.0
4943,0.09438181668519974,1.4011179487179497,0.0926370620727539,16,0.09152539819478989,0.09355410933494568,0.09513255953788757,0.09292013198137283,0.0912882387638092,23,0.09353926032781601,0.09337201714515686,0.09436631202697754,0.09476792812347412,0.09061305969953537,0.09217642992734909,0.09304635971784592,0.8260869565217391,0.03076923076923077,0.9692307692307692,1000.0,0.09305798262357712,0.09185370057821274,0.0,2097152,1.0,0.09457158297300339,0.09071987122297287,0.09588977694511414,0.09484835714101791,0.09242954850196838,0.08975117653608322,424,0.9735356655280183,1.8717948717948718,28,716.727783203125,0.09482104331254959,0.09168118238449097,0.09139111638069153,0.09588977694511414,0.08975117653608322,0.2,2910,29,189,0.0,0.1,0.9047619047619048,29,1.0,1e-05,30,1.0,0.11475372314453125,0.002443401,-0.003212531574536115,1.0,35,0.09297344088554382,23.94525201767683,0.3172615170478821,0.8239509463310242,0.08180066276981961,21,1.0
4944,0.09452307224273682,1.434235294117648,0.09282124787569046,17,0.09184224903583527,0.09379692375659943,0.09538351744413376,0.09323956072330475,0.09143680334091187,13,0.09376294910907745,0.09369909763336182,0.09455505758523941,0.09486054629087448,0.09081015735864639,0.09249386936426163,0.09320935606956482,0.6923076923076923,0.11764705882352941,0.8823529411764706,957.01,0.09330140799283981,0.09213633090257645,0.0,2228224,0.9166666666666666,0.09492463618516922,0.09069962799549103,0.09606093913316727,0.09508480876684189,0.09272909164428711,0.08993247896432877,450,1.0746933574012485,1.7352941176470589,12,685.2221069335938,0.09507161378860474,0.09195350855588913,0.09153569489717484,0.09606093913316727,0.08993247896432877,0.2,2920,10,60,0.0,0.1,0.7,3,1.0,1e-05,10,1.0,0.11527481079101562,0.0023763203,-0.003220989987039502,1.0,10,0.09319458156824112,23.884693019092083,0.2965952754020691,0.8177313208580017,0.07391288205981254,10,1.0
4933,0.09468132257461548,1.4020203045685289,0.09309888631105423,18,0.0920153558254242,0.09406015276908875,0.0955912321805954,0.0934603288769722,0.0915936827659607,35,0.09399796277284622,0.09384231269359589,0.09482353180646896,0.09503421932458878,0.09098857641220093,0.09268926829099655,0.09347955882549286,0.8571428571428571,0.03553299492385787,0.9644670050761421,987.44,0.09359098970890045,0.0923750177025795,0.0,2359296,0.9523809523809523,0.09520271420478821,0.09091804176568985,0.0963062196969986,0.09525984525680542,0.0929395854473114,0.09016593545675278,478,0.9448529391182431,1.9035532994923858,21,705.65283203125,0.09528419375419617,0.09227047115564346,0.09177890419960022,0.0963062196969986,0.09016593545675278,0.2,2930,32,190,0.0,0.1,0.9545454545454546,26,1.0,1e-05,18,1.0,0.11396942138671876,0.002353214,-0.0035049469311161374,1.0,43,0.0934179276227951,23.825254578888416,0.29380181431770325,0.829573392868042,0.05595209586899728,22,1.0
4934,0.09489943087100983,1.4116231884057981,0.09326917678117752,19,0.0921756848692894,0.09412907063961029,0.09576353430747986,0.09378103166818619,0.09181616455316544,11,0.09422770887613297,0.09398778527975082,0.09509634971618652,0.09522979706525803,0.09118620306253433,0.09289836138486862,0.09370391815900803,0.5454545454545454,0.13043478260869565,0.8695652173913043,950.71,0.09370636194944382,0.09258923679590225,0.0,2490368,0.8333333333333334,0.09541863948106766,0.09115347266197205,0.09656170755624771,0.09547019749879837,0.09314726293087006,0.09023339301347733,504,1.113617384877766,1.9275362318840579,6,678.43017578125,0.09560564160346985,0.09249438345432281,0.09186296164989471,0.09656170755624771,0.09023339301347733,0.2,2940,11,60,0.0,0.1,0.6666666666666666,9,1.0,1e-05,14,0.9285714285714286,0.10560531616210937,0.0022340722,-0.003562141516704287,1.0,12,0.0936162918806076,23.768341797590256,0.2973368763923645,0.8143599033355713,0.06273571687343064,6,1.0
4924,0.09511185437440872,1.415270000000001,0.09346877038478851,20,0.09230270236730576,0.09440962970256805,0.0960572361946106,0.0940966010093689,0.09214988350868225,36,0.09449301660060883,0.09415286034345627,0.09520138055086136,0.09556129574775696,0.091358982026577,0.09306102991104126,0.09397799521684647,0.6944444444444444,0.075,0.925,964.9,0.09391716867685318,0.09273942559957504,0.0,2621440,1.0,0.095644511282444,0.0914914682507515,0.09685436636209488,0.09554662555456161,0.09351296722888947,0.09044544398784637,532,0.9736083305139164,1.995,22,686.4119262695312,0.09596015512943268,0.09267491847276688,0.09208878129720688,0.09685436636209488,0.09044544398784637,0.2,2950,32,185,0.0,0.1,0.8461538461538461,25,1.0,1e-05,24,1.0,0.11665725708007812,0.0024784994,-0.0033940609844648863,1.0,35,0.09385116398334503,23.710933288931848,0.30083319544792175,0.8241485357284546,0.07693057867581957,26,1.0
4925,0.09528942406177521,1.4370140845070434,0.09377971291542053,21,0.09253527224063873,0.09459375590085983,0.09621574729681015,0.09430722147226334,0.09234161674976349,8,0.09472539275884628,0.09436620026826859,0.09550421684980392,0.09571527689695358,0.09155409038066864,0.09323391318321228,0.09424939006567001,0.75,0.15492957746478872,0.8450704225352113,915.01,0.09413501620292664,0.09305133670568466,0.0,2752512,0.8888888888888888,0.0957464948296547,0.09174562245607376,0.09696799516677856,0.09575896710157394,0.09367479383945465,0.0907180979847908,558,0.9518723441723024,1.9154929577464788,9,652.7420654296875,0.09623850882053375,0.09296022355556488,0.09222767502069473,0.09696799516677856,0.0907180979847908,0.2,2960,10,60,0.0,0.1,0.5882352941176471,6,1.0,1e-05,8,0.875,0.12345657348632813,0.0024520538,-0.0037297428277270226,1.0,13,0.09406543523073196,23.651535949110986,0.3119845390319824,0.8565602898597717,0.0993363169793156,17,1.0
4912,0.09544403105974197,1.4169793814433003,0.09399867802858353,22,0.09287862479686737,0.09465058147907257,0.09648951143026352,0.09468884021043777,0.09254734218120575,33,0.09494690597057343,0.09460035711526871,0.0957503616809845,0.09588704258203506,0.09186164289712906,0.09353778511285782,0.09450829029083252,0.8787878787878788,0.02577319587628866,0.9742268041237113,972.78,0.09438120573759079,0.09339915215969086,0.0,2883584,1.0,0.09597377479076385,0.09209177643060684,0.0972367599606514,0.09590240567922592,0.09391413629055023,0.09105344116687775,586,0.9987326380170398,1.7577319587628866,31,691.9494018554688,0.09656085073947906,0.09312563389539719,0.092278391122818,0.0972367599606514,0.09105344116687775,0.2,2970,26,189,0.0,0.1,1.0,23,1.0,1e-05,29,1.0,0.12600555419921874,0.0024763353,-0.003362553639544785,0.9565217391304348,33,0.0943082943558693,23.59063762873411,0.29458051919937134,0.8284122347831726,0.07897365887329215,19,1.0
4910,0.09569530934095383,1.4456266666666677,0.09432071447372437,23,0.09310903400182724,0.09488891065120697,0.09669502079486847,0.09489227831363678,0.09274269640445709,13,0.09506306797266006,0.09472665935754776,0.09606430679559708,0.09613261371850967,0.09200659394264221,0.09372175484895706,0.09472864866256714,0.7692307692307693,0.10666666666666667,0.8933333333333333,933.91,0.0946207344532013,0.09371167421340942,0.0,3014656,0.9,0.09618162363767624,0.09228479117155075,0.09743190556764603,0.09612710773944855,0.09401609003543854,0.09123591333627701,613,1.2090454000118194,2.1066666666666665,10,661.5908813476562,0.09682963788509369,0.09344989061355591,0.09244506061077118,0.09743190556764603,0.09123591333627701,0.2,2980,9,67,0.0,0.1,0.6666666666666666,12,1.0,1e-05,11,1.0,0.10685272216796875,0.0022967441,-0.003240337387615,1.0,8,0.09452487528324127,23.52979500591755,0.3419025242328644,0.8132500648498535,0.057793293375289066,12,1.0
4903,0.09598352015018463,1.428244680851065,0.09464766830205917,24,0.09339539706707001,0.09510999917984009,0.09699033945798874,0.09514167904853821,0.09305873513221741,29,0.0952669084072113,0.09493278712034225,0.09628698229789734,0.09636258333921432,0.09205219149589539,0.09397425502538681,0.09495401382446289,0.7931034482758621,0.0425531914893617,0.9574468085106383,987.2,0.09476058930158615,0.09385336935520172,0.0,3145728,0.9444444444444444,0.09649167209863663,0.09255694597959518,0.09779742360115051,0.09637560695409775,0.09447803348302841,0.09147921204566956,641,1.0149429173022688,1.75,18,706.918212890625,0.0970190092921257,0.09376077353954315,0.09274908900260925,0.09779742360115051,0.09147921204566956,0.2,2990,24,180,0.0,0.1,0.9583333333333334,24,1.0,1e-05,26,1.0,0.11663055419921875,0.0025173887,-0.003206869606856344,1.0,43,0.09477914869785309,23.466946539282798,0.34307512640953064,0.7180031538009644,0.0803645643100026,24,1.0
4904,0.09626838564872742,1.4282777777777786,0.09492316842079163,25,0.09349259734153748,0.09527534991502762,0.09708567708730698,0.09545508772134781,0.09318462759256363,13,0.09544296562671661,0.0952673852443695,0.09657929092645645,0.09658120572566986,0.09222573786973953,0.09411150217056274,0.09513596445322037,0.7692307692307693,0.05555555555555555,0.9444444444444444,979.05,0.0950251966714859,0.09409429132938385,0.0,3276800,0.8333333333333334,0.09673178195953369,0.09268342703580856,0.09812033176422119,0.09661968797445297,0.09471471607685089,0.09185867011547089,668,1.068894789780054,1.9027777777777777,6,697.0878295898438,0.09724529832601547,0.09402488172054291,0.0928967148065567,0.09812033176422119,0.09185867011547089,0.2,3000,12,68,0.0,0.1,1.0,8,1.0,1e-05,12,1.0,0.10528030395507812,0.002245819,-0.0034556961592898004,1.0,14,0.09500174969434738,23.405040089786052,0.2838611304759979,0.8270912170410156,0.07481309926806716,7,1.0
4898,0.09648739546537399,1.4299270833333342,0.09512729942798615,26,0.09376479685306549,0.09543859213590622,0.09736140072345734,0.09567008167505264,0.09345439821481705,33,0.09568066149950027,0.09552314132452011,0.09679999947547913,0.09674806147813797,0.09234067052602768,0.09433306008577347,0.09535907208919525,0.8484848484848485,0.046875,0.953125,947.95,0.09519561380147934,0.09427808970212936,0.0,3407872,1.0,0.09698735177516937,0.09281878918409348,0.09846126288175583,0.0968378335237503,0.09491080790758133,0.0920335203409195,695,1.0167338800358972,1.8072916666666667,26,674.4935913085938,0.09747323393821716,0.09417692571878433,0.09302663803100586,0.09846126288175583,0.0920335203409195,0.2,3010,22,183,0.0,0.1,0.7777777777777778,34,1.0,1e-05,20,1.0,0.10701980590820312,0.002252989,-0.003228168322948477,1.0,39,0.09521154314279556,23.347389562428,0.2768445909023285,0.7975857257843018,0.043502970116242067,18,1.0
4899,0.09671342372894287,1.411948051948053,0.09542382508516312,27,0.09417670220136642,0.09554976969957352,0.09778083115816116,0.09589746594429016,0.09369337558746338,9,0.09588758647441864,0.0957852452993393,0.09698180109262466,0.09682317823171616,0.09254761040210724,0.09448900073766708,0.09547466784715652,0.7777777777777778,0.11688311688311688,0.8831168831168831,946.34,0.0953909382224083,0.09463733434677124,0.0,3538944,0.8461538461538461,0.09726101160049438,0.09306371212005615,0.09892725944519043,0.09710424393415451,0.09507274627685547,0.09224904328584671,722,1.0139004216927272,1.7792207792207793,13,670.1057739257812,0.09778579324483871,0.09440010786056519,0.09329357743263245,0.09892725944519043,0.09224904328584671,0.2,3020,10,68,0.0,0.1,0.7222222222222222,6,1.0,1e-05,6,1.0,0.12160491943359375,0.0024560553,-0.003286611283874663,1.0,15,0.09545640647411346,23.28760408759117,0.32505548000335693,0.7385814189910889,0.08915326429269044,18,1.0
4895,0.09692054986953735,1.4220769230769241,0.0956861823797226,28,0.09456808865070343,0.09572620689868927,0.09796042740345001,0.09609133750200272,0.0939459353685379,24,0.09629568457603455,0.09598074853420258,0.0972774550318718,0.0970584824681282,0.0925956591963768,0.09478960186243057,0.09566255658864975,0.9166666666666666,0.03296703296703297,0.967032967032967,988.18,0.09563512355089188,0.0948374792933464,0.0,3670016,0.875,0.09747178852558136,0.09329450875520706,0.09918269515037537,0.09731171280145645,0.09511653333902359,0.09250688552856445,749,0.9959434121713505,1.7912087912087913,24,709.2938232421875,0.09809189289808273,0.09475710242986679,0.0936141088604927,0.09918269515037537,0.09250688552856445,0.2,3030,21,176,0.0,0.1,1.0,22,1.0,1e-05,32,1.0,0.113372802734375,0.0023266873,-0.003458818280887499,0.9545454545454546,31,0.09569515287876129,23.22518711835146,0.27482032775878906,0.8392542600631714,0.0665474620720488,28,1.0
4895,0.09714514017105103,1.4027407407407415,0.09592151641845703,29,0.09478311240673065,0.09598299115896225,0.09812361001968384,0.09620336443185806,0.09419500082731247,11,0.09668220579624176,0.09614033252000809,0.0976247787475586,0.09727782756090164,0.09276305884122849,0.0949767529964447,0.09582769125699997,0.5454545454545454,0.07407407407407407,0.9259259259259259,970.12,0.09583012759685516,0.09509718418121338,0.0,3801088,1.0,0.0978187620639801,0.09341107308864594,0.09949812293052673,0.09747869521379471,0.09536139667034149,0.09276305884122849,776,1.0589647016754478,1.7530864197530864,12,696.735595703125,0.09816982597112656,0.09498599171638489,0.093824103474617,0.09949812293052673,0.09277788549661636,0.2,3040,7,75,0.0,0.1,0.9333333333333333,10,1.0,1e-05,13,1.0,0.1141204833984375,0.0023241653,-0.003858401981597126,1.0,13,0.0959160178899765,23.165239307284356,0.3306235671043396,0.7964151501655579,0.07189340590848588,15,1.0
4891,0.09734538942575455,1.4244333333333348,0.09620113670825958,30,0.09503152221441269,0.09617086499929428,0.09847335517406464,0.09636759012937546,0.09440989792346954,21,0.09676697850227356,0.09636297076940536,0.09787385910749435,0.09746010601520538,0.092928946018219,0.0951652079820633,0.09606746584177017,0.7142857142857143,0.06666666666666667,0.9333333333333333,967.68,0.09611540287733078,0.09530948102474213,0.0,3932160,0.95,0.09805801510810852,0.09366632997989655,0.09988731890916824,0.09778758138418198,0.09549740701913834,0.09290511906147003,803,1.046391952701519,2.0388888888888888,20,687.429931640625,0.09827803820371628,0.095225989818573,0.09397362917661667,0.09988731890916824,0.09290511906147003,0.2,3050,31,168,0.0,0.1,0.8333333333333334,22,1.0,1e-05,24,1.0,0.10730133056640626,0.0023231301,-0.0034067118423990904,1.0,32,0.09613317996263504,23.108323599398137,0.2761482894420624,0.8343195915222168,0.05844218619822641,30,1.0
4890,0.09766288846731186,1.4269885057471274,0.09646199643611908,31,0.09542596340179443,0.0964030995965004,0.09887538105249405,0.09659789502620697,0.09459857642650604,12,0.09713517874479294,0.0965205505490303,0.09796757251024246,0.0977926254272461,0.09310445189476013,0.09543276578187943,0.09629503637552261,0.6666666666666666,0.05747126436781609,0.9425287356321839,964.19,0.09618779271841049,0.09540216624736786,0.0,4063232,0.9375,0.09831003099679947,0.0939672663807869,0.10009908676147461,0.0978807657957077,0.09565014392137527,0.09310445189476013,830,1.0691199063491392,1.7241379310344827,16,688.642822265625,0.09851773083209991,0.09562031924724579,0.09417147189378738,0.10009908676147461,0.09314746409654617,0.2,3060,7,82,0.0,0.1,1.0,13,1.0,1e-05,13,1.0,0.1073638916015625,0.0023565595,-0.0035751032432926877,1.0,13,0.09636913239955902,23.04866397678852,0.26826488971710205,0.8549830913543701,0.07789204075670568,13,1.0
4887,0.0978223979473114,1.4125977011494262,0.09672702848911285,32,0.09561364352703094,0.09662432223558426,0.09917432069778442,0.09682769328355789,0.09490031003952026,21,0.09741801768541336,0.09678398072719574,0.09819363057613373,0.09793270379304886,0.09338804334402084,0.09548841416835785,0.09654363244771957,1.0,0.017241379310344827,0.9827586206896551,991.96,0.09635481983423233,0.09566698223352432,0.0,4194304,1.0,0.09862817078828812,0.09414549916982651,0.10029517114162445,0.09811417758464813,0.09591790288686752,0.09333295375108719,858,0.973338604328287,1.6436781609195403,25,712.5978393554688,0.09866843372583389,0.09591523557901382,0.09449812769889832,0.10029517114162445,0.09333295375108719,0.2,3070,21,171,0.0,0.1,0.88,18,1.0,1e-05,28,1.0,0.10890274047851563,0.0023109233,-0.003286873764682241,1.0,36,0.0965990200638771,22.98787155151367,0.26999616622924805,0.831790030002594,0.05480201704340289,25,1.0
4887,0.09815417230129242,1.4173118279569905,0.09692900627851486,33,0.09592476487159729,0.09687931090593338,0.09934341162443161,0.09699049592018127,0.09508886188268661,14,0.09772519022226334,0.09707720577716827,0.09826330095529556,0.09814691543579102,0.09360803663730621,0.09562349319458008,0.09670689702033997,0.8571428571428571,0.043010752688172046,0.956989247311828,978.7,0.09661448746919632,0.09589824080467224,0.0,4325376,1.0,0.09886793792247772,0.09432575851678848,0.10045080631971359,0.09826705604791641,0.09613563120365143,0.09354563802480698,885,1.0169503036264669,2.021505376344086,12,702.8493041992188,0.09888692945241928,0.09605372697114944,0.09470558911561966,0.10045080631971359,0.09354563802480698,0.2,3080,18,89,0.0,0.1,0.8181818181818182,11,1.0,1e-05,10,1.0,0.09910202026367188,0.0021355099,-0.0034648218443180667,1.0,17,0.09680850803852081,22.931494565308093,0.2790166437625885,0.8533658385276794,0.04388367811479839,11,1.0
4885,0.09844492375850677,1.4241058823529422,0.09718786180019379,34,0.09609106183052063,0.09717457741498947,0.09957311302423477,0.09724373370409012,0.09533637017011642,21,0.0978250801563263,0.09728063642978668,0.09836596995592117,0.09850599616765976,0.09362845867872238,0.09603406488895416,0.09694358706474304,0.7619047619047619,0.058823529411764705,0.9411764705882353,963.58,0.096916064620018,0.09617364406585693,0.0,4456448,0.9545454545454546,0.09903652966022491,0.09457298368215561,0.10066591203212738,0.09859640896320343,0.096426822245121,0.09362845867872238,912,1.0449691459474975,1.9705882352941178,22,690.8831176757812,0.09919331222772598,0.09629875421524048,0.09500393271446228,0.10066591203212738,0.09373889118432999,0.2,3090,24,160,0.0,0.1,0.8571428571428571,22,1.0,1e-05,27,1.0,0.10959701538085938,0.002300652,-0.0032561423871811713,1.0,26,0.09705033898353577,22.872518625855445,0.2634855806827545,0.7800421714782715,0.05833298977231607,28,1.0
4884,0.09868800640106201,1.4237400000000011,0.09741771221160889,35,0.09642817825078964,0.0975743979215622,0.09976914525032043,0.09757360816001892,0.09552247822284698,14,0.09806287288665771,0.09743203967809677,0.09858953952789307,0.09878332167863846,0.09378275275230408,0.0962144210934639,0.09726379811763763,0.9285714285714286,0.06,0.94,973.47,0.09718797355890274,0.09642674773931503,0.0,4587520,0.9,0.09912257641553879,0.09489744156599045,0.1009678840637207,0.09888056665658951,0.09672573953866959,0.09378275275230408,939,0.9927702408158132,1.87,10,697.1429443359375,0.09941579401493073,0.09657300263643265,0.09530546516180038,0.1009678840637207,0.09391241520643234,0.2,3100,15,94,0.0,0.1,0.8095238095238095,7,1.0,1e-05,13,1.0,0.11460037231445312,0.002352234,-0.0038067804995080222,1.0,20,0.09730071574449539,22.81092231720686,0.2896753251552582,0.8285701870918274,0.08685215967416297,21,1.0
4883,0.09884702414274216,1.4244023668639063,0.09765052795410156,36,0.09674335271120071,0.0979001373052597,0.09989336878061295,0.0977545976638794,0.09569180011749268,18,0.0982268825173378,0.09763862937688828,0.0988236516714096,0.09897179901599884,0.09389613568782806,0.09644700586795807,0.09754741191864014,0.6111111111111112,0.05325443786982249,0.9467455621301775,959.5,0.09742186963558197,0.0966731458902359,0.0,4718592,1.0,0.0992966741323471,0.09520614892244339,0.10118228942155838,0.09905264526605606,0.09693318605422974,0.09389613568782806,966,1.0054232126404472,1.5917159763313609,27,683.6404418945312,0.09981920570135117,0.09677145630121231,0.09548325091600418,0.10118228942155838,0.09415165334939957,0.2,3110,19,160,0.0,0.1,0.9166666666666666,21,1.0,1e-05,21,1.0,0.10337142944335938,0.0022538323,-0.0034990979683243496,1.0,39,0.09752096235752106,22.74969475120306,0.2739264667034149,0.837928056716919,0.04388448448007694,24,1.0
4883,0.09913531690835953,1.4069126213592242,0.09780248254537582,37,0.09701783210039139,0.09837739914655685,0.1002991646528244,0.09795206040143967,0.09602927416563034,20,0.09849183261394501,0.09793079644441605,0.09912265092134476,0.0990854799747467,0.09401492774486542,0.0967094823718071,0.09776541590690613,0.95,0.05825242718446602,0.941747572815534,982.6,0.09771405905485153,0.09693164378404617,0.0,4849664,0.8333333333333334,0.099541075527668,0.09546369314193726,0.10127740353345871,0.09948623925447464,0.0970730409026146,0.09401492774486542,993,1.076999776513813,2.0485436893203883,12,707.102294921875,0.09998452663421631,0.09691157937049866,0.09580664336681366,0.10127740353345871,0.09430868923664093,0.2,3120,16,97,0.0,0.1,0.8125,10,1.0,1e-05,16,1.0,0.11263351440429688,0.0023988392,-0.0033150770060274225,1.0,13,0.09776929765939713,22.689266633987426,0.27120381593704224,0.8577123880386353,0.0719028268227703,16,1.0
4882,0.09951470792293549,1.4298589743589754,0.09808580577373505,38,0.09711070358753204,0.09871410578489304,0.10030648112297058,0.0982193648815155,0.09621469676494598,20,0.09865877032279968,0.09816650301218033,0.09939415752887726,0.0993400514125824,0.09423438459634781,0.09691650420427322,0.0979229211807251,1.0,0.01282051282051282,0.9871794871794872,984.89,0.09802161157131195,0.0971032977104187,0.0,4980736,0.9523809523809523,0.09980161488056183,0.09574417024850845,0.10153936594724655,0.09978433698415756,0.09748901426792145,0.09423438459634781,1020,1.0440384707755423,1.8653846153846154,21,705.3057250976562,0.10026106983423233,0.09708864241838455,0.09610123187303543,0.10153936594724655,0.09441538900136948,0.2,3130,26,154,0.0,0.1,0.9565217391304348,16,1.0,1e-05,19,1.0,0.105584716796875,0.0022262922,-0.0033744296488293912,1.0,31,0.09800595790147781,22.626970517635346,0.2702349126338959,0.7886730432510376,0.056153916238690725,23,1.0
4881,0.09967518597841263,1.4193333333333344,0.09837871044874191,39,0.09733805060386658,0.09904155135154724,0.10045035928487778,0.09852926433086395,0.09641280025243759,22,0.09891477972269058,0.09835021197795868,0.09958650171756744,0.0994962751865387,0.09436653554439545,0.09714312106370926,0.09813135117292404,0.7272727272727273,0.06306306306306306,0.9369369369369369,982.89,0.09809990972280502,0.09735558182001114,0.0,5111808,1.0,0.09996204823255539,0.09599454700946808,0.10176211595535278,0.09999322146177292,0.0977344661951065,0.09436653554439545,1047,1.025495594515354,1.5855855855855856,22,699.25732421875,0.10050157457590103,0.09723564237356186,0.09627748280763626,0.10176211595535278,0.09469890594482422,0.2,3140,11,104,0.0,0.1,0.8888888888888888,13,1.0,1e-05,16,1.0,0.10316238403320313,0.0021952558,-0.0031006144472485175,1.0,18,0.0982171967625618,22.56976208537817,0.2622896134853363,0.8195155262947083,0.029572910517890703,9,1.0
4880,0.09979478269815445,1.4324666666666679,0.098725326359272,40,0.09747674316167831,0.09915297478437424,0.10073140263557434,0.09880010038614273,0.09660140424966812,14,0.09916240721940994,0.09856399893760681,0.09974954277276993,0.0997493788599968,0.09441586583852768,0.09734918922185898,0.09839355945587158,0.9285714285714286,0.006666666666666667,0.9933333333333333,995.72,0.09834662824869156,0.09752753376960754,0.0,5242880,1.0,0.10019966214895248,0.09609981626272202,0.10195048898458481,0.10018260776996613,0.09789592027664185,0.09441586583852768,1074,1.0447441846298307,1.84,20,711.1560668945312,0.10077346861362457,0.09759935736656189,0.09656612575054169,0.10195048898458481,0.09507407993078232,0.2,3150,17,149,0.0,0.1,1.0,20,1.0,1e-05,21,1.0,0.111492919921875,0.0023017216,-0.0033403527842892798,1.0,28,0.09843529760837555,22.515757562220095,0.2904764413833618,0.8188329339027405,0.05620613203500398,30,1.0
4879,0.09995761513710022,1.4130569105691067,0.09893650561571121,41,0.09773893654346466,0.09940977394580841,0.10084003955125809,0.09897729754447937,0.09673406183719635,24,0.09948576986789703,0.09862878173589706,0.10001301765441895,0.09991353005170822,0.0944528803229332,0.09747662395238876,0.09845558553934097,0.5416666666666666,0.0975609756097561,0.9024390243902439,957.48,0.09860620647668839,0.09778567403554916,0.0,5373952,1.0,0.1002582535147667,0.09642479568719864,0.10210531949996948,0.10027245432138443,0.09802211076021194,0.0944528803229332,1101,1.1257944370332906,1.967479674796748,13,679.358642578125,0.1008671447634697,0.09781432896852493,0.0967363491654396,0.10210531949996948,0.09537135064601898,0.2,3160,18,111,0.0,0.1,0.9090909090909091,18,1.0,1e-05,19,1.0,0.10980758666992188,0.002283839,-0.0031451793252017524,1.0,20,0.09861136972904205,22.466349804401396,0.2482994794845581,0.8297389149665833,0.03769392291578697,11,1.0
4877,0.10028187930583954,1.42995890410959,0.09915004670619965,42,0.09800909459590912,0.09964704513549805,0.10105674713850021,0.09923741221427917,0.0970267653465271,14,0.09972302615642548,0.09904320538043976,0.10027491301298141,0.10021306574344635,0.09472040832042694,0.09773313999176025,0.09870664030313492,0.7857142857142857,0.0410958904109589,0.958904109589041,976.48,0.09884539991617203,0.09800701588392258,0.0,5505024,1.0,0.1005956158041954,0.0965949296951294,0.10235637426376343,0.10047920048236847,0.09833302348852158,0.09472040832042694,1128,0.9829179477913779,1.773972602739726,21,699.4779663085938,0.10138396918773651,0.09789195656776428,0.096993088722229,0.10235637426376343,0.09553728252649307,0.2,3170,14,140,0.0,0.1,0.8333333333333334,28,1.0,1e-05,23,1.0,0.11665191650390624,0.0024009822,-0.003940793269521237,1.0,28,0.09887365251779556,22.41077501177788,0.2553432881832123,0.8672388792037964,0.0759083062002901,18,1.0
4876,0.10054909437894821,1.4275894736842116,0.09936970472335815,43,0.09835515916347504,0.09986916929483414,0.10127576440572739,0.09944403171539307,0.09728267788887024,32,0.0999290719628334,0.09944315254688263,0.10057219117879868,0.10046613961458206,0.0948021188378334,0.09779812395572662,0.09893359988927841,0.90625,0.021052631578947368,0.9789473684210527,998.44,0.09905076026916504,0.09827129542827606,0.0,5636096,0.96,0.10086926072835922,0.09685773402452469,0.10253845900297165,0.10068535059690475,0.09861645847558975,0.0948021188378334,1155,0.9958385622834149,1.7157894736842105,25,713.7059936523438,0.1015968844294548,0.0981045737862587,0.09719038009643555,0.10253845900297165,0.09576033800840378,0.2,3180,18,186,0.0,0.1,1.0,29,1.0,1e-05,17,1.0,0.10939407348632812,0.0022586207,-0.003397737620252883,1.0,42,0.09910525381565094,22.347195279598235,0.2607457935810089,0.8041818141937256,0.053369489360193256,27,1.0
4876,0.1007780060172081,1.4052926829268302,0.09954386949539185,44,0.09869956225156784,0.09996988624334335,0.10148682445287704,0.0996401384472847,0.09746724367141724,23,0.10015472769737244,0.09978037327528,0.10074334591627121,0.10064129531383514,0.09508253633975983,0.09796799719333649,0.09920819103717804,0.5652173913043478,0.1951219512195122,0.8048780487804879,917.12,0.0992293432354927,0.09846605360507965,0.0,5767168,0.8571428571428571,0.10102471709251404,0.09698360413312912,0.10271551460027695,0.1009075716137886,0.09885060787200928,0.09508253633975983,1182,1.2468075020716687,2.0853658536585367,7,655.0982666015625,0.10178019106388092,0.09844408184289932,0.0973479375243187,0.10271551460027695,0.09590958058834076,0.2,3190,9,66,0.0,0.1,0.6428571428571429,11,1.0,1e-05,6,1.0,0.10546798706054687,0.0021900774,-0.003123823514033575,1.0,12,0.099312923848629,22.292702403664588,0.25091874599456787,0.7934617400169373,0.056472242042946166,14,1.0
4874,0.1011483296751976,1.4181878453038688,0.09974421560764313,45,0.09904984384775162,0.10018709301948547,0.10174836218357086,0.09975819289684296,0.09758894145488739,21,0.1004105880856514,0.10002503544092178,0.10091975331306458,0.10083740204572678,0.09519906342029572,0.09823308885097504,0.0995778888463974,0.8571428571428571,0.04419889502762431,0.9558011049723757,990.94,0.09940733760595322,0.0987163633108139,0.0,5898240,1.0,0.10135988146066666,0.09730780124664307,0.10288271307945251,0.10120655596256256,0.09897784143686295,0.09519906342029572,1209,1.081500605472366,1.9558011049723756,23,713.6975708007812,0.10201030224561691,0.09882134199142456,0.09756235033273697,0.10288271307945251,0.09615521132946014,0.2,3200,19,173,0.0,0.1,0.8529411764705882,31,1.0,1e-05,22,1.0,0.1218597412109375,0.0025237873,-0.0036579495790647343,1.0,31,0.0995534136891365,22.23632168471813,0.34671902656555176,0.7812321186065674,0.1322881600324763,34,1.0
4874,0.10139649361371994,1.4087252747252759,0.1000443771481514,46,0.09938985109329224,0.10040076822042465,0.10193053632974625,0.09993916749954224,0.0977514311671257,18,0.1006520614027977,0.10027400404214859,0.1010553315281868,0.1010599285364151,0.09533404558897018,0.09854601323604584,0.09980680048465729,0.7777777777777778,0.10989010989010989,0.8901098901098901,945.9,0.09967515617609024,0.09900085628032684,0.0,6029312,0.875,0.10154055804014206,0.09758412837982178,0.10320902615785599,0.10148687660694122,0.09918054193258286,0.09533404558897018,1236,0.967318595553011,2.010989010989011,8,678.9593505859375,0.10206910222768784,0.09903565049171448,0.0978349968791008,0.10320902615785599,0.09641994535923004,0.2,3210,9,81,0.0,0.1,0.6666666666666666,18,1.0,1e-05,4,1.0,0.11201171875,0.0022498982,-0.0035195585240217044,1.0,19,0.09978470951318741,22.176835991442204,0.28314945101737976,0.8130003213882446,0.0686756420211168,15,1.0
4872,0.10151714831590652,1.4379885057471276,0.1002454161643982,47,0.09960778802633286,0.1006443127989769,0.1023353785276413,0.10017130523920059,0.09801652282476425,26,0.10099446773529053,0.10046084225177765,0.10131727904081345,0.10127346962690353,0.0954439789056778,0.09881079196929932,0.10010793805122375,0.6538461538461539,0.06896551724137931,0.9310344827586207,994.57,0.09994600713253021,0.09913907200098038,0.0,6160384,0.95,0.10180880129337311,0.09778602421283722,0.1034640297293663,0.10174925625324249,0.09948026388883591,0.0954439789056778,1264,1.045319069139683,1.7471264367816093,20,716.3048706054688,0.10232511907815933,0.0994172915816307,0.09799986332654953,0.1034640297293663,0.09663259238004684,0.2,3220,21,162,0.0,0.1,0.9130434782608695,24,1.0,1e-05,21,1.0,0.11504364013671875,0.0025008016,-0.00307095860116533,1.0,39,0.10002779960632324,22.117421689629555,0.3329058885574341,0.7722222805023193,0.0968349908318487,23,1.0
4872,0.10178465396165848,1.4374905660377368,0.1005016416311264,48,0.09985728561878204,0.10083518177270889,0.10262193530797958,0.10050003975629807,0.09844811260700226,19,0.10136052966117859,0.10066986829042435,0.10154653340578079,0.10145141184329987,0.09572914987802505,0.09911716729402542,0.10040296614170074,0.8947368421052632,0.10377358490566038,0.8962264150943396,937.89,0.10012748837471008,0.09941579401493073,0.0,6291456,0.8823529411764706,0.10197644680738449,0.09808361530303955,0.10376323759555817,0.10200341790914536,0.09977049380540848,0.09572914987802505,1291,0.9781127643273836,1.6132075471698113,17,672.9861450195312,0.10266286879777908,0.09972300380468369,0.09824414551258087,0.10376323759555817,0.09686633199453354,0.2,3230,13,95,0.0,0.1,0.5333333333333333,9,1.0,1e-05,10,1.0,0.11400680541992188,0.0023812721,-0.0037127434766262013,1.0,23,0.10029853880405426,22.053404964506626,0.2620459198951721,0.7737447023391724,0.08714542539091781,15,1.0
4871,0.10198427736759186,1.4065185185185196,0.10070917755365372,49,0.10014186054468155,0.1012156531214714,0.10285043716430664,0.1007341668009758,0.09868713468313217,26,0.1015835627913475,0.10096608102321625,0.10181642323732376,0.10184988379478455,0.09592689573764801,0.09932250529527664,0.1006186455488205,0.8461538461538461,0.037037037037037035,0.9629629629629629,992.39,0.10038155317306519,0.09957814961671829,0.0,6422528,1.0,0.10214252024888992,0.09829998016357422,0.10408881306648254,0.10227309167385101,0.10014449059963226,0.09592689573764801,1318,0.9640048310055364,1.8024691358024691,18,715.964599609375,0.10309154540300369,0.10004916787147522,0.098455511033535,0.10408881306648254,0.09710739552974701,0.2,3240,26,156,0.0,0.1,0.8888888888888888,16,1.0,1e-05,25,1.0,0.11087112426757813,0.002384705,-0.0031791941213668907,1.0,33,0.1005607545375824,21.986804513633253,0.28387996554374695,0.7973998188972473,0.08890129113133298,18,1.0
4871,0.10220298916101456,1.407783783783784,0.10074327141046524,50,0.10046590119600296,0.10149490833282471,0.10305827856063843,0.10104066133499146,0.0989345982670784,16,0.10177494585514069,0.10119246691465378,0.10198712348937988,0.10218122601509094,0.09617630392313004,0.09948626905679703,0.10084114968776703,0.75,0.07207207207207207,0.9279279279279279,959.23,0.10065571218729019,0.09974507242441177,0.0,6553600,0.9166666666666666,0.10242269188165665,0.09830297529697418,0.10449995845556259,0.10253706574440002,0.10051029920578003,0.09617630392313004,1345,0.966293827303164,1.7477477477477477,12,687.9119262695312,0.10324599593877792,0.10026229172945023,0.09863847494125366,0.10449995845556259,0.09722771495580673,0.2,3250,11,103,0.0,0.1,0.8235294117647058,17,1.0,1e-05,13,1.0,0.11097946166992187,0.0023420895,-0.0032500064051419033,1.0,25,0.10078512877225876,21.926262159645557,0.23691704869270325,0.7949306964874268,0.05317525150021538,17,1.0
4870,0.10243260860443115,1.427750000000001,0.10103213787078857,51,0.10075746476650238,0.10162726044654846,0.1032818928360939,0.10134655982255936,0.09903144091367722,19,0.10207542777061462,0.10144234448671341,0.10218863189220428,0.10248801857233047,0.09627626091241837,0.09985499829053879,0.10118014365434647,0.8947368421052632,0.046052631578947366,0.9539473684210527,983.51,0.10098881274461746,0.09990086406469345,0.0,6684672,0.9523809523809523,0.1026754379272461,0.09859802573919296,0.10475543141365051,0.10285867750644684,0.10064851492643356,0.09627626091241837,1372,1.0561015684113197,1.9605263157894737,21,707.808349609375,0.10351305454969406,0.10050228983163834,0.09882296621799469,0.10475543141365051,0.09751899540424347,0.2,3260,28,145,0.0,0.1,0.8695652173913043,16,1.0,1e-05,16,1.0,0.11425323486328125,0.0023815308,-0.003284914635878522,0.9375,29,0.10103192925453186,21.86825668811798,0.26265472173690796,0.7735903859138489,0.06688863905583275,23,1.0
4870,0.10267886519432068,1.4342479338842986,0.1011839285492897,52,0.10098856687545776,0.1019449457526207,0.10349646955728531,0.10158411413431168,0.09931155294179916,18,0.1023833155632019,0.10177407413721085,0.10254831612110138,0.10265244543552399,0.09643077105283737,0.10001339763402939,0.1015113890171051,0.6666666666666666,0.0743801652892562,0.9256198347107438,980.28,0.10124427825212479,0.10028167814016342,0.0,6815744,1.0,0.1028837189078331,0.09889417141675949,0.10503485053777695,0.10303402692079544,0.10099537670612335,0.09643077105283737,1399,1.0123529089363992,1.9421487603305785,14,704.6295166015625,0.10390391945838928,0.10084398835897446,0.0991310402750969,0.10503485053777695,0.09772510081529617,0.2,3270,12,112,0.0,0.1,0.875,20,1.0,1e-05,10,1.0,0.1149749755859375,0.0024373112,-0.003656664942172938,1.0,23,0.10129896551370621,21.80450390726328,0.3043975234031677,0.7927639484405518,0.08128358964022482,24,1.0
4870,0.10297151654958725,1.426843537414967,0.10134875774383545,53,0.10122647136449814,0.10218590497970581,0.10385463386774063,0.10174757987260818,0.09945187717676163,29,0.10257824510335922,0.10213278234004974,0.10283928364515305,0.10288215428590775,0.0966237485408783,0.10031257569789886,0.10179261863231659,0.896551724137931,0.047619047619047616,0.9523809523809523,987.76,0.10162843018770218,0.10060633718967438,0.0,6946816,0.9473684210526315,0.1030537560582161,0.09912999719381332,0.10539396852254868,0.10341835021972656,0.10129597783088684,0.0966237485408783,1426,1.018874996213399,1.8979591836734695,19,714.4511108398438,0.10427691787481308,0.10100551694631577,0.09936006367206573,0.10539396852254868,0.09795110672712326,0.2,3280,16,140,0.0,0.1,0.8695652173913043,20,1.0,1e-05,16,1.0,0.10560379028320313,0.0021933224,-0.003539633021136979,1.0,24,0.1015627458691597,21.7391086101532,0.29734089970588684,0.8610342741012573,0.059225734604115135,23,1.0
4870,0.10312296450138092,1.4337739130434797,0.10164962708950043,54,0.10139930248260498,0.10249803215265274,0.1041700467467308,0.10206960886716843,0.09968606382608414,22,0.10270674526691437,0.1024940013885498,0.10315006226301193,0.10312242060899734,0.0968364030122757,0.1006031483411789,0.10210847854614258,0.8181818181818182,0.06956521739130435,0.9304347826086956,966.92,0.1017797514796257,0.10083441436290741,0.0,7077888,0.9444444444444444,0.10317254066467285,0.09938749670982361,0.10568232834339142,0.10365945845842361,0.10153936594724655,0.0968364030122757,1453,1.0843593954704946,1.7826086956521738,18,696.9319458007812,0.1046288013458252,0.10124705731868744,0.09954161196947098,0.10568232834339142,0.09819203615188599,0.2,3290,15,107,0.0,0.1,0.8235294117647058,10,1.0,1e-05,14,1.0,0.11291961669921875,0.0023217553,-0.0034621361078279733,1.0,19,0.10181127488613129,21.675809417665004,0.2873895466327667,0.8189651966094971,0.06336812091467436,17,1.0
4869,0.10332423448562622,1.4226052631578958,0.10192499309778214,55,0.1015615463256836,0.10270065069198608,0.10441325604915619,0.10240565240383148,0.0997922345995903,21,0.10296550393104553,0.1025996282696724,0.10323585569858551,0.10344082117080688,0.09703198820352554,0.10091190785169601,0.10230401158332825,0.8571428571428571,0.039473684210526314,0.9605263157894737,995.67,0.10211527347564697,0.10110276192426682,0.0,7208960,1.0,0.10343322157859802,0.09956252574920654,0.10587960481643677,0.10404491424560547,0.10173524171113968,0.09703198820352554,1480,0.9789045691183689,2.0723684210526314,14,716.3189697265625,0.10479769855737686,0.10148701816797256,0.09978163242340088,0.10587960481643677,0.09840718656778336,0.2,3300,23,146,0.0,0.1,0.896551724137931,22,1.0,1e-05,13,1.0,0.103314208984375,0.0022309702,-0.003285549131123844,1.0,30,0.10203836858272552,21.61834246516228,0.2361575961112976,0.8325557708740234,0.06482727411203086,29,1.0
4870,0.10362008959054947,1.4292920353982312,0.10211608558893204,56,0.10184755176305771,0.10279599577188492,0.1047527864575386,0.10249468684196472,0.10000145435333252,24,0.1031460091471672,0.10269435495138168,0.10358180850744247,0.10368189215660095,0.0971217006444931,0.10122694820165634,0.10247259587049484,0.7083333333333334,0.10619469026548672,0.8938053097345132,953.99,0.10237067192792892,0.10144305974245071,0.0,7340032,1.0,0.1037118136882782,0.09975544363260269,0.10615154355764389,0.10425128787755966,0.1019258201122284,0.0971217006444931,1507,1.072926316127519,1.9823008849557522,8,683.3834228515625,0.10500925779342651,0.10184815526008606,0.1002386286854744,0.10615154355764389,0.09855370223522186,0.2,3310,11,101,0.0,0.1,0.75,19,1.0,1e-05,16,1.0,0.11997299194335938,0.002503289,-0.003467732993794925,0.9473684210526315,19,0.10227252542972565,21.560852333903313,0.23347929120063782,0.8426285982131958,0.05728716149315005,16,1.0
4869,0.10403233766555786,1.421064935064936,0.1024371087551117,57,0.10203146189451218,0.10305551439523697,0.10500122606754303,0.10256285965442657,0.10020935535430908,18,0.10340557247400284,0.10292793065309525,0.10373952984809875,0.10384441167116165,0.09723059087991714,0.10135316103696823,0.10275977849960327,0.9444444444444444,0.03896103896103896,0.961038961038961,990.82,0.10257051885128021,0.10177897661924362,0.0,7471104,1.0,0.10406069457530975,0.10003147274255753,0.10644791275262833,0.10443226993083954,0.10223915427923203,0.09723059087991714,1534,1.155688056503564,1.948051948051948,24,714.6140747070312,0.10531836003065109,0.10204707831144333,0.10046053677797318,0.10644791275262833,0.09876182675361633,0.2,3320,23,148,0.0,0.1,0.7916666666666666,16,1.0,1e-05,31,1.0,0.120904541015625,0.002458369,-0.0032756993032307946,1.0,18,0.10250958055257797,21.503948886692523,0.27093803882598877,0.8496189117431641,0.08701426789048128,24,1.0
4869,0.10425611585378647,1.4277431192660563,0.1026572734117508,58,0.10222484171390533,0.10335517674684525,0.10518041998147964,0.10292692482471466,0.10032358020544052,12,0.10369215905666351,0.10312256962060928,0.10386919230222702,0.10403120517730713,0.09743215888738632,0.10162799060344696,0.10286711156368256,0.8333333333333334,0.07339449541284404,0.926605504587156,967.18,0.10267886519432068,0.10199281573295593,0.0,7602176,0.9411764705882353,0.1043151319026947,0.10027740150690079,0.10679692029953003,0.1047532856464386,0.10237552970647812,0.09743215888738632,1561,0.9797490498971013,1.6055045871559632,17,694.7628784179688,0.10560958832502365,0.10232038050889969,0.1006249263882637,0.10679692029953003,0.09894530475139618,0.2,3330,16,101,0.0,0.1,0.75,7,1.0,1e-05,10,1.0,0.11131210327148437,0.0023113429,-0.0036960000833460072,1.0,27,0.10273027420043945,21.44808349311352,0.30440056324005127,0.8481042981147766,0.07684450891974848,20,1.0
4868,0.10456132143735886,1.444250000000001,0.10304606705904007,59,0.10225029289722443,0.10347484797239304,0.10554909706115723,0.10320442169904709,0.1006767600774765,23,0.10408705472946167,0.1032787337899208,0.10411407798528671,0.1042615994811058,0.09768356382846832,0.10175112634897232,0.10326176881790161,0.8260869565217391,0.03125,0.96875,983.87,0.10279988497495651,0.10224700719118118,0.0,7733248,1.0,0.10467591136693954,0.10060964524745941,0.10705304890871048,0.10496488958597183,0.10245488584041595,0.09768356382846832,1588,0.9945729845441248,1.725,25,708.3381958007812,0.10603605955839157,0.10242199152708054,0.10077778995037079,0.10705304890871048,0.09916983544826508,0.2,3340,22,155,0.0,0.1,0.9375,20,1.0,1e-05,23,1.0,0.11494979858398438,0.0023923144,-0.003322483811643906,1.0,31,0.10297646373510361,21.39134049862623,0.27876874804496765,0.8225165605545044,0.06893376689549768,16,1.0
4868,0.10475433617830276,1.4273703703703715,0.10333742946386337,60,0.10255616158246994,0.10370924323797226,0.10585010051727295,0.10334829986095428,0.10099343210458755,14,0.10444517433643341,0.10350994020700455,0.10426505655050278,0.10461505502462387,0.09773607552051544,0.1018977090716362,0.10356338322162628,0.8571428571428571,0.05555555555555555,0.9444444444444444,975.83,0.10307522118091583,0.10255229473114014,0.0,7864320,1.0,0.10496733337640762,0.1008819118142128,0.10748441517353058,0.10506822168827057,0.10267660766839981,0.09773607552051544,1615,0.9910939847469207,1.9814814814814814,14,700.7921142578125,0.10607560724020004,0.10275059193372726,0.10102204233407974,0.10748441517353058,0.09941577166318893,0.2,3350,18,102,0.0,0.1,0.85,14,1.0,1e-05,4,1.0,0.1086761474609375,0.0022763708,-0.003163779965507274,0.9285714285714286,24,0.10322204977273941,21.33136082589626,0.25249069929122925,0.7832456827163696,0.046587536141305466,20,1.0
4867,0.1049746721982956,1.442000000000001,0.10355810075998306,61,0.10267071425914764,0.1038890853524208,0.10605359822511673,0.10371460765600204,0.10124193876981735,24,0.1046360656619072,0.10367005318403244,0.10456541925668716,0.10490001738071442,0.09778858721256256,0.10208175331354141,0.10369784384965897,0.9166666666666666,0.037037037037037035,0.9629629629629629,983.87,0.10333578288555145,0.10293284058570862,0.0,7995392,0.9545454545454546,0.10509316623210907,0.10114558041095734,0.10777813196182251,0.10534171760082245,0.10288094729185104,0.09778858721256256,1642,1.0256553990467683,1.7839506172839505,22,713.6631469726562,0.10635915398597717,0.10295362770557404,0.10131119191646576,0.10777813196182251,0.09946304559707642,0.2,3360,24,156,0.0,0.1,0.8421052631578947,17,1.0,1e-05,26,1.0,0.10284042358398438,0.0022281446,-0.0032437906117593228,1.0,30,0.1034415066242218,21.27594901919365,0.24488243460655212,0.8293830156326294,0.053390823276276936,19,1.0
4868,0.10514016449451447,1.456760000000001,0.10382363945245743,62,0.10293318331241608,0.10413892567157745,0.10637304931879044,0.1039305254817009,0.10130481421947479,14,0.10499294102191925,0.1040036529302597,0.10502967238426208,0.10510125756263733,0.09802902489900589,0.1023598164319992,0.10401969403028488,0.7142857142857143,0.06,0.94,980.2,0.10349278897047043,0.10311460494995117,0.0,8126464,0.9166666666666666,0.10541234165430069,0.10136465728282928,0.10806503146886826,0.10557252913713455,0.10320402681827545,0.09802902489900589,1669,0.9968344367277521,1.56,12,707.7252197265625,0.1066516786813736,0.10329104959964752,0.10137166827917099,0.10806503146886826,0.09973771870136261,0.2,3370,10,94,0.0,0.1,0.9090909090909091,14,1.0,1e-05,14,1.0,0.10737686157226563,0.00234226,-0.0036232929433026584,1.0,25,0.10369833558797836,21.21867614686489,0.2749270796775818,0.7800239324569702,0.06383265637996374,11,1.0
4867,0.10532291233539581,1.4332969696969706,0.1039830669760704,63,0.10326849669218063,0.10443449020385742,0.10672086477279663,0.10415402054786682,0.10150986909866333,25,0.10515580326318741,0.10438454896211624,0.105409175157547,0.10529515892267227,0.0981614962220192,0.10274133086204529,0.10423543304204941,0.92,0.03636363636363636,0.9636363636363636,985.85,0.10378891974687576,0.10339571535587311,0.0,8257536,0.9259259259259259,0.10578583925962448,0.10168644785881042,0.10845563560724258,0.10575678199529648,0.10346712917089462,0.0981614962220192,1696,1.0915300482135408,1.8060606060606061,27,710.6116943359375,0.1069091409444809,0.1035500019788742,0.10148123651742935,0.10845563560724258,0.09999696910381317,0.2,3380,22,159,0.0,0.1,0.9285714285714286,13,1.0,1e-05,26,1.0,0.10509719848632812,0.0022768392,-0.003620815085560025,1.0,24,0.1039620190858841,21.156032362580298,0.23940613865852356,0.7812955975532532,0.054628321771451736,28,1.0
4867,0.1056334599852562,1.4076161616161627,0.10419562458992004,64,0.10349290817975998,0.10476334393024445,0.1070481464266777,0.10439331084489822,0.10188373923301697,19,0.1053299605846405,0.10455107688903809,0.10565431416034698,0.10554610192775726,0.09834440052509308,0.10293333232402802,0.10449162125587463,0.7368421052631579,0.06060606060606061,0.9393939393939394,969.98,0.10405241698026657,0.1036418080329895,0.0,8388608,1.0,0.10601644217967987,0.10198831558227539,0.10880447179079056,0.1060652807354927,0.1038069799542427,0.09834440052509308,1723,1.0024273553744785,1.8383838383838385,10,695.2235107421875,0.10711376368999481,0.1038188636302948,0.10166262090206146,0.10880447179079056,0.1001536101102829,0.2,3390,13,93,0.0,0.1,0.9166666666666666,14,1.0,1e-05,9,1.0,0.10754241943359374,0.0022325548,-0.0031769864177476847,1.0,22,0.10421542823314667,21.092613191902636,0.24402351677417755,0.8041582703590393,0.058599290107667915,12,1.0
4866,0.10592455416917801,1.4200350877192993,0.10453023761510849,65,0.10374240577220917,0.1050688847899437,0.10727200657129288,0.10474631935358047,0.10210169106721878,21,0.1054919958114624,0.10486575961112976,0.10583243519067764,0.10591204464435577,0.09856683760881424,0.10330034047365189,0.10466049611568451,0.7142857142857143,0.07602339181286549,0.9239766081871345,975.66,0.10429059714078903,0.10383860766887665,0.0,8519680,0.9583333333333334,0.10616324841976166,0.10223644226789474,0.10893149673938751,0.10634360462427139,0.10414537787437439,0.09856683760881424,1750,1.1371825205772588,2.0994152046783627,24,704.0591430664062,0.10738738626241684,0.10409112274646759,0.10189656168222427,0.10893149673938751,0.10038222372531891,0.2,3400,20,158,0.0,0.1,0.8214285714285714,37,1.0,1e-05,13,1.0,0.10471420288085938,0.002238249,-0.003336689367824874,0.972972972972973,28,0.10446890443563461,21.03309037089348,0.274099737405777,0.8395513296127319,0.0669931490716408,28,1.0
4867,0.10617650300264359,1.4235957446808525,0.10480746626853943,66,0.10401168465614319,0.10534214228391647,0.10758612304925919,0.10502879321575165,0.10225673019886017,13,0.10567456483840942,0.10502345860004425,0.10600728541612625,0.1062149927020073,0.09876043349504471,0.1034814715385437,0.10496490448713303,0.9230769230769231,0.0425531914893617,0.9574468085106383,993.55,0.10453341156244278,0.10407452285289764,0.0,8650752,1.0,0.10632959008216858,0.10255186259746552,0.10921566188335419,0.1066531240940094,0.10435869544744492,0.09876043349504471,1777,0.9374793907526783,1.6063829787234043,14,717.571533203125,0.107705257833004,0.10415230691432953,0.10191075503826141,0.10921566188335419,0.10065468400716782,0.2,3410,10,90,0.0,0.1,0.8461538461538461,12,1.0,1e-05,10,1.0,0.11258468627929688,0.002290366,-0.0037050657463623795,0.9166666666666666,22,0.10469905287027359,20.975042530894278,0.28929412364959717,0.845375657081604,0.08866199678886914,13,1.0
4866,0.1063951626420021,1.4360114942528746,0.10517533868551254,67,0.10426449030637741,0.10549923777580261,0.10778792947530746,0.10514114052057266,0.10253779590129852,24,0.10586536675691605,0.1053542047739029,0.10627583414316177,0.10635742545127869,0.09892690181732178,0.10365728288888931,0.1052776649594307,0.875,0.04597701149425287,0.9540229885057471,988.88,0.10481277108192444,0.10422121733427048,0.0,8781824,0.9473684210526315,0.10653749108314514,0.10278449952602386,0.10947688668966293,0.10706330835819244,0.10458922386169434,0.09892690181732178,1804,0.979084341981781,1.5632183908045978,19,714.6275634765625,0.1079828217625618,0.10441523790359497,0.10199899226427078,0.10947688668966293,0.10092446953058243,0.2,3420,15,166,0.0,0.1,0.8709677419354839,21,1.0,1e-05,18,1.0,0.11234130859375,0.0022687668,-0.003061813962449378,1.0,46,0.10493289679288864,20.91891756206751,0.2393263429403305,0.7178996801376343,0.05223130826634588,31,1.0
4866,0.10650516301393509,1.426687500000001,0.10543501377105713,68,0.10447440296411514,0.10579030215740204,0.10813740640878677,0.10532999038696289,0.10288362205028534,13,0.10613973438739777,0.10541661083698273,0.10652349889278412,0.10657259821891785,0.09914255142211914,0.10394172370433807,0.1054079681634903,0.6923076923076923,0.0625,0.9375,985.07,0.10509186238050461,0.10458353906869888,0.0,8912896,1.0,0.10668613761663437,0.1032225638628006,0.1097421795129776,0.10744273662567139,0.10489170998334885,0.09914255142211914,1831,1.0536172206685241,1.5625,12,717.826416015625,0.10818780213594437,0.10470659285783768,0.10222993791103363,0.1097421795129776,0.10130703449249268,0.2,3430,10,90,0.0,0.1,0.8888888888888888,13,1.0,1e-05,17,1.0,0.11318588256835938,0.0023578438,-0.003524984550313093,0.9230769230769231,22,0.10519170761108398,20.860310603678226,0.27538880705833435,0.7938581705093384,0.0767274235302466,9,1.0
4866,0.10691041499376297,1.4456287425149712,0.10589142143726349,69,0.10474441200494766,0.10594533383846283,0.10836904495954514,0.10552695393562317,0.10306353121995926,22,0.10626387596130371,0.1056806892156601,0.10676179081201553,0.10677868872880936,0.09930187463760376,0.10422946512699127,0.10566963255405426,0.8181818181818182,0.05389221556886228,0.9461077844311377,967.97,0.10534041374921799,0.10478660464286804,0.0,9043968,1.0,0.10682088136672974,0.10351143032312393,0.10999616980552673,0.10775689035654068,0.10519088804721832,0.09930187463760376,1858,1.1362523209368773,1.6826347305389222,27,703.096923828125,0.10850229114294052,0.10507743060588837,0.10252545028924942,0.10999616980552673,0.1015801951289177,0.2,3440,18,158,0.0,0.1,0.8148148148148148,17,1.0,1e-05,27,1.0,0.11244735717773438,0.0022829175,-0.003290382925661106,1.0,29,0.10544903576374054,20.798958590626718,0.27437976002693176,0.7489508390426636,0.0675079491440556,27,1.0
4866,0.1071876659989357,1.427680000000001,0.10617448389530182,70,0.10498971492052078,0.10615114122629166,0.1085100844502449,0.1057409793138504,0.10338270664215088,13,0.10644949227571487,0.10577628016471863,0.10700742155313492,0.10698004812002182,0.09956656396389008,0.10448934882879257,0.10597368329763412,0.8461538461538461,0.05,0.95,984.28,0.10555218905210495,0.1050942912697792,0.0,9175040,1.0,0.1070643812417984,0.10376184433698654,0.11023896932601929,0.10789396613836288,0.10550711303949356,0.09956656396389008,1885,1.1247167179135782,2.42,8,708.4166259765625,0.10865893959999084,0.10532737523317337,0.10280461609363556,0.11023896932601929,0.10175669938325882,0.2,3450,19,95,0.0,0.1,0.85,15,1.0,1e-05,13,1.0,0.10142440795898437,0.0022035495,-0.003338492223065259,1.0,12,0.10568159818649292,20.741778109967708,0.2802918553352356,0.824720025062561,0.0843213473825017,20,1.0
4865,0.10742121934890747,1.425158536585367,0.10646525025367737,71,0.10512825846672058,0.10645794123411179,0.10876808315515518,0.10590094327926636,0.10359343886375427,26,0.10664524883031845,0.10604189336299896,0.10707033425569534,0.10727673768997192,0.09967753291130066,0.10470417141914368,0.10613413900136948,0.8461538461538461,0.036585365853658534,0.9634146341463414,969.98,0.10572860389947891,0.10543179512023926,0.0,9306112,1.0,0.10739583522081375,0.10409064590930939,0.11050473898649216,0.10806817561388016,0.1058821827173233,0.09967753291130066,1912,1.0097668926968169,1.853658536585366,20,699.933349609375,0.10890893638134003,0.1056213453412056,0.10296077281236649,0.11050473898649216,0.10196281224489212,0.2,3460,21,158,0.0,0.1,0.9047619047619048,22,1.0,1e-05,25,1.0,0.09416122436523437,0.0020779665,-0.003172319835084636,1.0,29,0.10591363906860352,20.686038741469382,0.2401379942893982,0.8615443110466003,0.03884483706933679,21,1.0
4865,0.10779280960559845,1.4306990291262147,0.10677257925271988,72,0.10536827147006989,0.10671231895685196,0.10908713191747665,0.10618098825216293,0.10377208143472672,11,0.10697764903306961,0.10637406259775162,0.10720057040452957,0.10768579691648483,0.09994783997535706,0.10495474934577942,0.10633902251720428,0.8181818181818182,0.06796116504854369,0.9320388349514563,959.15,0.106010802090168,0.10559403151273727,0.0,9437184,0.9444444444444444,0.10754906386137009,0.10428954660892487,0.11082111299037933,0.10851776599884033,0.10625529289245605,0.09994783997535706,1939,1.127978708661569,1.9029126213592233,18,695.2841186523438,0.10908018797636032,0.10584107041358948,0.1033424586057663,0.11082111299037933,0.10217177122831345,0.2,3470,13,96,0.0,0.1,0.6923076923076923,16,1.0,1e-05,19,1.0,0.1151031494140625,0.0023495532,-0.0031871397181021167,1.0,13,0.10618554800748825,20.626637157797813,0.30735349655151367,0.7924243211746216,0.0588445697343559,13,1.0
4865,0.10798820108175278,1.4448944099378893,0.10710778832435608,73,0.10554675757884979,0.10692392289638519,0.10937109589576721,0.10651781409978867,0.10397662967443466,22,0.1071557030081749,0.10661423206329346,0.10750012844800949,0.10780663788318634,0.10014475136995316,0.10518629848957062,0.10649853944778442,0.8636363636363636,0.031055900621118012,0.968944099378882,978.99,0.10617724061012268,0.10579976439476013,0.0,9568256,0.9,0.10772272944450378,0.10459990054368973,0.11133141815662384,0.10865280032157898,0.1065501943230629,0.10014475136995316,1966,1.016774921272394,1.8012422360248448,20,708.3599243164062,0.10935352742671967,0.10615362226963043,0.10356160998344421,0.11133141815662384,0.1024075374007225,0.2,3480,25,156,0.0,0.1,1.0,17,1.0,1e-05,25,1.0,0.11280899047851563,0.0023225073,-0.0033747550959560614,1.0,32,0.1064259484410286,20.566907231509685,0.24276050925254822,0.7960007786750793,0.06386435389431426,20,1.0
4865,0.10832510888576508,1.4300934579439262,0.1074480339884758,74,0.10571927577257156,0.10712571442127228,0.10971121490001678,0.1068931370973587,0.10422578454017639,20,0.10734453797340393,0.10698872059583664,0.10769321769475937,0.10818008333444595,0.10032688081264496,0.10545198619365692,0.10663474351167679,0.85,0.08411214953271028,0.9158878504672897,967.96,0.10644537955522537,0.10600317269563675,0.0,9699328,0.8181818181818182,0.10807183384895325,0.10481563955545425,0.1116621345281601,0.10887586325407028,0.10680117458105087,0.10032688081264496,1993,1.0994252062274508,2.0,11,705.800537109375,0.10960231721401215,0.10636762529611588,0.10379759967327118,0.1116621345281601,0.10259761661291122,0.2,3490,14,98,0.0,0.1,0.8125,14,1.0,1e-05,16,1.0,0.105792236328125,0.0022395966,-0.0034264367108335137,0.9285714285714286,16,0.10668434947729111,20.507955142855643,0.2486802637577057,0.7525817155838013,0.061142174070118925,16,1.0
4864,0.10856369137763977,1.4479615384615396,0.1077522411942482,75,0.10593485087156296,0.10744578391313553,0.1102147102355957,0.10724213719367981,0.1045045480132103,23,0.10763595253229141,0.10719329118728638,0.10776852816343307,0.10848887264728546,0.1004418283700943,0.10556346923112869,0.10696110129356384,0.9130434782608695,0.038461538461538464,0.9615384615384616,976.11,0.10667235404253006,0.10618524253368378,0.0,9830400,0.9473684210526315,0.10846766084432602,0.10504569858312607,0.11195460706949234,0.10922654718160629,0.10689955949783325,0.1004418283700943,2020,1.0556366592947772,2.0256410256410255,19,704.3599853515625,0.1097896546125412,0.10676099359989166,0.10409201681613922,0.11195460706949234,0.10293158888816833,0.2,3500,24,150,0.0,0.1,0.8636363636363636,22,1.0,1e-05,21,1.0,0.11720733642578125,0.00238851,-0.003290678497251065,1.0,25,0.10694947838783264,20.446813449263573,0.3972961902618408,0.8116770386695862,0.07512818021641579,22,1.0
4864,0.10882946103811264,1.4617657657657672,0.10799956321716309,76,0.10624604672193527,0.10755909234285355,0.1104617789387703,0.10744624584913254,0.10486703366041183,15,0.10797670483589172,0.1074376106262207,0.10802207142114639,0.10867279767990112,0.10059214383363724,0.10587571561336517,0.1072443351149559,0.8,0.05405405405405406,0.9459459459459459,975.28,0.10688424110412598,0.10639823973178864,0.0,9961472,0.9375,0.10879267007112503,0.10526850819587708,0.1121298223733902,0.10950333625078201,0.10719620436429977,0.10059214383363724,2047,1.0743711242792717,2.1171171171171173,16,709.8864135742188,0.10990720242261887,0.10717350989580154,0.10451686382293701,0.1121298223733902,0.10316004604101181,0.2,3510,22,105,0.0,0.1,0.8461538461538461,15,1.0,1e-05,13,1.0,0.1058807373046875,0.0022360468,-0.00358564753059909,1.0,17,0.10720644891262054,20.386002525687218,0.2271200269460678,0.7916394472122192,0.06073588593280874,13,1.0
4864,0.10900802165269852,1.4454640522875828,0.10811933875083923,77,0.10630373656749725,0.10779926180839539,0.11059568077325821,0.10759507119655609,0.10502336174249649,25,0.10815512388944626,0.10763902962207794,0.10829507559537888,0.108950175344944,0.10086455196142197,0.10613279789686203,0.10754112154245377,0.84,0.0457516339869281,0.954248366013072,982.09,0.10717039555311203,0.10667029023170471,0.0,10092544,0.875,0.10894082486629486,0.10539912432432175,0.11256825923919678,0.10967046022415161,0.10741283744573593,0.10086455196142197,2074,1.0717003418120925,2.0718954248366015,16,716.4824829101562,0.1101769357919693,0.1073937714099884,0.10462980717420578,0.11256825923919678,0.10340035706758499,0.2,3520,21,146,0.0,0.1,0.95,27,1.0,1e-05,19,1.0,0.10837249755859375,0.0022524318,-0.0033823258647316832,1.0,25,0.10741820931434631,20.331594087183475,0.27143412828445435,0.8105984926223755,0.05947714158537565,20,1.0
4864,0.10932262986898422,1.4527857142857152,0.10824045538902283,78,0.10643921792507172,0.1081233024597168,0.1107773408293724,0.10788077116012573,0.1052931547164917,14,0.10828355699777603,0.10786517709493637,0.10861928015947342,0.10920066386461258,0.10097690671682358,0.10629592835903168,0.10773546993732452,0.8571428571428571,0.05357142857142857,0.9464285714285714,979.6,0.10749528557062149,0.10705235600471497,0.0,10223616,0.8823529411764706,0.10929630696773529,0.10557859390974045,0.11274600774049759,0.10994958132505417,0.10775922983884811,0.10097690671682358,2101,1.077737499539727,2.044642857142857,17,709.4261474609375,0.11061899363994598,0.10776639729738235,0.1049565002322197,0.11274600774049759,0.10366617143154144,0.2,3530,13,106,0.0,0.1,0.8947368421052632,22,1.0,1e-05,9,1.0,0.11721420288085938,0.0023626771,-0.0035169474980648375,1.0,18,0.10767757147550583,20.27678570896387,0.2829993963241577,0.7865515947341919,0.07368051828379976,19,1.0
4863,0.10957156866788864,1.4268933333333342,0.10849432647228241,79,0.1066582053899765,0.10841375589370728,0.1111222356557846,0.10816239565610886,0.10558348149061203,14,0.10855388641357422,0.10813674330711365,0.10900045186281204,0.10939044505357742,0.10109817236661911,0.10662650316953659,0.10783105343580246,0.8571428571428571,0.02,0.98,999.86,0.1077306866645813,0.10736458003520966,0.0,10354688,1.0,0.1095704734325409,0.10593821853399277,0.11292994767427444,0.11017703264951706,0.10795804113149643,0.10109817236661911,2128,0.9456986214308032,1.6133333333333333,22,722.871337890625,0.11105242371559143,0.10798874497413635,0.10529687255620956,0.11292994767427444,0.10385909676551819,0.2,3540,24,147,0.0,0.1,0.9285714285714286,18,1.0,1e-05,19,1.0,0.11677474975585937,0.0024160016,-0.003651624309895851,1.0,39,0.10794036835432053,20.216284777224065,0.2495952844619751,0.7837210297584534,0.0691165758369607,14,1.0
4863,0.10982317477464676,1.464451612903227,0.10859605669975281,80,0.1068984866142273,0.10870690643787384,0.11148358136415482,0.1082523763179779,0.1058206781744957,18,0.10886672139167786,0.10830563306808472,0.10918379575014114,0.10954931378364563,0.10119326412677765,0.10690812021493912,0.10801823437213898,0.7777777777777778,0.0967741935483871,0.9032258064516129,964.4,0.10791760683059692,0.10740210860967636,0.0,10485760,0.9473684210526315,0.10984420031309128,0.10623715072870255,0.11322123557329178,0.11048459261655807,0.10830865800380707,0.10119326412677765,2155,1.0777689814641855,1.782258064516129,19,698.197509765625,0.11125854402780533,0.10824259370565414,0.10554096847772598,0.11322123557329178,0.10416040569543839,0.2,3550,13,112,0.0,0.1,0.76,12,1.0,1e-05,17,1.0,0.10001983642578124,0.0021447109,-0.0032442862020616303,0.9166666666666666,20,0.10816898196935654,20.15842349678278,0.2222464382648468,0.8018098473548889,0.03375542307330761,25,1.0
4863,0.11015228927135468,1.4489361702127668,0.10881002992391586,81,0.10725715011358261,0.10898683220148087,0.11173323541879654,0.10846302658319473,0.106110580265522,15,0.10913047194480896,0.10853670537471771,0.10932948440313339,0.10993505269289017,0.10133616626262665,0.1070200502872467,0.10829726606607437,0.7333333333333333,0.03546099290780142,0.9645390070921985,980.66,0.10810323059558868,0.10775657743215561,0.0,10616832,1.0,0.11006078124046326,0.10637284070253372,0.11357178539037704,0.11077015846967697,0.10847432911396027,0.10133616626262665,2182,0.9817673570985419,1.7375886524822695,20,712.2862548828125,0.11157391220331192,0.10848136991262436,0.10588321089744568,0.11357178539037704,0.10458685457706451,0.2,3560,21,136,0.0,0.1,0.95,17,1.0,1e-05,15,1.0,0.11070327758789063,0.0023719508,-0.003713027095182042,1.0,33,0.10842933505773544,20.103443336486816,0.27684321999549866,0.8495143055915833,0.08697690653352766,20,1.0
4863,0.11043831706047058,1.4379236641221387,0.1092139184474945,82,0.10742685198783875,0.10918142646551132,0.11207639425992966,0.10851693153381348,0.1064547449350357,20,0.10933186113834381,0.10882004350423813,0.1095794066786766,0.1101665273308754,0.10140401124954224,0.10720358788967133,0.10851243138313293,0.8,0.061068702290076333,0.9389312977099237,981.44,0.10829923301935196,0.1081230416893959,0.0,10747904,1.0,0.11030066758394241,0.10655113309621811,0.11390842497348785,0.11102623492479324,0.10859119147062302,0.10140401124954224,2209,0.9915913339166177,1.786259541984733,15,707.701904296875,0.11178559809923172,0.10878024250268936,0.10622826218605042,0.11390842497348785,0.10493415594100952,0.2,3570,14,123,0.0,0.1,0.7647058823529411,22,1.0,1e-05,14,1.0,0.12111053466796876,0.0024101292,-0.002924343397899065,1.0,29,0.10867418348789215,20.044490005075932,0.21917083859443665,0.7363289594650269,0.06045954629444168,17,1.0
4863,0.11066369712352753,1.4291044776119413,0.10965149104595184,83,0.10782638192176819,0.10963232815265656,0.11230560392141342,0.10879337042570114,0.1068086326122284,16,0.10974773019552231,0.10896405577659607,0.1098397970199585,0.11039648950099945,0.1015496551990509,0.10745295137166977,0.10873769223690033,0.875,0.04477611940298507,0.9552238805970149,979.6,0.10857748985290527,0.10828828066587448,0.0,10878976,1.0,0.11071018129587173,0.10685210675001144,0.11394768208265305,0.11130741983652115,0.108884297311306,0.1015496551990509,2236,1.0112754701630693,1.8656716417910448,20,704.9464111328125,0.11196400970220566,0.10904163122177124,0.10643936693668365,0.11394768208265305,0.10523098707199097,0.2,3580,22,128,0.0,0.1,0.8260869565217391,14,1.0,1e-05,11,1.0,0.11560745239257812,0.0024111122,-0.003396766055811895,1.0,28,0.10894452780485153,19.985355958342552,0.29058554768562317,0.7688977122306824,0.07897554352821316,23,1.0
4862,0.11109020560979843,1.4390817610062903,0.10989577323198318,84,0.10807492583990097,0.10987657308578491,0.11256186664104462,0.10907108336687088,0.107164666056633,17,0.11001832783222198,0.10921946167945862,0.11009171605110168,0.11062460392713547,0.10173274576663971,0.10764965415000916,0.10907184332609177,0.8823529411764706,0.031446540880503145,0.9685534591194969,995.71,0.1087430939078331,0.10866852104663849,0.0,11010048,0.9545454545454546,0.11095769703388214,0.10715731233358383,0.11428916454315186,0.11157862842082977,0.10916794091463089,0.10173274576663971,2264,0.9765288792937885,1.7044025157232705,22,723.0692749023438,0.11241749674081802,0.10930928587913513,0.10681698471307755,0.11428916454315186,0.1055166944861412,0.2,3590,25,154,0.0,0.1,0.8666666666666667,19,1.0,1e-05,26,1.0,0.1066680908203125,0.0022439032,-0.003498969312022382,1.0,35,0.1092306524515152,19.92152132987976,0.2553447484970093,0.8092989921569824,0.06879979284130969,15,1.0
4862,0.11140158772468567,1.4510172413793114,0.11025689542293549,85,0.10839524865150452,0.11013416945934296,0.11289896816015244,0.1094435304403305,0.10750960558652878,25,0.11034086346626282,0.10944004356861115,0.11023807525634766,0.11093611270189285,0.10187319666147232,0.10794660449028015,0.10941316932439804,0.88,0.05172413793103448,0.9482758620689655,974.57,0.10910921543836594,0.10894989222288132,0.0,11141120,1.0,0.11122852563858032,0.10744062811136246,0.11460961401462555,0.11159231513738632,0.10940896719694138,0.10187319666147232,2291,1.0281444713368595,1.6896551724137931,15,707.0956420898438,0.11250480264425278,0.10964680463075638,0.1071343719959259,0.11460961401462555,0.10572724044322968,0.2,3600,10,110,0.0,0.1,0.6666666666666666,20,1.0,1e-05,13,1.0,0.106170654296875,0.0022912323,-0.0031478527631406904,1.0,24,0.10950320959091187,19.856577540934087,0.24022340774536133,0.784351110458374,0.03733485813936568,9,1.0
4861,0.11161385476589203,1.4228299319727904,0.11059314757585526,86,0.1086474135518074,0.11046159267425537,0.11310391128063202,0.10968955606222153,0.10776867717504501,20,0.11051172763109207,0.10955843329429626,0.11045701801776886,0.1112724170088768,0.1020367369055748,0.1081603616476059,0.10986349731683731,1.0,0.02040816326530612,0.9795918367346939,984.93,0.10934189707040787,0.1092124879360199,0.0,11272192,1.0,0.11144855618476868,0.1076451912522316,0.114873006939888,0.1119190901517868,0.10954395681619644,0.1020367369055748,2318,1.0369590826958024,2.068027210884354,16,714.8720092773438,0.11279357224702835,0.10994606465101242,0.10737008601427078,0.114873006939888,0.10603349655866623,0.2,3610,28,144,0.0,0.1,0.8421052631578947,19,1.0,1e-05,18,1.0,0.11348495483398438,0.0023719547,-0.003009859873873211,1.0,27,0.10975463688373566,19.79783257395029,0.21887433528900146,0.8044793605804443,0.06572378638375084,19,1.0
