train/action_std_00,train/action_std_24,rollout/is_fall_mean,train/action_std_11,train/action_std_18,train/action_std_17,train/action_std_15,rollout/episodes_noforce,train/action_std_19,time/total_timesteps,train/action_std_01,train/std_max,train/action_std_23,train/action_std_08,rollout/ep_len_mean,time/fps,train/action_std_13,rollout/force_onset_mean,train/action_std_07,train/action_std_21,rollout/ep_rew_mean,train/action_std_14,rollout/force_direction_mean,train/action_std_09,rollout/force_requested_impulse_mean,train/action_std_10,rollout/recovery_noforce,rollout/is_timeout_mean,time/iterations,train/std_min,time/time_elapsed,train/action_std_04,train/action_std_12,train/action_std_16,train/action_std_22,train/action_std_06,train/action_std_05,train/action_std_03,rollout/action_saturation_fraction,train/action_std_20,train/action_std_02,train/clip_range_vf,train/clip_fraction,rollout/timeout_without_onset_fraction,train/explained_variance,train/loss,train/std,train/approx_kl,train/clip_range,train/n_updates,train/learning_rate,train/entropy_loss,rollout/timeouts,train/value_loss,train/policy_gradient_loss
0.04999999701976776,0.04999999701976776,1.0,0.04999999701976776,0.04999999701976776,0.04999999701976776,0.04999999701976776,6,0.04999999701976776,131072,0.04999999701976776,0.04999999701976776,0.04999999701976776,0.04999999701976776,312.6666666666667,12261,0.04999999701976776,1.0336666666666676,0.04999999701976776,0.04999999701976776,207.87635803222656,0.04999999701976776,-1.0,0.04999999701976776,0.0,0.04999999701976776,0.0,0.0,1,0.04999999701976776,10,0.04999999701976776,0.04999999701976776,0.04999999701976776,0.04999999701976776,0.04999999701976776,0.04999999701976776,0.04999999701976776,0.0,0.04999999701976776,0.04999999701976776,,,,,,,,,,,,,,
0.05013652518391609,0.05007127672433853,0.03968253968253968,0.050095733255147934,0.05009782314300537,0.05011650547385216,0.050048086792230606,252,0.05012650787830353,262144,0.05002177134156227,0.050155725330114365,0.050098251551389694,0.050121355801820755,1000.0,9000,0.050155725330114365,1.3977539682539692,0.05009407177567482,0.05007057264447212,681.0574340820312,0.05009748786687851,-1.0,0.05009796470403671,0.0,0.050138819962739944,0.9603174603174603,0.9603174603174603,2,0.05002177134156227,29,0.05004110559821129,0.050092101097106934,0.05012073740363121,0.050116267055273056,0.050060439854860306,0.05014592036604881,0.05008763447403908,0.0,0.05005231127142906,0.05010869354009628,0.2,0.1326019287109375,0.0,-0.10294830799102783,2.87186861038208,0.050096545368433,0.0025481023,0.1,10,1e-05,39.39334088563919,242,2.859638446290046,-0.002428594581397192
0.050216544419527054,0.05015186220407486,0.5555555555555556,0.05010252818465233,0.0502227246761322,0.05024586245417595,0.050181083381175995,9,0.050165124237537384,393216,0.0501033291220665,0.05026288703083992,0.050235167145729065,0.050221022218465805,967.56,8447,0.050232794135808945,1.4782222222222232,0.05022812262177467,0.05011207237839699,659.14990234375,0.050165604799985886,-1.0,0.05018475651741028,0.0,0.050243478268384933,0.4444444444444444,0.4444444444444444,3,0.05010252818465233,46,0.050123222172260284,0.05016178637742996,0.05025679990649223,0.05015462636947632,0.05011771246790886,0.05026288703083992,0.050121549516916275,0.0,0.050167277455329895,0.05021839961409569,0.2,0.10856475830078124,0.0,-0.36001551151275635,1.7920842170715332,0.05018385499715805,0.0021692594,0.1,20,1e-05,39.34675010740757,4,1.4559560215100646,-0.0016042585724335367
0.05032458156347275,0.050203029066324234,0.05263157894736842,0.050191204994916916,0.05032283067703247,0.05040557682514191,0.05019623041152954,247,0.05027584359049797,524288,0.0502021424472332,0.05040557682514191,0.050366904586553574,0.0503351055085659,1000.0,8070,0.050346098840236664,1.3954898785425112,0.05033371224999428,0.050204142928123474,681.7647094726562,0.050279054790735245,-1.0,0.050299931317567825,0.0,0.05029715970158577,0.9473684210526315,0.9473684210526315,4,0.050150271505117416,64,0.050150271505117416,0.05024116486310959,0.05030827969312668,0.05024135857820511,0.05022740364074707,0.05031498521566391,0.05019467696547508,0.0,0.050294701009988785,0.05031711980700493,0.2,0.10863723754882812,0.0,-1.240555763244629,1.8355367183685303,0.050274934619665146,0.0021373986,0.1,30,1e-05,39.30203224420548,234,1.4850741242989898,-0.0016649380485887378
0.05043894797563553,0.05037961155176163,0.5714285714285714,0.05020152032375336,0.05041705444455147,0.05053180828690529,0.0502655953168869,21,0.05042976140975952,655360,0.050264183431863785,0.05053180828690529,0.050477493554353714,0.05034467205405235,929.84,7965,0.05045801028609276,1.2680000000000011,0.05045892670750618,0.050259772688150406,634.4472045898438,0.05031817406415939,-1.0,0.05036308616399765,0.0,0.05039392039179802,0.42857142857142855,0.42857142857142855,5,0.05018601194024086,82,0.05018601194024086,0.05032625049352646,0.05038592964410782,0.05029291659593582,0.05030762031674385,0.05035692825913429,0.05026787146925926,0.0,0.050411343574523926,0.05039318650960922,0.2,0.11471633911132813,0.0,-0.1588817834854126,1.8039121627807617,0.05035722255706787,0.0022611222,0.1,40,1e-05,39.25955835282802,9,1.4458185002207755,-0.001812347936720471
0.050505660474300385,0.05048814415931702,0.04219409282700422,0.05032839626073837,0.050475578755140305,0.0506276935338974,0.0503518246114254,237,0.05054660513997078,786432,0.05040713772177696,0.0506276935338974,0.050590310245752335,0.05050673335790634,1000.0,7824,0.050519343465566635,1.3915274261603385,0.050544846802949905,0.05037280172109604,682.8894653320312,0.05037678778171539,-1.0,0.05048030614852905,0.0,0.05046349763870239,0.9578059071729957,0.9578059071729957,6,0.05032717436552048,100,0.05032717436552048,0.050453487783670425,0.05043775588274002,0.050411321222782135,0.050371203571558,0.05041341111063957,0.050446558743715286,0.0,0.05053391680121422,0.05051032081246376,0.2,0.11236038208007812,0.0,-0.578824520111084,1.8216477632522583,0.05045963451266289,0.002231313,0.1,50,1e-05,39.21303086876869,227,1.4122684642672538,-0.001894862081599058
0.050645824521780014,0.05054355785250664,0.27586206896551724,0.050398316234350204,0.05055680125951767,0.05071644112467766,0.050435181707143784,29,0.050684988498687744,917504,0.05050458759069443,0.05071644112467766,0.05065642669796944,0.05056372284889221,952.96,7793,0.050626907497644424,1.3556551724137944,0.050647176802158356,0.0504724495112896,647.2899780273438,0.05046534910798073,-1.0,0.05055325850844383,0.0,0.050576068460941315,0.7241379310344828,0.7241379310344828,7,0.05035019293427467,117,0.05035019293427467,0.05056140944361687,0.05052397772669792,0.05048456788063049,0.05050068721175194,0.05050826072692871,0.05055771768093109,0.0,0.05064740777015686,0.05055570602416992,0.2,0.11458358764648438,0.0,-0.5623804330825806,1.8022129535675049,0.050549477338790894,0.0022531208,0.1,60,1e-05,39.166048714518546,21,1.4131762183271348,-0.0017613561324651527
0.05075623840093613,0.05059352144598961,0.06521739130434782,0.050450265407562256,0.0506126768887043,0.05079794302582741,0.05048875883221626,230,0.05079251900315285,1048576,0.05062876641750336,0.05079794302582741,0.050752777606248856,0.050667792558670044,994.93,7718,0.05071524158120155,1.392034782608696,0.05069424584507942,0.05056198686361313,677.4951782226562,0.05049454793334007,-1.0,0.050658371299505234,0.0,0.05066903680562973,0.9347826086956522,0.9347826086956522,8,0.050450265407562256,135,0.05045733600854874,0.05067911371588707,0.0506109893321991,0.050527606159448624,0.050531305372714996,0.05066826567053795,0.05063921958208084,0.0,0.05079684033989906,0.050643399357795715,0.2,0.10590133666992188,0.0,-0.8182581663131714,1.681063175201416,0.05063554644584656,0.0021009264,0.1,70,1e-05,39.12252309620381,215,1.357809318136424,-0.0017698528913570044
0.050847988575696945,0.05070705711841583,0.275,0.05056340992450714,0.050659749656915665,0.05093986541032791,0.05065420642495155,40,0.05088591203093529,1179648,0.0507366843521595,0.05093986541032791,0.05079003423452377,0.050753381103277206,938.85,7704,0.05078865587711334,1.429250000000001,0.05082235485315323,0.05066752806305885,639.874755859375,0.050582364201545715,-1.0,0.0507194884121418,0.0,0.050821542739868164,0.725,0.725,9,0.0505010262131691,153,0.0505010262131691,0.05080588907003403,0.05066000297665596,0.050680287182331085,0.05066594481468201,0.05075808987021446,0.05076669529080391,0.0,0.05089890584349632,0.05075747147202492,0.2,0.1118560791015625,0.0,-0.5775166749954224,1.6955939531326294,0.05073738470673561,0.0022224865,0.1,80,1e-05,39.07574136853218,29,1.3495322623290122,-0.0020126577540395376
0.05094313248991966,0.05077887326478958,0.045662100456621,0.05065670609474182,0.05079065263271332,0.051005881279706955,0.05072201415896416,219,0.050987936556339264,1310720,0.05088357999920845,0.051043253391981125,0.05091066658496857,0.05085551738739014,993.97,7655,0.050882622599601746,1.3975981735159826,0.0509113110601902,0.05078357085585594,675.8562622070312,0.05067325383424759,-1.0,0.05083639919757843,0.0,0.050852157175540924,0.954337899543379,0.954337899543379,10,0.05064916983246803,171,0.05064916983246803,0.05088754743337631,0.05077388510107994,0.05077272281050682,0.05081702396273613,0.05089121311903,0.050834182649850845,0.0,0.051043253391981125,0.050862476229667664,0.2,0.11034088134765625,0.0,-0.4097869396209717,1.5449084043502808,0.05084022879600525,0.0021862248,0.1,90,1e-05,39.02489677667618,209,1.1845140976831317,-0.002168728918513807
0.051064323633909225,0.050940413028001785,0.1836734693877551,0.05071982741355896,0.05092882737517357,0.05112309753894806,0.050817735493183136,49,0.05103331059217453,1441792,0.05095350742340088,0.05114077404141426,0.050980836153030396,0.05092906951904297,962.72,7653,0.05091741681098938,1.3879591836734702,0.050980545580387115,0.05084952712059021,655.996826171875,0.050733406096696854,-1.0,0.05089915916323662,0.0,0.050944142043590546,0.8163265306122449,0.8163265306122449,11,0.050719015300273895,188,0.050719015300273895,0.05097416415810585,0.05083119869232178,0.05084824189543724,0.05092082545161247,0.051017582416534424,0.0508880577981472,0.0,0.05114077404141426,0.05097850412130356,0.2,0.11075286865234375,0.0,-0.7230548858642578,1.6321594715118408,0.05092534050345421,0.002201519,0.1,100,1e-05,38.97932516336441,40,1.2190081311389804,-0.0018217409869521362
0.05117235332727432,0.05102680251002312,0.02843601895734597,0.05079801753163338,0.051036424934864044,0.05120060592889786,0.0508737787604332,211,0.05118725076317787,1572864,0.05105975642800331,0.05127469450235367,0.0510684996843338,0.051030926406383514,993.8,7621,0.051006708294153214,1.3961137440758302,0.051086340099573135,0.0509725846350193,680.2156982421875,0.05079565569758415,-1.0,0.05101627856492996,0.0,0.05107063055038452,0.9715639810426541,0.9715639810426541,12,0.05079565569758415,206,0.050818052142858505,0.05107409879565239,0.05098273232579231,0.0510069765150547,0.05106261745095253,0.05112362280488014,0.0509895384311676,0.0,0.05127469450235367,0.05107194557785988,0.2,0.10857925415039063,0.0,-0.6740477085113525,1.4983843564987183,0.05103227496147156,0.0022042475,0.1,110,1e-05,38.93159890770912,205,1.0918669981881977,-0.0018369181231719268
0.05126611515879631,0.05109590291976929,0.2037037037037037,0.05084790289402008,0.05114338546991348,0.05131165310740471,0.05091447755694389,54,0.05125919729471207,1703936,0.05117424577474594,0.05137486383318901,0.051168154925107956,0.051163628697395325,944.99,7619,0.0511738546192646,1.39988888888889,0.051154665648937225,0.05112086981534958,639.897216796875,0.05088997632265091,-1.0,0.05108082294464111,0.0,0.05118993669748306,0.7962962962962963,0.7962962962962963,13,0.05084790289402008,223,0.050908103585243225,0.0511971153318882,0.05108046904206276,0.05108160153031349,0.05119761452078819,0.05120787024497986,0.051136717200279236,0.0,0.05137486383318901,0.05111885815858841,0.2,0.10417861938476562,0.0,-0.8789534568786621,1.478078842163086,0.05113031715154648,0.0020844676,0.1,120,1e-05,38.88166137635708,43,1.1542875190265476,-0.0016595064502325841
0.05140961334109306,0.051214899867773056,0.03864734299516908,0.05094151943922043,0.05121568217873573,0.05143418163061142,0.05100179463624954,207,0.051308948546648026,1835008,0.05124841630458832,0.05146666616201401,0.05127991363406181,0.05122409760951996,985.31,7596,0.05130087584257126,1.3731690821256048,0.05124805122613907,0.05121557414531708,670.7120361328125,0.0510096400976181,-1.0,0.05117863789200783,0.0,0.05125449225306511,0.961352657004831,0.961352657004831,14,0.05094151943922043,241,0.05104808509349823,0.05124723166227341,0.051181893795728683,0.051135558634996414,0.05131231248378754,0.05127342417836189,0.05119816213846207,0.0,0.05146666616201401,0.05121227726340294,0.2,0.11105270385742187,0.0,-0.5273996591567993,1.3770066499710083,0.05122247710824013,0.0022651895,0.1,130,1e-05,38.835283145308495,199,0.9913407350890339,-0.002171200317934563
0.05150279030203819,0.05132637172937393,0.13114754098360656,0.05103203281760216,0.051340483129024506,0.05155094712972641,0.05105604603886604,61,0.051392052322626114,1966080,0.05136796832084656,0.05157626047730446,0.051360610872507095,0.05134720355272293,937.39,7599,0.05134592950344086,1.3638032786885255,0.051371559500694275,0.051323141902685165,635.2902221679688,0.05113554373383522,-1.0,0.0512925460934639,0.0,0.05134561285376549,0.8688524590163934,0.8688524590163934,15,0.05103203281760216,258,0.05112488940358162,0.051322001963853836,0.051292262971401215,0.051145005971193314,0.05140478536486626,0.051365237683057785,0.051259905099868774,0.0,0.05157626047730446,0.05128057673573494,0.2,0.10628585815429688,0.0,-0.6574525833129883,1.4113417863845825,0.051314473152160645,0.0021776683,0.1,140,1e-05,38.79052058160305,53,1.0173048976808787,-0.0017193775971918513
0.05161166191101074,0.05139570310711861,0.04477611940298507,0.05114898085594177,0.051436133682727814,0.05158977583050728,0.05118904635310173,201,0.05144435167312622,2097152,0.05144022777676582,0.051682379096746445,0.05152549967169762,0.05141967907547951,1000.0,7574,0.051404550671577454,1.4066567164179116,0.05147925764322281,0.05143013596534729,681.3536987304688,0.051261529326438904,-1.0,0.05138204246759415,0.0,0.05138634145259857,0.9552238805970149,0.9552238805970149,16,0.05112897604703903,276,0.05112897604703903,0.051422055810689926,0.05136609449982643,0.05116874352097511,0.05143580213189125,0.05149054899811745,0.05131886899471283,0.0,0.051682379096746445,0.051447782665491104,0.2,0.10908203125,0.0,-0.554297685623169,1.2222254276275635,0.05140024796128273,0.0021887308,0.1,150,1e-05,38.74741283357143,192,0.8625613624695688,-0.0020990305499253735
0.05170266702771187,0.0515020526945591,0.11940298507462686,0.05121040716767311,0.051489949226379395,0.05171075090765953,0.0512850396335125,67,0.05154949799180031,2228224,0.051576972007751465,0.051737017929553986,0.05162321776151657,0.051470544189214706,971.3,7574,0.05149867758154869,1.4264776119402995,0.05147767439484596,0.05155143886804581,656.4592895507812,0.05135557800531387,-1.0,0.05145413801074028,0.0,0.05146500840783119,0.8805970149253731,0.8805970149253731,17,0.05121040716767311,294,0.05123642086982727,0.05148923769593239,0.05142226442694664,0.051273852586746216,0.05152914673089981,0.05158178135752678,0.051444780081510544,0.0,0.051737017929553986,0.051597561687231064,0.2,0.10954360961914063,0.0,-0.7094345092773438,1.2891219854354858,0.05148942396044731,0.0021864409,0.1,160,1e-05,38.70449641942978,59,0.9113705540541559,-0.0021453802776704835
