rollout/force_requested_impulse_mean,rollout/force_onset_mean,train/action_std_08,rollout/episodes_noforce,train/action_std_11,train/action_std_06,train/action_std_19,train/action_std_21,rollout/action_saturation_fraction,train/action_std_05,rollout/ep_rew_mean,train/action_std_16,train/action_std_12,train/action_std_00,train/action_std_01,time/iterations,train/std_min,rollout/ep_len_mean,train/action_std_04,rollout/force_direction_mean,time/fps,train/action_std_07,train/action_std_15,train/action_std_09,train/action_std_17,rollout/is_timeout_mean,train/std_max,rollout/is_fall_mean,train/action_std_10,time/total_timesteps,train/action_std_18,train/action_std_03,train/action_std_13,train/action_std_23,train/action_std_22,train/action_std_02,train/action_std_14,train/action_std_24,rollout/recovery_noforce,time/time_elapsed,train/action_std_20,train/policy_gradient_loss,train/entropy_loss,rollout/timeouts,train/loss,train/n_updates,train/clip_range,train/clip_range_vf,train/std,train/approx_kl,train/learning_rate,rollout/timeout_without_onset_fraction,train/clip_fraction,train/value_loss,train/explained_variance
0.0,1.3192631578947378,0.052006177604198456,38,0.05198802798986435,0.051932428032159805,0.052114397287368774,0.05200783908367157,0.0,0.05205068364739418,227.0264434814453,0.05201425030827522,0.05190815404057503,0.05209067091345787,0.05199475958943367,1,0.05190807953476906,352.07894736842104,0.052049458026885986,-1.0,3188,0.05200786516070366,0.0519292838871479,0.052026428282260895,0.05198775604367256,0.0,0.052114397287368774,1.0,0.051944799721241,131072,0.05190807953476906,0.05194130912423134,0.052008818835020065,0.051909565925598145,0.0520559586584568,0.05208684876561165,0.0519876703619957,0.05204763263463974,0.0,41,0.05201726406812668,,,,,,,,,,,,,,
0.0,1.4051709401709414,0.052006177604198456,234,0.05198802798986435,0.051932428032159805,0.052114397287368774,0.05200783908367157,0.0,0.05205068364739418,661.7704467773438,0.05201425030827522,0.05190815404057503,0.05209067091345787,0.05199475958943367,2,0.05190807953476906,988.5,0.052049458026885986,-1.0,2578,0.05200786516070366,0.0519292838871479,0.052026428282260895,0.05198775604367256,0.6709401709401709,0.052114397287368774,0.32905982905982906,0.051944799721241,262144,0.05190807953476906,0.05194130912423134,0.052008818835020065,0.051909565925598145,0.0520559586584568,0.05208684876561165,0.0519876703619957,0.05204763263463974,0.6709401709401709,101,0.05201726406812668,-0.0004706101590727485,38.439029693603516,157,0.8424630761146545,1540,0.1,0.2,0.05200064554810524,0.0001335477,1e-07,0.0,0.0,0.43440743011888117,0.872199296951294
0.0,1.3943939393939406,0.052006177604198456,66,0.05198802798986435,0.051932428032159805,0.052114397287368774,0.05200783908367157,0.0,0.05205068364739418,504.088623046875,0.05201425030827522,0.05190815404057503,0.05209067091345787,0.05199475958943367,3,0.05190807953476906,768.5,0.052049458026885986,-1.0,2442,0.05200786516070366,0.0519292838871479,0.052026428282260895,0.05198775604367256,0.3939393939393939,0.052114397287368774,0.6060606060606061,0.051944799721241,393216,0.05190807953476906,0.05194130912423134,0.052008818835020065,0.051909565925598145,0.0520559586584568,0.05208684876561165,0.0519876703619957,0.05204763263463974,0.3939393939393939,161,0.05201726406812668,-0.0005238463817931916,38.439029693603516,26,0.8583269119262695,1550,0.1,0.2,0.05200064554810524,0.00014987272,1e-07,0.0,0.0,0.4963646167423576,0.8754881024360657
0.0,1.4071018518518528,0.052006177604198456,216,0.05198802798986435,0.051932428032159805,0.052114397287368774,0.05200783908367157,0.0,0.05205068364739418,665.7086791992188,0.05201425030827522,0.05190815404057503,0.05209067091345787,0.05199475958943367,4,0.05190807953476906,992.71,0.052049458026885986,-1.0,2360,0.05200786516070366,0.0519292838871479,0.052026428282260895,0.05198775604367256,0.6898148148148148,0.052114397287368774,0.3101851851851852,0.051944799721241,524288,0.05190807953476906,0.05194130912423134,0.052008818835020065,0.051909565925598145,0.0520559586584568,0.05208684876561165,0.0519876703619957,0.05204763263463974,0.6898148148148148,222,0.05201726406812668,-0.00044512696363199213,38.439029693603516,149,0.7489023804664612,1560,0.1,0.2,0.05200064554810524,0.00012994386,1e-07,0.0,0.0,0.39517803001217544,0.8589898347854614
0.0,1.3872432432432444,0.052006177604198456,111,0.05198802798986435,0.051932428032159805,0.052114397287368774,0.05200783908367157,0.0,0.05205068364739418,473.3860168457031,0.05201425030827522,0.05190815404057503,0.05209067091345787,0.05199475958943367,5,0.05190807953476906,721.59,0.052049458026885986,-1.0,2318,0.05200786516070366,0.0519292838871479,0.052026428282260895,0.05198775604367256,0.40540540540540543,0.052114397287368774,0.5945945945945946,0.051944799721241,655360,0.05190807953476906,0.05194130912423134,0.052008818835020065,0.051909565925598145,0.0520559586584568,0.05208684876561165,0.0519876703619957,0.05204763263463974,0.40540540540540543,282,0.05201726406812668,-0.00048645908254911773,38.439029693603516,45,0.862950325012207,1570,0.1,0.2,0.05200064554810524,0.00013181695,1e-07,0.0,0.0,0.5104275757679716,0.8835166096687317
0.0,1.3892000000000009,0.052006177604198456,185,0.05198802798986435,0.051932428032159805,0.052114397287368774,0.05200783908367157,0.0,0.05205068364739418,625.9412231445312,0.05201425030827522,0.05190815404057503,0.05209067091345787,0.05199475958943367,6,0.05190807953476906,933.76,0.052049458026885986,-1.0,2288,0.05200786516070366,0.0519292838871479,0.052026428282260895,0.05198775604367256,0.6864864864864865,0.052114397287368774,0.31351351351351353,0.051944799721241,786432,0.05190807953476906,0.05194130912423134,0.052008818835020065,0.051909565925598145,0.0520559586584568,0.05208684876561165,0.0519876703619957,0.05204763263463974,0.6864864864864865,343,0.05201726406812668,-0.0005111776009925961,38.439029693603516,127,0.9250982999801636,1580,0.1,0.2,0.05200064554810524,0.00015725735,1e-07,0.0,1.52587890625e-06,0.5015140854520723,0.8657851219177246
0.0,1.3865669291338591,0.052006177604198456,127,0.05198802798986435,0.051932428032159805,0.052114397287368774,0.05200783908367157,0.0,0.05205068364739418,543.9716186523438,0.05201425030827522,0.05190815404057503,0.05209067091345787,0.05199475958943367,7,0.05190807953476906,821.1,0.052049458026885986,-1.0,2266,0.05200786516070366,0.0519292838871479,0.052026428282260895,0.05198775604367256,0.5748031496062992,0.052114397287368774,0.4251968503937008,0.051944799721241,917504,0.05190807953476906,0.05194130912423134,0.052008818835020065,0.051909565925598145,0.0520559586584568,0.05208684876561165,0.0519876703619957,0.05204763263463974,0.5748031496062992,404,0.05201726406812668,-0.00047679044250799053,38.439029693603516,73,0.8063960075378418,1590,0.1,0.2,0.05200064554810524,0.00013681815,1e-07,0.0,7.62939453125e-07,0.43204197131562977,0.8693045377731323
0.0,1.3635527950310569,0.052006177604198456,161,0.05198802798986435,0.051932428032159805,0.052114397287368774,0.05200783908367157,0.0,0.05205068364739418,585.814697265625,0.05201425030827522,0.05190815404057503,0.05209067091345787,0.05199475958943367,8,0.05190807953476906,883.83,0.052049458026885986,-1.0,2252,0.05200786516070366,0.0519292838871479,0.052026428282260895,0.05198775604367256,0.7018633540372671,0.052114397287368774,0.2981366459627329,0.051944799721241,1048576,0.05190807953476906,0.05194130912423134,0.052008818835020065,0.051909565925598145,0.0520559586584568,0.05208684876561165,0.0519876703619957,0.05204763263463974,0.7018633540372671,465,0.05201726406812668,-0.00041430822275287935,38.439029693603516,113,0.934767484664917,1600,0.1,0.2,0.05200064554810524,9.931266e-05,1e-07,0.0,0.0,0.4567946057999507,0.8522365093231201
0.0,1.3919865771812092,0.052006177604198456,149,0.05198802798986435,0.051932428032159805,0.052114397287368774,0.05200783908367157,0.0,0.05205068364739418,567.7265625,0.05201425030827522,0.05190815404057503,0.05209067091345787,0.05199475958943367,9,0.05190807953476906,854.21,0.052049458026885986,-1.0,2239,0.05200786516070366,0.0519292838871479,0.052026428282260895,0.05198775604367256,0.6442953020134228,0.052114397287368774,0.35570469798657717,0.051944799721241,1179648,0.05190807953476906,0.05194130912423134,0.052008818835020065,0.051909565925598145,0.0520559586584568,0.05208684876561165,0.0519876703619957,0.05204763263463974,0.6442953020134228,526,0.05201726406812668,-0.0005158263919156525,38.439029693603516,96,0.8565914034843445,1610,0.1,0.2,0.05200064554810524,0.0001625967,1e-07,0.0,1.52587890625e-06,0.4665385143365711,0.8375877141952515
0.0,1.386320000000001,0.052006177604198456,150,0.05198802798986435,0.051932428032159805,0.052114397287368774,0.05200783908367157,0.0,0.05205068364739418,601.8429565429688,0.05201425030827522,0.05190815404057503,0.05209067091345787,0.05199475958943367,10,0.05190807953476906,902.02,0.052049458026885986,-1.0,2225,0.05200786516070366,0.0519292838871479,0.052026428282260895,0.05198775604367256,0.6733333333333333,0.052114397287368774,0.32666666666666666,0.051944799721241,1310720,0.05190807953476906,0.05194130912423134,0.052008818835020065,0.051909565925598145,0.0520559586584568,0.05208684876561165,0.0519876703619957,0.05204763263463974,0.6733333333333333,588,0.05201726406812668,-0.00044409733113752735,38.439029693603516,101,0.8033671379089355,1620,0.1,0.2,0.05200064554810524,0.00012761631,1e-07,0.0,0.0,0.43881246289238335,0.8656162619590759
0.0,1.3967792207792218,0.052006177604198456,154,0.05198802798986435,0.051932428032159805,0.052114397287368774,0.05200783908367157,0.0,0.05205068364739418,568.7492065429688,0.05201425030827522,0.05190815404057503,0.05209067091345787,0.05199475958943367,11,0.05190807953476906,855.92,0.052049458026885986,-1.0,2216,0.05200786516070366,0.0519292838871479,0.052026428282260895,0.05198775604367256,0.6168831168831169,0.052114397287368774,0.38311688311688313,0.051944799721241,1441792,0.05190807953476906,0.05194130912423134,0.052008818835020065,0.051909565925598145,0.0520559586584568,0.05208684876561165,0.0519876703619957,0.05204763263463974,0.6168831168831169,650,0.05201726406812668,-0.0005030646116210846,38.439029693603516,95,0.8152941465377808,1630,0.1,0.2,0.05200064554810524,0.00016017216,1e-07,0.0,0.0,0.4282994291279465,0.8533056974411011
0.0,1.3704533333333344,0.052006177604198456,150,0.05198802798986435,0.051932428032159805,0.052114397287368774,0.05200783908367157,0.0,0.05205068364739418,565.3489990234375,0.05201425030827522,0.05190815404057503,0.05209067091345787,0.05199475958943367,12,0.05190807953476906,862.93,0.052049458026885986,-1.0,2208,0.05200786516070366,0.0519292838871479,0.052026428282260895,0.05198775604367256,0.6533333333333333,0.052114397287368774,0.3466666666666667,0.051944799721241,1572864,0.05190807953476906,0.05194130912423134,0.052008818835020065,0.051909565925598145,0.0520559586584568,0.05208684876561165,0.0519876703619957,0.05204763263463974,0.6533333333333333,712,0.05201726406812668,-0.0004742432189686951,38.439029693603516,98,0.8131016492843628,1640,0.1,0.2,0.05200064554810524,0.00014914347,1e-07,0.0,0.0,0.4461349364835769,0.8721017837524414
0.0,1.4039627329192559,0.052006177604198456,161,0.05198802798986435,0.051932428032159805,0.052114397287368774,0.05200783908367157,0.0,0.05205068364739418,560.4232177734375,0.05201425030827522,0.05190815404057503,0.05209067091345787,0.05199475958943367,13,0.05190807953476906,845.71,0.052049458026885986,-1.0,2200,0.05200786516070366,0.0519292838871479,0.052026428282260895,0.05198775604367256,0.6273291925465838,0.052114397287368774,0.37267080745341613,0.051944799721241,1703936,0.05190807953476906,0.05194130912423134,0.052008818835020065,0.051909565925598145,0.0520559586584568,0.05208684876561165,0.0519876703619957,0.05204763263463974,0.6273291925465838,774,0.05201726406812668,-0.0005016694953610568,38.439029693603516,101,0.8279734253883362,1650,0.1,0.2,0.05200064554810524,0.00012657813,1e-07,0.0,0.0,0.4679915244691074,0.8782505393028259
0.0,1.3892987012987024,0.052006177604198456,154,0.05198802798986435,0.051932428032159805,0.052114397287368774,0.05200783908367157,0.0,0.05205068364739418,534.7598876953125,0.05201425030827522,0.05190815404057503,0.05209067091345787,0.05199475958943367,14,0.05190807953476906,807.92,0.052049458026885986,-1.0,2196,0.05200786516070366,0.0519292838871479,0.052026428282260895,0.05198775604367256,0.5909090909090909,0.052114397287368774,0.4090909090909091,0.051944799721241,1835008,0.05190807953476906,0.05194130912423134,0.052008818835020065,0.051909565925598145,0.0520559586584568,0.05208684876561165,0.0519876703619957,0.05204763263463974,0.5909090909090909,835,0.05201726406812668,-0.000560118204293758,38.439029693603516,91,0.7641531229019165,1660,0.1,0.2,0.05200064554810524,0.00017969153,1e-07,0.0,0.0,0.47177173995878546,0.875800609588623
0.0,1.4096913580246924,0.052006177604198456,162,0.05198802798986435,0.051932428032159805,0.052114397287368774,0.05200783908367157,0.0,0.05205068364739418,542.4132690429688,0.05201425030827522,0.05190815404057503,0.05209067091345787,0.05199475958943367,15,0.05190807953476906,817.2,0.052049458026885986,-1.0,2192,0.05200786516070366,0.0519292838871479,0.052026428282260895,0.05198775604367256,0.5925925925925926,0.052114397287368774,0.4074074074074074,0.051944799721241,1966080,0.05190807953476906,0.05194130912423134,0.052008818835020065,0.051909565925598145,0.0520559586584568,0.05208684876561165,0.0519876703619957,0.05204763263463974,0.5925925925925926,896,0.05201726406812668,-0.0004414813460471123,38.439029693603516,96,0.8350836634635925,1670,0.1,0.2,0.05200064554810524,0.000121408084,1e-07,0.0,0.0,0.4932770922780037,0.8686386942863464
0.0,1.4101456953642397,0.052006177604198456,151,0.05198802798986435,0.051932428032159805,0.052114397287368774,0.05200783908367157,0.0,0.05205068364739418,551.831787109375,0.05201425030827522,0.05190815404057503,0.05209067091345787,0.05199475958943367,16,0.05190807953476906,833.57,0.052049458026885986,-1.0,2189,0.05200786516070366,0.0519292838871479,0.052026428282260895,0.05198775604367256,0.609271523178808,0.052114397287368774,0.39072847682119205,0.051944799721241,2097152,0.05190807953476906,0.05194130912423134,0.052008818835020065,0.051909565925598145,0.0520559586584568,0.05208684876561165,0.0519876703619957,0.05204763263463974,0.609271523178808,957,0.05201726406812668,-0.0004551154903310817,38.439029693603516,92,0.9301400184631348,1680,0.1,0.2,0.05200064554810524,0.00012566944,1e-07,0.0,0.0,0.4981129773892462,0.8675704598426819
0.0,1.37404761904762,0.052006177604198456,168,0.05198802798986435,0.051932428032159805,0.052114397287368774,0.05200783908367157,0.0,0.05205068364739418,525.529541015625,0.05201425030827522,0.05190815404057503,0.05209067091345787,0.05199475958943367,17,0.05190807953476906,790.26,0.052049458026885986,-1.0,2185,0.05200786516070366,0.0519292838871479,0.052026428282260895,0.05198775604367256,0.5238095238095238,0.052114397287368774,0.47619047619047616,0.051944799721241,2228224,0.05190807953476906,0.05194130912423134,0.052008818835020065,0.051909565925598145,0.0520559586584568,0.05208684876561165,0.0519876703619957,0.05204763263463974,0.5238095238095238,1019,0.05201726406812668,-0.0005104262759004996,38.439029693603516,88,0.7895846366882324,1690,0.1,0.2,0.05200064554810524,0.00015727346,1e-07,0.0,0.0,0.48960504606366156,0.8639490604400635
0.0,1.3714805194805204,0.052006177604198456,154,0.05198802798986435,0.051932428032159805,0.052114397287368774,0.05200783908367157,0.0,0.05205068364739418,545.11083984375,0.05201425030827522,0.05190815404057503,0.05209067091345787,0.05199475958943367,18,0.05190807953476906,828.92,0.052049458026885986,-1.0,2183,0.05200786516070366,0.0519292838871479,0.052026428282260895,0.05198775604367256,0.577922077922078,0.052114397287368774,0.42207792207792205,0.051944799721241,2359296,0.05190807953476906,0.05194130912423134,0.052008818835020065,0.051909565925598145,0.0520559586584568,0.05208684876561165,0.0519876703619957,0.05204763263463974,0.577922077922078,1080,0.05201726406812668,-0.0004360837080412239,38.439029693603516,89,1.0057059526443481,1700,0.1,0.2,0.05200064554810524,0.000107176915,1e-07,0.0,0.0,0.5656143263680861,0.8673220276832581
0.0,1.4079638554216876,0.052006177604198456,166,0.05198802798986435,0.051932428032159805,0.052114397287368774,0.05200783908367157,0.0,0.05205068364739418,541.9899291992188,0.05201425030827522,0.05190815404057503,0.05209067091345787,0.05199475958943367,19,0.05190807953476906,816.31,0.052049458026885986,-1.0,2180,0.05200786516070366,0.0519292838871479,0.052026428282260895,0.05198775604367256,0.5903614457831325,0.052114397287368774,0.40963855421686746,0.051944799721241,2490368,0.05190807953476906,0.05194130912423134,0.052008818835020065,0.051909565925598145,0.0520559586584568,0.05208684876561165,0.0519876703619957,0.05204763263463974,0.5903614457831325,1142,0.05201726406812668,-0.0005154722877705354,38.439029693603516,98,0.9442567825317383,1710,0.1,0.2,0.05200064554810524,0.00015070016,1e-07,0.0,0.0,0.5165238298242911,0.8758551478385925
0.0,1.4067066666666679,0.052006177604198456,150,0.05198802798986435,0.051932428032159805,0.052114397287368774,0.05200783908367157,0.0,0.05205068364739418,550.3496704101562,0.05201425030827522,0.05190815404057503,0.05209067091345787,0.05199475958943367,20,0.05190807953476906,830.01,0.052049458026885986,-1.0,2177,0.05200786516070366,0.0519292838871479,0.052026428282260895,0.05198775604367256,0.64,0.052114397287368774,0.36,0.051944799721241,2621440,0.05190807953476906,0.05194130912423134,0.052008818835020065,0.051909565925598145,0.0520559586584568,0.05208684876561165,0.0519876703619957,0.05204763263463974,0.64,1204,0.05201726406812668,-0.0004511481323788757,38.439029693603516,96,0.8856003880500793,1720,0.1,0.2,0.05200064554810524,0.00013332342,1e-07,0.0,0.0,0.4652457390446216,0.8777844309806824
0.0,1.3855324675324685,0.052006177604198456,154,0.05198802798986435,0.051932428032159805,0.052114397287368774,0.05200783908367157,0.0,0.05205068364739418,562.9799194335938,0.05201425030827522,0.05190815404057503,0.05209067091345787,0.05199475958943367,21,0.05190807953476906,845.72,0.052049458026885986,-1.0,2175,0.05200786516070366,0.0519292838871479,0.052026428282260895,0.05198775604367256,0.6298701298701299,0.052114397287368774,0.37012987012987014,0.051944799721241,2752512,0.05190807953476906,0.05194130912423134,0.052008818835020065,0.051909565925598145,0.0520559586584568,0.05208684876561165,0.0519876703619957,0.05204763263463974,0.6298701298701299,1264,0.05201726406812668,-0.00048784650507514014,38.439029693603516,97,0.7945865392684937,1730,0.1,0.2,0.05200064554810524,0.0001448787,1e-07,0.0,7.62939453125e-07,0.4570568409282714,0.8690680265426636
0.0,1.3937610062893093,0.052006177604198456,159,0.05198802798986435,0.051932428032159805,0.052114397287368774,0.05200783908367157,0.0,0.05205068364739418,571.3323974609375,0.05201425030827522,0.05190815404057503,0.05209067091345787,0.05199475958943367,22,0.05190807953476906,860.42,0.052049458026885986,-1.0,2174,0.05200786516070366,0.0519292838871479,0.052026428282260895,0.05198775604367256,0.6477987421383647,0.052114397287368774,0.3522012578616352,0.051944799721241,2883584,0.05190807953476906,0.05194130912423134,0.052008818835020065,0.051909565925598145,0.0520559586584568,0.05208684876561165,0.0519876703619957,0.05204763263463974,0.6477987421383647,1326,0.05201726406812668,-0.0004731591992822359,38.439029693603516,103,0.7543337941169739,1740,0.1,0.2,0.05200064554810524,0.00012973488,1e-07,0.0,7.62939453125e-07,0.4142086600884795,0.868346631526947
0.0,1.3957500000000012,0.052006177604198456,152,0.05198802798986435,0.051932428032159805,0.052114397287368774,0.05200783908367157,0.0,0.05205068364739418,553.9615478515625,0.05201425030827522,0.05190815404057503,0.05209067091345787,0.05199475958943367,23,0.05190807953476906,839.41,0.052049458026885986,-1.0,2171,0.05200786516070366,0.0519292838871479,0.052026428282260895,0.05198775604367256,0.6052631578947368,0.052114397287368774,0.39473684210526316,0.051944799721241,3014656,0.05190807953476906,0.05194130912423134,0.052008818835020065,0.051909565925598145,0.0520559586584568,0.05208684876561165,0.0519876703619957,0.05204763263463974,0.6052631578947368,1388,0.05201726406812668,-0.0004592247271375527,38.439029693603516,92,0.8196617364883423,1750,0.1,0.2,0.05200064554810524,0.0001320589,1e-07,0.0,0.0,0.464579219603911,0.8654594421386719
0.0,1.3738181818181827,0.052006177604198456,154,0.05198802798986435,0.051932428032159805,0.052114397287368774,0.05200783908367157,0.0,0.05205068364739418,580.2279052734375,0.05201425030827522,0.05190815404057503,0.05209067091345787,0.05199475958943367,24,0.05190807953476906,875.43,0.052049458026885986,-1.0,2169,0.05200786516070366,0.0519292838871479,0.052026428282260895,0.05198775604367256,0.6038961038961039,0.052114397287368774,0.3961038961038961,0.051944799721241,3145728,0.05190807953476906,0.05194130912423134,0.052008818835020065,0.051909565925598145,0.0520559586584568,0.05208684876561165,0.0519876703619957,0.05204763263463974,0.6038961038961039,1449,0.05201726406812668,-0.0004290942303214251,38.439029693603516,93,0.9333714246749878,1760,0.1,0.2,0.05200064554810524,0.00012358773,1e-07,0.0,0.0,0.5089795556617901,0.8705629110336304
0.0,1.3977622377622387,0.052006177604198456,143,0.05198802798986435,0.051932428032159805,0.052114397287368774,0.05200783908367157,0.0,0.05205068364739418,575.7296752929688,0.05201425030827522,0.05190815404057503,0.05209067091345787,0.05199475958943367,25,0.05190807953476906,874.57,0.052049458026885986,-1.0,2168,0.05200786516070366,0.0519292838871479,0.052026428282260895,0.05198775604367256,0.6083916083916084,0.052114397287368774,0.3916083916083916,0.051944799721241,3276800,0.05190807953476906,0.05194130912423134,0.052008818835020065,0.051909565925598145,0.0520559586584568,0.05208684876561165,0.0519876703619957,0.05204763263463974,0.6083916083916084,1511,0.05201726406812668,-0.00044334662206892974,38.439029693603516,87,0.8068161010742188,1770,0.1,0.2,0.05200064554810524,0.00012326462,1e-07,0.0,0.0,0.4440410559764132,0.8877465724945068
0.0,1.4062264150943407,0.052006177604198456,159,0.05198802798986435,0.051932428032159805,0.052114397287368774,0.05200783908367157,0.0,0.05205068364739418,584.3866577148438,0.05201425030827522,0.05190815404057503,0.05209067091345787,0.05199475958943367,26,0.05190807953476906,880.42,0.052049458026885986,-1.0,2166,0.05200786516070366,0.0519292838871479,0.052026428282260895,0.05198775604367256,0.6729559748427673,0.052114397287368774,0.3270440251572327,0.051944799721241,3407872,0.05190807953476906,0.05194130912423134,0.052008818835020065,0.051909565925598145,0.0520559586584568,0.05208684876561165,0.0519876703619957,0.05204763263463974,0.6729559748427673,1572,0.05201726406812668,-0.0005417028381543787,38.439029693603516,107,0.8659645915031433,1780,0.1,0.2,0.05200064554810524,0.00015202753,1e-07,0.0,7.62939453125e-07,0.44239974848460406,0.8675790429115295
0.0,1.404674846625768,0.052006177604198456,163,0.05198802798986435,0.051932428032159805,0.052114397287368774,0.05200783908367157,0.0,0.05205068364739418,521.5718383789062,0.05201425030827522,0.05190815404057503,0.05209067091345787,0.05199475958943367,27,0.05190807953476906,790.87,0.052049458026885986,-1.0,2165,0.05200786516070366,0.0519292838871479,0.052026428282260895,0.05198775604367256,0.5398773006134969,0.052114397287368774,0.4601226993865031,0.051944799721241,3538944,0.05190807953476906,0.05194130912423134,0.052008818835020065,0.051909565925598145,0.0520559586584568,0.05208684876561165,0.0519876703619957,0.05204763263463974,0.5398773006134969,1633,0.05201726406812668,-0.0005303034928601846,38.439029693603516,88,0.7653540372848511,1790,0.1,0.2,0.05200064554810524,0.00018245065,1e-07,0.0,1.52587890625e-06,0.46322212608065455,0.8464876413345337
0.0,1.375897435897437,0.052006177604198456,156,0.05198802798986435,0.051932428032159805,0.052114397287368774,0.05200783908367157,0.0,0.05205068364739418,582.228515625,0.05201425030827522,0.05190815404057503,0.05209067091345787,0.05199475958943367,28,0.05190807953476906,874.49,0.052049458026885986,-1.0,2163,0.05200786516070366,0.0519292838871479,0.052026428282260895,0.05198775604367256,0.6346153846153846,0.052114397287368774,0.36538461538461536,0.051944799721241,3670016,0.05190807953476906,0.05194130912423134,0.052008818835020065,0.051909565925598145,0.0520559586584568,0.05208684876561165,0.0519876703619957,0.05204763263463974,0.6346153846153846,1695,0.05201726406812668,-0.00048784300588522456,38.439029693603516,99,0.8751952648162842,1800,0.1,0.2,0.05200064554810524,0.00013727086,1e-07,0.0,1.52587890625e-06,0.5160781818674878,0.8778234124183655
0.0,1.3950416666666676,0.052006177604198456,144,0.05198802798986435,0.051932428032159805,0.052114397287368774,0.05200783908367157,0.0,0.05205068364739418,573.0125122070312,0.05201425030827522,0.05190815404057503,0.05209067091345787,0.05199478566646576,29,0.05190807953476906,856.99,0.052049458026885986,-1.0,2162,0.05200786516070366,0.0519292838871479,0.052026428282260895,0.05198775604367256,0.6111111111111112,0.052114397287368774,0.3888888888888889,0.051944799721241,3801088,0.05190807953476906,0.05194130912423134,0.052008818835020065,0.051909565925598145,0.0520559586584568,0.05208684876561165,0.0519876703619957,0.05204763263463974,0.6111111111111112,1757,0.05201726406812668,-0.0004766156147070433,38.439029693603516,88,0.7950756549835205,1810,0.1,0.2,0.05200064554810524,0.00013102348,1e-07,0.0,0.0,0.4450324384961277,0.8663305044174194
0.0,1.386025641025642,0.052006177604198456,156,0.05198802798986435,0.051932428032159805,0.052114397287368774,0.05200783908367157,0.0,0.05205068364739418,576.771728515625,0.05201425030827522,0.05190815404057503,0.05209067091345787,0.05199478566646576,30,0.05190807953476906,869.59,0.052049458026885986,-1.0,2161,0.05200786516070366,0.0519292838871479,0.052026428282260895,0.05198775604367256,0.6474358974358975,0.052114397287368774,0.3525641025641026,0.051944799721241,3932160,0.05190807953476906,0.05194130912423134,0.052008818835020065,0.051909565925598145,0.0520559586584568,0.05208684876561165,0.0519876703619957,0.05204763263463974,0.6474358974358975,1819,0.05201726406812668,-0.0005338006830243103,38.439029693603516,101,0.8118948936462402,1820,0.1,0.2,0.05200064554810524,0.00015678459,1e-07,0.0,7.62939453125e-07,0.43328739383723586,0.8664332032203674
0.0,1.3983291139240517,0.052006177604198456,158,0.05198802798986435,0.051932428032159805,0.052114397287368774,0.05200783908367157,0.0,0.05205068364739418,541.5907592773438,0.05201425030827522,0.05190815404057503,0.05209067091345787,0.05199478566646576,31,0.05190807953476906,811.71,0.052049458026885986,-1.0,2160,0.05200786516070366,0.0519292838871479,0.052026428282260895,0.05198775604367256,0.5822784810126582,0.052114397287368774,0.4177215189873418,0.051944799721241,4063232,0.05190807953476906,0.05194130912423134,0.052008818835020065,0.051909565925598145,0.0520559586584568,0.05208684876561165,0.0519876703619957,0.05204763263463974,0.5822784810126582,1880,0.05201726406812668,-0.0005380750009862823,38.439029693603516,92,0.8124030828475952,1830,0.1,0.2,0.05200064554810524,0.00015780138,1e-07,0.0,3.0517578125e-06,0.4607929769204929,0.874535083770752
0.0,1.377509433962265,0.052006177604198456,159,0.05198802798986435,0.051932428032159805,0.052114397287368774,0.05200783908367157,0.0,0.05205068364739418,534.5316162109375,0.05201425030827522,0.05190815404057503,0.05209067091345787,0.05199478566646576,32,0.05190807953476906,805.82,0.052049458026885986,-1.0,2160,0.05200786516070366,0.0519292838871479,0.052026428282260895,0.05198775604367256,0.6415094339622641,0.052114397287368774,0.3584905660377358,0.051944799721241,4194304,0.05190807953476906,0.05194130912423134,0.052008818835020065,0.051909565925598145,0.0520559586584568,0.05208684876561165,0.0519876703619957,0.05204763263463974,0.6415094339622641,1941,0.05201726406812668,-0.0005389868905695039,38.439029693603516,102,0.8959814310073853,1840,0.1,0.2,0.05200064554810524,0.00016547884,1e-07,0.0,7.62939453125e-07,0.4851165737491101,0.8703314065933228
0.0,1.4092098765432108,0.052006177604198456,162,0.05198802798986435,0.051932428032159805,0.052114397287368774,0.05200783908367157,0.0,0.05205068364739418,535.1844482421875,0.05201425030827522,0.05190815404057503,0.05209067091345787,0.05199478566646576,33,0.05190807953476906,810.97,0.052049458026885986,-1.0,2159,0.05200786516070366,0.0519292838871479,0.052026428282260895,0.05198775604367256,0.5802469135802469,0.052114397287368774,0.41975308641975306,0.051944799721241,4325376,0.05190807953476906,0.05194130912423134,0.052008818835020065,0.051909565925598145,0.0520559586584568,0.05208684876561165,0.0519876703619957,0.05204763263463974,0.5802469135802469,2003,0.05201726406812668,-0.00045894211593804356,38.439029693603516,94,0.9035840034484863,1850,0.1,0.2,0.05200064554810524,0.00013988392,1e-07,0.0,0.0,0.47545259720645844,0.8638662695884705
0.0,1.4037707006369438,0.052006177604198456,157,0.05198802798986435,0.051932428032159805,0.052114397287368774,0.05200783908367157,0.0,0.05205068364739418,530.2337036132812,0.05201425030827522,0.05190815404057503,0.05209067091345787,0.05199478566646576,34,0.05190807953476906,801.77,0.052049458026885986,-1.0,2158,0.05200786516070366,0.0519292838871479,0.052026428282260895,0.05198775604367256,0.6050955414012739,0.052114397287368774,0.39490445859872614,0.051944799721241,4456448,0.05190807953476906,0.05194130912423134,0.052008818835020065,0.051909565925598145,0.0520559586584568,0.05208684876561165,0.0519876703619957,0.05204763263463974,0.6050955414012739,2064,0.05201726406812668,-0.0004760171970247029,38.439029693603516,95,0.9586618542671204,1860,0.1,0.2,0.05200064554810524,0.00012303216,1e-07,0.0,1.52587890625e-06,0.5285014265915379,0.8770464658737183
0.0,1.4118675496688753,0.052006177604198456,151,0.05198802798986435,0.051932428032159805,0.052114397287368774,0.05200783908367157,0.0,0.05205068364739418,559.4014282226562,0.05201425030827522,0.05190815404057503,0.05209067091345787,0.05199478566646576,35,0.05190807953476906,843.11,0.052049458026885986,-1.0,2157,0.05200786516070366,0.0519292838871479,0.052026428282260895,0.05198775604367256,0.6225165562913907,0.052114397287368774,0.37748344370860926,0.051944799721241,4587520,0.05190807953476906,0.05194130912423134,0.052008818835020065,0.051909565925598145,0.0520559586584568,0.05208684876561165,0.0519876703619957,0.05204763263463974,0.6225165562913907,2126,0.05201726406812668,-0.0004896928397556622,38.439029693603516,94,0.9298814535140991,1870,0.1,0.2,0.05200064554810524,0.00012289238,1e-07,0.0,0.0,0.508295186678879,0.8615171313285828
0.0,1.3966265060240977,0.052006177604198456,166,0.05198802798986435,0.051932428032159805,0.052114397287368774,0.05200783908367157,0.0,0.05205068364739418,569.4138793945312,0.05201425030827522,0.05190815404057503,0.05209067091345787,0.05199478566646576,36,0.05190807953476906,855.41,0.052049458026885986,-1.0,2156,0.05200786516070366,0.0519292838871479,0.052026428282260895,0.05198775604367256,0.6024096385542169,0.052114397287368774,0.39759036144578314,0.051944799721241,4718592,0.05190807953476906,0.05194130912423134,0.052008818835020065,0.051909565925598145,0.0520559586584568,0.05208684876561165,0.0519876703619957,0.05204763263463974,0.6024096385542169,2188,0.05201726406812668,-0.000485760041328831,38.439029693603516,100,0.8408757448196411,1880,0.1,0.2,0.05200064554810524,0.00014467686,1e-07,0.0,0.0,0.45895304987207053,0.8656133413314819
0.0,1.3955466666666678,0.052006177604198456,150,0.05198802798986435,0.051932428032159805,0.052114397287368774,0.05200783908367157,0.0,0.05205068364739418,535.5756225585938,0.05201425030827522,0.05190815404057503,0.05209067091345787,0.05199478566646576,37,0.05190807953476906,810.13,0.052049458026885986,-1.0,2156,0.05200786516070366,0.0519292838871479,0.052026428282260895,0.05198775604367256,0.5733333333333334,0.052114397287368774,0.4266666666666667,0.051944799721241,4849664,0.05190807953476906,0.05194130912423134,0.052008818835020065,0.051909565925598145,0.0520559586584568,0.05208684876561165,0.0519876703619957,0.05204763263463974,0.5733333333333334,2249,0.05201726406812668,-0.00042806634610315086,38.439029693603516,86,0.8857746720314026,1890,0.1,0.2,0.05200064554810524,0.00011719287,1e-07,0.0,0.0,0.48080733504612,0.8830344676971436
0.0,1.3730409356725155,0.052006177604198456,171,0.05198802798986435,0.051932428032159805,0.052114397287368774,0.05200783908367157,0.0,0.05205068364739418,540.7718505859375,0.05201425030827522,0.05190815404057503,0.05209067091345787,0.05199478566646576,38,0.05190807953476906,822.23,0.052049458026885986,-1.0,2154,0.05200786516070366,0.0519292838871479,0.052026428282260895,0.05198775604367256,0.5847953216374269,0.052114397287368774,0.4152046783625731,0.051944799721241,4980736,0.05190807953476906,0.05194130912423134,0.052008818835020065,0.051909565925598145,0.0520559586584568,0.05208684876561165,0.0519876703619957,0.05204763263463974,0.5847953216374269,2311,0.05201726406812668,-0.00042869926969615337,38.439029693603516,100,0.9392228722572327,1900,0.1,0.2,0.05200064554810524,0.0001094091,1e-07,0.0,0.0,0.5040831617312506,0.8734720945358276
0.0,1.4000666666666675,0.052006177604198456,150,0.05198802798986435,0.051932428032159805,0.052114397287368774,0.05200783908367157,0.0,0.05205068364739418,531.586669921875,0.05201425030827522,0.05190815404057503,0.05209067091345787,0.05199478566646576,39,0.05190807953476906,802.46,0.052049458026885986,-1.0,2154,0.05200786516070366,0.0519292838871479,0.052026428282260895,0.05198775604367256,0.5666666666666667,0.052114397287368774,0.43333333333333335,0.051944799721241,5111808,0.05190807953476906,0.05194130912423134,0.052008818835020065,0.051909565925598145,0.0520559586584568,0.05208684876561165,0.0519876703619957,0.05204763263463974,0.5666666666666667,2372,0.05201726406812668,-0.0005143005641457421,38.439029693603516,85,0.9779011011123657,1910,0.1,0.2,0.05200064554810524,0.00013579614,1e-07,0.0,0.0,0.5169878519838675,0.879787027835846
0.0,1.392720496894411,0.052006177604198456,161,0.05198802798986435,0.051932428032159805,0.052114397287368774,0.05200783908367157,0.0,0.05205068364739418,562.2891235351562,0.05201425030827522,0.05190815404057503,0.05209067091345787,0.05199478566646576,40,0.05190807953476906,845.7,0.052049458026885986,-1.0,2153,0.05200786516070366,0.0519292838871479,0.052026428282260895,0.05198775604367256,0.6645962732919255,0.052114397287368774,0.33540372670807456,0.051944799721241,5242880,0.05190807953476906,0.05194130912423134,0.052008818835020065,0.051909565925598145,0.0520559586584568,0.05208684876561165,0.0519876703619957,0.05204763263463974,0.6645962732919255,2434,0.05201726406812668,-0.00046624207457171,38.439029693603516,107,0.88643479347229,1920,0.1,0.2,0.05200064554810524,0.00012357297,1e-07,0.0,0.0,0.48024827148765326,0.8745740056037903
0.0,1.3818947368421062,0.052006177604198456,152,0.05198802798986435,0.051932428032159805,0.052114397287368774,0.05200783908367157,0.0,0.05205068364739418,583.4505615234375,0.05201425030827522,0.05190815404057503,0.05209067091345787,0.05199478566646576,41,0.05190807953476906,872.53,0.052049458026885986,-1.0,2153,0.05200786516070366,0.0519292838871479,0.052026428282260895,0.05198775604367256,0.6776315789473685,0.052114397287368774,0.3223684210526316,0.051944799721241,5373952,0.05190807953476906,0.05194130912423134,0.052008818835020065,0.051909565925598145,0.0520559586584568,0.05208684876561165,0.0519876703619957,0.05204763263463974,0.6776315789473685,2495,0.05201726406812668,-0.00043077099826405174,38.439029693603516,103,0.8273698091506958,1930,0.1,0.2,0.05200064554810524,0.00011265354,1e-07,0.0,0.0,0.42715016787406057,0.8580234050750732
0.0,1.4016339869281056,0.052006177604198456,153,0.05198802798986435,0.051932428032159805,0.052114397287368774,0.05200783908367157,0.0,0.05205068364739418,563.5546264648438,0.05201425030827522,0.05190815404057503,0.05209067091345787,0.05199478566646576,42,0.05190807953476906,844.38,0.052049458026885986,-1.0,2152,0.05200786516070366,0.0519292838871479,0.052026428282260895,0.05198775604367256,0.5816993464052288,0.052114397287368774,0.41830065359477125,0.051944799721241,5505024,0.05190807953476906,0.05194130912423134,0.052008818835020065,0.051909565925598145,0.0520559586584568,0.05208684876561165,0.0519876703619957,0.05204763263463974,0.5816993464052288,2557,0.05201726406812668,-0.00045677641296606455,38.439029693603516,89,0.6790772676467896,1940,0.1,0.2,0.05200064554810524,0.00012834813,1e-07,0.0,0.0,0.4594668383942917,0.8557610511779785
0.0,1.4053974358974368,0.052006177604198456,156,0.05198802798986435,0.051932428032159805,0.052114397287368774,0.05200783908367157,0.0,0.05205068364739418,570.8550415039062,0.05201425030827522,0.05190815404057503,0.05209067091345787,0.05199478566646576,43,0.05190807953476906,855.04,0.052049458026885986,-1.0,2151,0.05200786516070366,0.0519292838871479,0.052026428282260895,0.05198775604367256,0.6153846153846154,0.052114397287368774,0.38461538461538464,0.051944799721241,5636096,0.05190807953476906,0.05194130912423134,0.052008818835020065,0.051909565925598145,0.0520559586584568,0.05208684876561165,0.0519876703619957,0.05204763263463974,0.6153846153846154,2619,0.05201726406812668,-0.0005494450262176542,38.439029693603516,96,0.857397198677063,1950,0.1,0.2,0.05200064554810524,0.00016954335,1e-07,0.0,2.288818359375e-06,0.4751515244599432,0.8753503561019897
0.0,1.4056178343949055,0.052006177604198456,157,0.05198802798986435,0.051932428032159805,0.052114397287368774,0.05200783908367157,0.0,0.05205068364739418,530.578125,0.05201425030827522,0.05190815404057503,0.05209067091345787,0.05199478566646576,44,0.05190807953476906,794.68,0.052049458026885986,-1.0,2150,0.05200786516070366,0.0519292838871479,0.052026428282260895,0.05198775604367256,0.6305732484076433,0.052114397287368774,0.36942675159235666,0.051944799721241,5767168,0.05190807953476906,0.05194130912423134,0.052008818835020065,0.051909565925598145,0.0520559586584568,0.05208684876561165,0.0519876703619957,0.05204763263463974,0.6305732484076433,2681,0.05201726406812668,-0.0005233993451383868,38.439029693603516,99,0.8908952474594116,1960,0.1,0.2,0.05200064554810524,0.00014196076,1e-07,0.0,7.62939453125e-07,0.4679482390638441,0.8696035146713257
0.0,1.3806535947712428,0.052006177604198456,153,0.05198802798986435,0.051932428032159805,0.052114397287368774,0.05200783908367157,0.0,0.05205068364739418,562.555419921875,0.05201425030827522,0.05190815404057503,0.05209067091345787,0.05199478566646576,45,0.05190807953476906,849.07,0.052049458026885986,-1.0,2150,0.05200786516070366,0.0519292838871479,0.052026428282260895,0.05198775604367256,0.6078431372549019,0.052114397287368774,0.39215686274509803,0.051944799721241,5898240,0.05190807953476906,0.05194130912423134,0.052008818835020065,0.051909565925598145,0.0520559586584568,0.05208684876561165,0.0519876703619957,0.05204763263463974,0.6078431372549019,2743,0.05201726406812668,-0.00043764731326518814,38.439029693603516,93,0.8214257955551147,1970,0.1,0.2,0.05200064554810524,0.00012321565,1e-07,0.0,0.0,0.4883629306452349,0.8593474626541138
0.0,1.3929290322580656,0.052006177604198456,155,0.05198802798986435,0.051932428032159805,0.052114397287368774,0.05200783908367157,0.0,0.05205068364739418,552.7760009765625,0.05201425030827522,0.05190815404057503,0.05209067091345787,0.05199478566646576,46,0.05190807953476906,830.33,0.052049458026885986,-1.0,2149,0.05200786516070366,0.0519292838871479,0.052026428282260895,0.05198775604367256,0.6451612903225806,0.052114397287368774,0.3548387096774194,0.051944799721241,6029312,0.05190807953476906,0.05194130912423134,0.052008818835020065,0.051909565925598145,0.0520559586584568,0.05208684876561165,0.0519876703619957,0.05204763263463974,0.6451612903225806,2804,0.05201726406812668,-0.0005441150490241853,38.439029693603516,100,0.8457722663879395,1980,0.1,0.2,0.05200064554810524,0.00017092531,1e-07,0.0,2.288818359375e-06,0.47674087923951447,0.8684863448143005
0.0,1.3983246753246763,0.052006177604198456,154,0.05198802798986435,0.051932428032159805,0.052114397287368774,0.05200783908367157,0.0,0.05205068364739418,563.7252807617188,0.05201425030827522,0.05190815404057503,0.05209067091345787,0.05199478566646576,47,0.05190807953476906,848.33,0.052049458026885986,-1.0,2149,0.05200786516070366,0.0519292838871479,0.052026428282260895,0.05198775604367256,0.6688311688311688,0.052114397287368774,0.33116883116883117,0.051944799721241,6160384,0.05190807953476906,0.05194130912423134,0.052008818835020065,0.051909565925598145,0.0520559586584568,0.05208684876561165,0.0519876703619957,0.05204763263463974,0.6688311688311688,2866,0.052017275243997574,-0.00042497036861277593,38.439029693603516,103,0.8315938115119934,1990,0.1,0.2,0.05200064554810524,0.000113698195,1e-07,0.0,0.0,0.4788190148305148,0.8619005680084229
0.0,1.3907368421052642,0.052006177604198456,152,0.05198802798986435,0.051932428032159805,0.052114397287368774,0.05200783908367157,0.0,0.05205068364739418,562.0462036132812,0.05201425030827522,0.05190815404057503,0.05209067091345787,0.05199478566646576,48,0.05190807953476906,843.61,0.052049458026885986,-1.0,2148,0.05200786516070366,0.0519292838871479,0.052026428282260895,0.05198775604367256,0.6381578947368421,0.052114397287368774,0.3618421052631579,0.051944799721241,6291456,0.05190807953476906,0.05194130912423134,0.052008818835020065,0.051909565925598145,0.0520559586584568,0.05208684876561165,0.0519876703619957,0.05204763263463974,0.6381578947368421,2928,0.052017275243997574,-0.0004725723646060942,38.439029693603516,97,0.7067885398864746,2000,0.1,0.2,0.05200064554810524,0.00014193938,1e-07,0.0,0.0,0.43336130857933314,0.8719375729560852
0.0,1.396092105263159,0.052006177604198456,152,0.05198802798986435,0.051932428032159805,0.052114397287368774,0.05200783908367157,0.0,0.05205068364739418,558.2222900390625,0.05201425030827522,0.05190815404057503,0.05209067091345787,0.05199478566646576,49,0.05190807953476906,838.17,0.052049458026885986,-1.0,2147,0.05200786516070366,0.0519292838871479,0.052026428282260895,0.05198775604367256,0.6776315789473685,0.052114397287368774,0.3223684210526316,0.051944799721241,6422528,0.05190807953476906,0.05194130912423134,0.052008818835020065,0.051909565925598145,0.0520559586584568,0.05208684876561165,0.0519876703619957,0.05204763263463974,0.6776315789473685,2990,0.052017275243997574,-0.00047133263965406515,38.439029693603516,103,0.8190832138061523,2010,0.1,0.2,0.05200064554810524,0.00013828531,1e-07,0.0,0.0,0.42788406254258005,0.8652319312095642
0.0,1.3873012048192779,0.052006177604198456,166,0.05198802798986435,0.051932428032159805,0.052114397287368774,0.05200783908367157,0.0,0.05205068364739418,542.4306640625,0.05201425030827522,0.05190815404057503,0.05209067091345787,0.05199478566646576,50,0.05190807953476906,815.01,0.052049458026885986,-1.0,2147,0.05200786516070366,0.0519292838871479,0.052026428282260895,0.05198775604367256,0.5843373493975904,0.052114397287368774,0.41566265060240964,0.051944799721241,6553600,0.05190807953476906,0.05194130912423134,0.052008818835020065,0.051909565925598145,0.0520559586584568,0.05208684876561165,0.0519876703619957,0.05204763263463974,0.5843373493975904,3051,0.052017275243997574,-0.0004870063058206142,38.439029693603516,97,0.8771328926086426,2020,0.1,0.2,0.05200064554810524,0.00014159262,1e-07,0.0,0.0,0.4742801649495959,0.8612760901451111
0.0,1.3943758389261756,0.052006177604198456,149,0.05198802798986435,0.051932428032159805,0.052114397287368774,0.05200783908367157,0.0,0.05205068364739418,543.7255249023438,0.05201425030827522,0.05190815404057503,0.05209067091345787,0.05199478566646576,51,0.05190807953476906,824.36,0.052049458026885986,-1.0,2147,0.05200786516070366,0.0519292838871479,0.052026428282260895,0.05198775604367256,0.6174496644295302,0.052114397287368774,0.3825503355704698,0.051944799721241,6684672,0.05190807953476906,0.05194130912423134,0.052008818835020065,0.051909565925598145,0.0520559586584568,0.05208684876561165,0.0519876703619957,0.05204763263463974,0.6174496644295302,3113,0.052017275243997574,-0.0004512681903634075,38.439029693603516,92,0.8925766944885254,2030,0.1,0.2,0.05200064554810524,0.00014294113,1e-07,0.0,0.0,0.49840437606908383,0.8764800429344177
0.0,1.4062894736842118,0.052006177604198456,152,0.05198802798986435,0.051932428032159805,0.052114397287368774,0.05200783908367157,0.0,0.05205068364739418,575.613037109375,0.05201425030827522,0.05190815404057503,0.05209067091345787,0.05199478566646576,52,0.05190807953476906,861.47,0.052049458026885986,-1.0,2146,0.05200786516070366,0.0519292838871479,0.052026428282260895,0.05198775604367256,0.6842105263157895,0.052114397287368774,0.3157894736842105,0.051944799721241,6815744,0.05190807953476906,0.05194130912423134,0.052008818835020065,0.051909565925598145,0.0520559586584568,0.05208684876561165,0.0519876703619957,0.05204763263463974,0.6842105263157895,3175,0.052017275243997574,-0.0004509089133989619,38.439029693603516,104,0.8670149445533752,2040,0.1,0.2,0.05200064554810524,0.00011932613,1e-07,0.0,0.0,0.4582402587402612,0.8750478625297546
0.0,1.4001052631578956,0.052006177604198456,152,0.05198802798986435,0.051932428032159805,0.052114397287368774,0.05200783908367157,0.0,0.05205068364739418,567.3954467773438,0.05201425030827522,0.05190815404057503,0.05209067091345787,0.05199478566646576,53,0.05190807953476906,850.26,0.052049458026885986,-1.0,2146,0.05200786516070366,0.0519292838871479,0.052026428282260895,0.05198775604367256,0.6513157894736842,0.052114397287368774,0.34868421052631576,0.051944799721241,6946816,0.05190807953476906,0.05194130912423134,0.052008818835020065,0.051909565925598145,0.0520559586584568,0.05208684876561165,0.0519876703619957,0.05204763263463974,0.6513157894736842,3236,0.052017275243997574,-0.0005009340366996185,38.439029693603516,99,0.9407172203063965,2050,0.1,0.2,0.05200064554810524,0.00015028888,1e-07,0.0,2.288818359375e-06,0.42337137314025314,0.8627646565437317
0.0,1.3898934911242613,0.052006177604198456,169,0.05198802798986435,0.051932428032159805,0.052114397287368774,0.05200783908367157,0.0,0.05205068364739418,531.3170776367188,0.05201425030827522,0.05190815404057503,0.05209067091345787,0.05199478566646576,54,0.05190807953476906,801.73,0.052049458026885986,-1.0,2145,0.05200786516070366,0.0519292838871479,0.052026428282260895,0.05198775604367256,0.621301775147929,0.052114397287368774,0.378698224852071,0.051944799721241,7077888,0.05190807953476906,0.05194130912423134,0.052008818835020065,0.051909565925598145,0.0520559586584568,0.05208684876561165,0.0519876703619957,0.05204763263463974,0.621301775147929,3298,0.052017275243997574,-0.0004906738162844704,38.439029693603516,105,0.7993057370185852,2060,0.1,0.2,0.05200064554810524,0.000154401,1e-07,0.0,7.62939453125e-07,0.4380111019127071,0.8560113906860352
0.0,1.4091842105263168,0.052006177604198456,152,0.05198802798986435,0.051932428032159805,0.052114397287368774,0.05200783908367157,0.0,0.05205068364739418,532.4053955078125,0.05201425030827522,0.05190815404057503,0.05209067091345787,0.05199478566646576,55,0.05190807953476906,804.9,0.052049458026885986,-1.0,2145,0.05200786516070366,0.0519292838871479,0.052026428282260895,0.05198775604367256,0.5657894736842105,0.052114397287368774,0.4342105263157895,0.051944799721241,7208960,0.05190807953476906,0.05194130912423134,0.052008818835020065,0.051909565925598145,0.0520559586584568,0.05208684876561165,0.0519876703619957,0.05204763263463974,0.5657894736842105,3360,0.052017275243997574,-0.00047177573571843823,38.439029693603516,86,0.7830684185028076,2070,0.1,0.2,0.05200064554810524,0.00012874234,1e-07,0.0,7.62939453125e-07,0.46755661093629897,0.8818947076797485
0.0,1.3763398692810467,0.052006177604198456,153,0.05198802798986435,0.051932428032159805,0.052114397287368774,0.05200783908367157,0.0,0.05205068364739418,538.2284545898438,0.05201425030827522,0.05190815404057503,0.05209067091345787,0.05199478566646576,56,0.05190807953476906,818.2,0.052049458026885986,-1.0,2145,0.05200786516070366,0.0519292838871479,0.052026428282260895,0.05198775604367256,0.5947712418300654,0.052114397287368774,0.40522875816993464,0.051944799721241,7340032,0.05190807953476906,0.05194130912423134,0.052008818835020065,0.051909565925598145,0.0520559586584568,0.05208684876561165,0.0519876703619957,0.05204763263463974,0.5947712418300654,3421,0.052017275243997574,-0.000459095498536044,38.439029693603516,91,0.9112632274627686,2080,0.1,0.2,0.05200064554810524,0.0001179816,1e-07,0.0,0.0,0.4787031412357464,0.8761907815933228
0.0,1.3927283950617295,0.052006177604198456,162,0.05198802798986435,0.051932428032159805,0.052114397287368774,0.05200783908367157,0.0,0.05205068364739418,569.7998657226562,0.05201425030827522,0.05190815404057503,0.05209067091345787,0.05199478566646576,57,0.05190807953476906,851.62,0.052049458026885986,-1.0,2144,0.05200786516070366,0.0519292838871479,0.052026428282260895,0.05198775604367256,0.6111111111111112,0.052114397287368774,0.3888888888888889,0.051944799721241,7471104,0.05190807953476906,0.05194130912423134,0.052008818835020065,0.051909565925598145,0.0520559586584568,0.05208684876561165,0.0519876703619957,0.05204763263463974,0.6111111111111112,3483,0.052017275243997574,-0.0004334169428148016,38.439029693603516,99,0.851506233215332,2090,0.1,0.2,0.05200064554810524,0.0001264887,1e-07,0.0,0.0,0.49475267983507365,0.8764348030090332
0.0,1.403320000000001,0.052006177604198456,150,0.05198802798986435,0.051932428032159805,0.052114397287368774,0.05200783908367157,0.0,0.05205068364739418,540.5945434570312,0.05201425030827522,0.05190815404057503,0.05209067091345787,0.05199478566646576,58,0.05190807953476906,814.0,0.052049458026885986,-1.0,2144,0.05200786516070366,0.0519292838871479,0.052026428282260895,0.05198775604367256,0.58,0.052114397287368774,0.42,0.051944799721241,7602176,0.05190807953476906,0.05194130912423134,0.052008818835020065,0.051909565925598145,0.0520559586584568,0.05208684876561165,0.0519876703619957,0.05204763263463974,0.58,3545,0.052017275243997574,-0.00043837918556164366,38.439029693603516,87,0.8971549272537231,2100,0.1,0.2,0.05200064554810524,0.0001356827,1e-07,0.0,0.0,0.47658136535901574,0.8672866225242615
0.0,1.4133375000000012,0.052006177604198456,160,0.05198802798986435,0.051932428032159805,0.052114397287368774,0.05200783908367157,0.0,0.05205068364739418,595.1976928710938,0.05201425030827522,0.05190815404057503,0.05209067091345787,0.05199478566646576,59,0.05190807953476906,894.56,0.052049458026885986,-1.0,2143,0.05200786516070366,0.0519292838871479,0.052026428282260895,0.05198775604367256,0.68125,0.052114397287368774,0.31875,0.051944799721241,7733248,0.05190807953476906,0.051941320300102234,0.052008818835020065,0.051909565925598145,0.0520559586584568,0.05208684876561165,0.0519876703619957,0.05204763263463974,0.68125,3607,0.052017275243997574,-0.00048541710134486493,38.439029693603516,109,0.7993208169937134,2110,0.1,0.2,0.05200064554810524,0.00013489921,1e-07,0.0,0.0,0.47390340473502873,0.8723641633987427
0.0,1.394523489932887,0.052006177604198456,149,0.05198802798986435,0.051932428032159805,0.052114397287368774,0.05200783908367157,0.0,0.05205068364739418,543.0631103515625,0.05201425030827522,0.05190815404057503,0.05209067091345787,0.05199478566646576,60,0.05190807953476906,820.04,0.052049458026885986,-1.0,2143,0.05200786516070366,0.0519292838871479,0.052026428282260895,0.05198775604367256,0.6174496644295302,0.052114397287368774,0.3825503355704698,0.051944799721241,7864320,0.05190807953476906,0.051941320300102234,0.052008818835020065,0.051909565925598145,0.0520559586584568,0.05208684876561165,0.0519876703619957,0.05204763263463974,0.6174496644295302,3668,0.052017275243997574,-0.0004741479654967407,38.439029693603516,92,0.8291206955909729,2120,0.1,0.2,0.05200064554810524,0.0001276405,1e-07,0.0,0.0,0.4387593541527167,0.8688960075378418
0.0,1.3969878048780497,0.052006177604198456,164,0.05198802798986435,0.051932428032159805,0.052114397287368774,0.05200783908367157,0.0,0.05205068364739418,557.9999389648438,0.05201425030827522,0.05190815404057503,0.05209067091345787,0.05199478566646576,61,0.05190807953476906,837.67,0.052049458026885986,-1.0,2143,0.05200786516070366,0.0519292838871479,0.052026428282260895,0.05198775604367256,0.6585365853658537,0.052114397287368774,0.34146341463414637,0.051944799721241,7995392,0.05190807953476906,0.051941320300102234,0.052008818835020065,0.051909565925598145,0.0520559586584568,0.05208684876561165,0.0519876703619957,0.05204763263463974,0.6585365853658537,3729,0.052017275243997574,-0.00048818778996064795,38.439029693603516,108,0.9347835779190063,2130,0.1,0.2,0.05200064554810524,0.0001633792,1e-07,0.0,2.288818359375e-06,0.4936339405132458,0.8558107614517212
0.0,1.4215949367088618,0.052006177604198456,158,0.05198802798986435,0.051932428032159805,0.052114397287368774,0.05200783908367157,0.0,0.05205068364739418,534.600341796875,0.05201425030827522,0.05190815404057503,0.05209067091345787,0.05199478566646576,62,0.05190807953476906,801.27,0.052049458026885986,-1.0,2143,0.05200786516070366,0.0519292838871479,0.052026428282260895,0.05198775604367256,0.6075949367088608,0.052114397287368774,0.3924050632911392,0.051944799721241,8126464,0.05190807953476906,0.051941320300102234,0.052008818835020065,0.051909565925598145,0.0520559586584568,0.05208684876561165,0.0519876703619957,0.05204763263463974,0.6075949367088608,3791,0.052017275243997574,-0.0004481871942516591,38.439029693603516,96,0.8203164339065552,2140,0.1,0.2,0.05200064554810524,0.0001356519,1e-07,0.0,0.0,0.4241532537387684,0.8760563731193542
0.0,1.4209801324503324,0.052006177604198456,151,0.05198802798986435,0.051932428032159805,0.052114397287368774,0.05200783908367157,0.0,0.05205068364739418,553.7882690429688,0.05201425030827522,0.05190815404057503,0.05209067091345787,0.05199478566646576,63,0.05190807953476906,837.64,0.052049458026885986,-1.0,2143,0.05200786516070366,0.0519292838871479,0.052026428282260895,0.05198775604367256,0.6357615894039735,0.052114397287368774,0.36423841059602646,0.051944799721241,8257536,0.05190807953476906,0.051941320300102234,0.052008818835020065,0.051909565925598145,0.0520559586584568,0.05208684876561165,0.0519876703619957,0.05204763263463974,0.6357615894039735,3852,0.052017275243997574,-0.0004758749264965445,38.439029693603516,96,0.8453106880187988,2150,0.1,0.2,0.05200064554810524,0.00013704176,1e-07,0.0,7.62939453125e-07,0.5019254445564002,0.871924102306366
0.0,1.37509090909091,0.052006177604198456,165,0.05198802798986435,0.051932428032159805,0.052114397287368774,0.05200783908367157,0.0,0.05205068364739418,553.8997802734375,0.05201425030827522,0.05190815404057503,0.05209067091345787,0.05199478566646576,64,0.05190807953476906,834.82,0.052049458026885986,-1.0,2143,0.05200786516070366,0.0519292838871479,0.052026428282260895,0.05198775604367256,0.6,0.052114397287368774,0.4,0.051944799721241,8388608,0.05190807953476906,0.051941320300102234,0.052008818835020065,0.051909565925598145,0.0520559586584568,0.05208684876561165,0.0519876703619957,0.05204763263463974,0.6,3914,0.052017275243997574,-0.0004980982069355377,38.439029693603516,99,0.8071411848068237,2160,0.1,0.2,0.05200064554810524,0.0001372294,1e-07,0.0,0.0,0.46395813426934185,0.8702888488769531
0.0,1.3931428571428581,0.052006177604198456,147,0.05198802798986435,0.051932428032159805,0.052114397287368774,0.05200783908367157,0.0,0.05205068364739418,554.741455078125,0.05201425030827522,0.05190815404057503,0.05209067091345787,0.05199478566646576,65,0.05190807953476906,833.85,0.052049458026885986,-1.0,2143,0.05200786516070366,0.0519292838871479,0.052026428282260895,0.05198775604367256,0.5918367346938775,0.052114397287368774,0.40816326530612246,0.051944799721241,8519680,0.05190807953476906,0.051941320300102234,0.052008818835020065,0.051909565925598145,0.0520559586584568,0.05208684876561165,0.0519876703619957,0.05204763263463974,0.5918367346938775,3975,0.052017275243997574,-0.000502172619871999,38.439029693603516,87,0.9358590841293335,2170,0.1,0.2,0.05200064554810524,0.00013991678,1e-07,0.0,2.288818359375e-06,0.5204640983836726,0.881071925163269
0.0,1.3647852760736208,0.052006177604198456,163,0.05198802798986435,0.051932428032159805,0.052114397287368774,0.05200783908367157,0.0,0.05205068364739418,575.8281860351562,0.05201425030827522,0.05190815404057503,0.05209067091345787,0.05199478566646576,66,0.05190807953476906,857.0,0.052049458026885986,-1.0,2143,0.05200786516070366,0.0519292838871479,0.052026428282260895,0.05198775604367256,0.6687116564417178,0.052114397287368774,0.3312883435582822,0.051944799721241,8650752,0.05190807953476906,0.051941320300102234,0.052008818835020065,0.051909565925598145,0.0520559586584568,0.05208684876561165,0.0519876703619957,0.05204763263463974,0.6687116564417178,4036,0.052017275243997574,-0.00047629152354602413,38.439029693603516,109,0.7870246767997742,2180,0.1,0.2,0.05200064554810524,0.00015316907,1e-07,0.0,1.52587890625e-06,0.45996986804530027,0.872710108757019
0.0,1.3867922077922088,0.052006177604198456,154,0.05198802798986435,0.051932428032159805,0.052114397287368774,0.05200783908367157,0.0,0.05205068364739418,525.6240844726562,0.05201425030827522,0.05190815404057503,0.05209067091345787,0.05199478566646576,67,0.05190807953476906,799.42,0.052049458026885986,-1.0,2142,0.05200786516070366,0.0519292838871479,0.052026428282260895,0.05198775604367256,0.551948051948052,0.052114397287368774,0.44805194805194803,0.051944799721241,8781824,0.05190807953476906,0.051941320300102234,0.052008818835020065,0.051909565925598145,0.0520559586584568,0.05208684876561165,0.0519876703619957,0.05204763263463974,0.551948051948052,4098,0.052017275243997574,-0.00048151647570193745,38.439029693603516,85,0.8054853677749634,2190,0.1,0.2,0.05200064554810524,0.0001369543,1e-07,0.0,0.0,0.45843425756320355,0.8627702593803406
0.0,1.3924705882352952,0.052006177604198456,153,0.05198802798986435,0.051932428032159805,0.052114397287368774,0.05200783908367157,0.0,0.05205068364739418,582.511962890625,0.05201425030827522,0.05190815404057503,0.05209067091345787,0.05199478566646576,68,0.05190807953476906,873.87,0.052049458026885986,-1.0,2142,0.05200786516070366,0.0519292838871479,0.052026428282260895,0.05198775604367256,0.6209150326797386,0.052114397287368774,0.3790849673202614,0.051944799721241,8912896,0.05190807953476906,0.051941320300102234,0.052008818835020065,0.051909565925598145,0.0520559586584568,0.05208684876561165,0.0519876703619957,0.05204763263463974,0.6209150326797386,4159,0.052017275243997574,-0.0004799310062026052,38.439029693603516,95,0.9189841747283936,2200,0.1,0.2,0.05200064554810524,0.00013526624,1e-07,0.0,0.0,0.4980831355322152,0.8730605244636536
0.0,1.390201257861636,0.052006177604198456,159,0.05198802798986435,0.051932428032159805,0.052114397287368774,0.05200783908367157,0.0,0.05205068364739418,549.0275268554688,0.05201425030827522,0.05190815404057503,0.05209067091345787,0.05199478566646576,69,0.05190807953476906,835.52,0.052049458026885986,-1.0,2142,0.05200786516070366,0.0519292838871479,0.052026428282260895,0.05198775604367256,0.6540880503144654,0.052114397287368774,0.34591194968553457,0.051944799721241,9043968,0.05190807953476906,0.051941320300102234,0.052008818835020065,0.051909565925598145,0.0520559586584568,0.05208684876561165,0.0519876703619957,0.05204763263463974,0.6540880503144654,4220,0.052017275243997574,-0.000520233551264937,38.439029693603516,104,0.7892858386039734,2210,0.1,0.2,0.05200064554810524,0.00017990186,1e-07,0.0,4.57763671875e-06,0.45759515902027487,0.8510833978652954
0.0,1.3987643312101918,0.052006177604198456,157,0.05198802798986435,0.051932428032159805,0.052114397287368774,0.05200783908367157,0.0,0.05205068364739418,566.3951416015625,0.05201425030827522,0.05190815404057503,0.05209067091345787,0.05199478566646576,70,0.05190807953476906,853.09,0.052049458026885986,-1.0,2142,0.05200786516070366,0.0519292838871479,0.052026428282260895,0.05198775604367256,0.6050955414012739,0.052114397287368774,0.39490445859872614,0.051944799721241,9175040,0.05190807953476906,0.051941320300102234,0.052008818835020065,0.051909565925598145,0.0520559586584568,0.05208684876561165,0.0519876703619957,0.05204763263463974,0.6050955414012739,4282,0.052017275243997574,-0.00041660830734144836,38.439029693603516,95,0.748460054397583,2220,0.1,0.2,0.05200064554810524,0.00010832835,1e-07,0.0,0.0,0.46363977235741916,0.8716411590576172
0.0,1.401544827586208,0.052006177604198456,145,0.05198802798986435,0.051932428032159805,0.052114397287368774,0.05200783908367157,0.0,0.05205068364739418,580.191162109375,0.05201425030827522,0.05190815404057503,0.05209067091345787,0.05199478566646576,71,0.05190807953476906,868.99,0.052049458026885986,-1.0,2142,0.05200786516070366,0.0519292838871479,0.052026428282260895,0.05198775604367256,0.6344827586206897,0.052114397287368774,0.36551724137931035,0.051944799721241,9306112,0.05190807953476906,0.051941320300102234,0.052008818835020065,0.051909565925598145,0.0520559586584568,0.05208684876561165,0.0519876703619957,0.05204763263463974,0.6344827586206897,4343,0.052017275243997574,-0.0004902112475519971,38.439029693603516,92,0.872211217880249,2230,0.1,0.2,0.05200064554810524,0.00015353732,1e-07,0.0,0.0,0.47211676815059034,0.8722130060195923
0.0,1.4183878787878799,0.052006177604198456,165,0.05198802798986435,0.051932428032159805,0.052114397287368774,0.05200783908367157,0.0,0.05205068364739418,552.996337890625,0.05201425030827522,0.05190815404057503,0.05209067091345787,0.05199478566646576,72,0.05190807953476906,833.69,0.052049458026885986,-1.0,2142,0.05200786516070366,0.0519292838871479,0.052026428282260895,0.05198775604367256,0.6121212121212121,0.052114397287368774,0.3878787878787879,0.051944799721241,9437184,0.05190807953476906,0.051941320300102234,0.052008818835020065,0.051909565925598145,0.0520559586584568,0.05208684876561165,0.0519876703619957,0.05204763263463974,0.6121212121212121,4405,0.052017275243997574,-0.0004489878876483999,38.439029693603516,101,0.9019826650619507,2240,0.1,0.2,0.05200064554810524,0.000119882694,1e-07,0.0,0.0,0.4656379757914692,0.8648135662078857
0.0,1.4092137931034494,0.052006177604198456,145,0.05198802798986435,0.051932428032159805,0.052114397287368774,0.05200783908367157,0.0,0.05205068364739418,565.51708984375,0.05201425030827522,0.05190815404057503,0.05209067091345787,0.05199478566646576,73,0.05190807953476906,849.44,0.052049458026885986,-1.0,2142,0.05200786516070366,0.0519292838871479,0.052026428282260895,0.05198775604367256,0.6206896551724138,0.052114397287368774,0.3793103448275862,0.051944799721241,9568256,0.05190807953476906,0.051941320300102234,0.052008818835020065,0.051909565925598145,0.0520559586584568,0.05208684876561165,0.0519876703619957,0.05204763263463974,0.6206896551724138,4466,0.052017275243997574,-0.0004352252514763677,38.439029693603516,90,0.7799602150917053,2250,0.1,0.2,0.05200064554810524,0.0001258142,1e-07,0.0,0.0,0.45417365147732197,0.8707035183906555
0.0,1.3954478527607372,0.052006177604198456,163,0.05198802798986435,0.051932428032159805,0.052114397287368774,0.05200783908367157,0.0,0.05205068364739418,555.4346313476562,0.05201425030827522,0.05190815404057503,0.05209067091345787,0.05199478566646576,74,0.05190807953476906,834.8,0.052049458026885986,-1.0,2141,0.05200786516070366,0.0519292838871479,0.052026428282260895,0.05198775604367256,0.6441717791411042,0.052114397287368774,0.3558282208588957,0.051944799721241,9699328,0.05190807953476906,0.051941320300102234,0.052008818835020065,0.051909565925598145,0.0520559586584568,0.05208684876561165,0.0519876703619957,0.05204763263463974,0.6441717791411042,4528,0.052017275243997574,-0.0005356613967705925,38.439029693603516,105,0.9023730754852295,2260,0.1,0.2,0.05200064554810524,0.00018576787,1e-07,0.0,0.0,0.48228880744427444,0.84979248046875
0.0,1.417751633986929,0.052006177604198456,153,0.05198802798986435,0.051932428032159805,0.052114397287368774,0.05200783908367157,0.0,0.05205068364739418,531.1556396484375,0.05201425030827522,0.05190815404057503,0.05209067091345787,0.05199478566646576,75,0.05190807953476906,799.23,0.052049458026885986,-1.0,2141,0.05200786516070366,0.0519292838871479,0.052026428282260895,0.05198775604367256,0.5686274509803921,0.052114397287368774,0.43137254901960786,0.051944799721241,9830400,0.05190807953476906,0.051941320300102234,0.052008818835020065,0.051909565925598145,0.0520559586584568,0.05208684876561165,0.0519876703619957,0.05204763263463974,0.5686274509803921,4590,0.052017275243997574,-0.0004923066995615955,38.439029693603516,87,0.8075613975524902,2270,0.1,0.2,0.05200064554810524,0.00014230092,1e-07,0.0,7.62939453125e-07,0.4752254666062072,0.8719736337661743
0.0,1.4168481012658238,0.052006177604198456,158,0.05198802798986435,0.051932428032159805,0.052114397287368774,0.05200783908367157,0.0,0.05205068364739418,554.7566528320312,0.05201425030827522,0.05190815404057503,0.05209067091345787,0.05199478566646576,76,0.05190807953476906,832.54,0.052049458026885986,-1.0,2141,0.05200786516070366,0.0519292838871479,0.052026428282260895,0.05198775604367256,0.5759493670886076,0.052114397287368774,0.4240506329113924,0.051944799721241,9961472,0.05190807953476906,0.051941320300102234,0.052008818835020065,0.051909565925598145,0.0520559586584568,0.05208684876561165,0.0519876703619957,0.05204763263463974,0.5759493670886076,4651,0.052017275243997574,-0.0004860064625063387,38.439029693603516,91,0.9449993968009949,2280,0.1,0.2,0.05200064554810524,0.000116059644,1e-07,0.0,0.0,0.5233161831973121,0.8701377511024475
0.0,1.396100000000001,0.052006177604198456,160,0.05198802798986435,0.051932428032159805,0.052114397287368774,0.05200783908367157,0.0,0.05205068364739418,585.580078125,0.05201425030827522,0.05190815404057503,0.05209067091345787,0.05199478566646576,77,0.05190807953476906,877.91,0.052049458026885986,-1.0,2141,0.05200786516070366,0.0519292838871479,0.052026428282260895,0.05198775604367256,0.6125,0.052114397287368774,0.3875,0.051944799721241,10092544,0.05190807953476906,0.051941320300102234,0.052008818835020065,0.051909565925598145,0.0520559586584568,0.05208684876561165,0.0519876703619957,0.05204763263463974,0.6125,4712,0.052017275243997574,-0.00047434741823053627,38.439029693603516,98,0.8667599558830261,2290,0.1,0.2,0.05200064554810524,0.00013461246,1e-07,0.0,0.0,0.4859846586594358,0.8791082501411438
