rollout/action_saturation_fraction,train/action_std_16,train/action_std_13,rollout/is_timeout_mean,train/action_std_20,rollout/episodes_fwd,train/action_std_14,train/action_std_06,rollout/recovery_left,time/iterations,train/action_std_02,rollout/episodes_left,rollout/force_onset_mean,train/action_std_17,rollout/is_fall_mean,rollout/force_requested_impulse_mean,rollout/ep_rew_mean,rollout/recovery_right,train/action_std_03,train/std_max,rollout/recovery_back,train/action_std_22,train/action_std_00,time/total_timesteps,train/action_std_12,train/action_std_18,train/action_std_19,train/action_std_23,rollout/ep_len_mean,train/action_std_11,rollout/recovery_up,train/action_std_08,time/time_elapsed,rollout/episodes_back,train/action_std_15,rollout/episodes_up,time/fps,rollout/force_direction_mean,train/action_std_01,train/action_std_04,rollout/episodes_right,train/action_std_05,train/action_std_10,train/action_std_24,train/action_std_07,train/std_min,train/action_std_21,train/action_std_09,rollout/recovery_fwd,train/policy_gradient_loss,rollout/timeouts,train/approx_kl,train/value_loss,train/n_updates,rollout/episodes_noforce,rollout/timeout_without_onset_fraction,rollout/recovery_down,rollout/recovery_noforce,train/learning_rate,train/entropy_loss,train/clip_range,train/clip_range_vf,train/std,train/clip_fraction,train/explained_variance,rollout/episodes_down,train/loss
0.0,0.0917113721370697,0.08852730691432953,0.0,0.09188251942396164,14,0.09005383402109146,0.09264170378446579,0.0,1,0.09066179394721985,30,1.4335000000000009,0.09352801740169525,1.0,2.5835761849157963,202.20655822753906,0.0,0.09321391582489014,0.09360253065824509,0.0,0.09118885546922684,0.09005415439605713,131072,0.0933162197470665,0.08990368247032166,0.09307573735713959,0.09168025851249695,307.79545454545456,0.09330051392316818,0.0,0.09190909564495087,21,3,0.0921553373336792,13,5964,2.2613636363636362,0.09360253065824509,0.089472196996212,28,0.09101688861846924,0.08990925550460815,0.09355326741933823,0.09045577049255371,0.08852730691432953,0.09078841656446457,0.09276904910802841,0.0,,,,,,,,,,,,,,,,,,
0.0,0.09257043153047562,0.0892893522977829,0.49537037037037035,0.09270811825990677,35,0.0907759889960289,0.09346513450145721,0.2558139534883721,2,0.09145592153072357,43,1.431537037037038,0.09443202614784241,0.5046296296296297,2.040443812346908,667.3963012695312,0.18181818181818182,0.09409237653017044,0.09449642151594162,0.84,0.09206178039312363,0.0908297523856163,262144,0.09425979852676392,0.09075707942247391,0.0939941331744194,0.09258528053760529,975.89,0.09424977004528046,0.5,0.09284364432096481,47,25,0.09300850331783295,32,5492,1.9074074074074074,0.09449642151594162,0.09035055339336395,44,0.09188353270292282,0.09076186269521713,0.0944121703505516,0.0913347452878952,0.0892893522977829,0.09165604412555695,0.09366536885499954,0.4857142857142857,-0.0023752294510813953,107,0.0038049142,0.616806401591748,3540,24,0.0,0.8461538461538461,0.9583333333333334,1e-05,24.152858886122704,0.1,0.2,0.09247758984565735,0.1499481201171875,0.7753242254257202,13,1.9078350067138672
0.0,0.09341412037611008,0.09009101241827011,0.3125,0.093560129404068,22,0.0915636196732521,0.09432951360940933,0.1,3,0.09236665815114975,20,1.4338472222222234,0.09519543498754501,0.6875,2.1536909880656196,427.1629333496094,0.17073170731707318,0.09477520734071732,0.09535960108041763,0.7222222222222222,0.09289746731519699,0.0916338711977005,393216,0.09509845823049545,0.09157217293977737,0.0948953628540039,0.09334877878427505,640.94,0.09512348473072052,0.16666666666666666,0.09366443008184433,73,18,0.09394419193267822,24,5347,2.0833333333333335,0.09535960108041763,0.09118013828992844,41,0.092681884765625,0.09160099178552628,0.09523650258779526,0.09202588349580765,0.09009101241827011,0.09247409552335739,0.09448191523551941,0.13636363636363635,-0.0028515605175925885,45,0.0036390126,0.6127213800791651,3550,12,0.0,0.7142857142857143,0.9166666666666666,1e-05,23.929091410338877,0.1,0.2,0.09330058842897415,0.14511795043945314,0.798786997795105,7,1.7561781406402588
0.0,0.09419872611761093,0.09083429723978043,0.5439560439560439,0.09439042955636978,23,0.09225329011678696,0.095113106071949,0.1794871794871795,4,0.0930672436952591,39,1.4255604395604404,0.09606247395277023,0.45604395604395603,1.9124363769212571,580.28564453125,0.3548387096774194,0.09560422599315643,0.09613583981990814,0.8823529411764706,0.09369489550590515,0.09238653630018234,524288,0.09593464434146881,0.09236118942499161,0.09563760459423065,0.09421317279338837,848.62,0.0958876833319664,0.2857142857142857,0.09452152252197266,99,17,0.09475347399711609,28,5258,2.065934065934066,0.09613583981990814,0.09201366454362869,31,0.09343728423118591,0.09240041673183441,0.09607113152742386,0.09275375306606293,0.09083429723978043,0.0932653471827507,0.09530409425497055,0.6086956521739131,-0.002555185218079714,99,0.0034058215,0.5623752359999343,3560,24,0.0,1.0,1.0,1e-05,23.7143794298172,0.1,0.2,0.09409183263778687,0.1345458984375,0.7873480319976807,20,1.7852377891540527
0.0,0.09508396685123444,0.09161479771137238,0.4375,0.09525538980960846,26,0.09307394176721573,0.09598670154809952,0.1891891891891892,5,0.09385207295417786,37,1.4369886363636375,0.09682587534189224,0.5625,2.062375750235349,479.2826843261719,0.16216216216216217,0.0964328870177269,0.09695052355527878,0.8666666666666667,0.09459111094474792,0.0931750014424324,655360,0.09679961204528809,0.09319204092025757,0.09640651941299438,0.09510070085525513,710.22,0.09666941314935684,0.3783783783783784,0.09532082080841064,126,15,0.09556657820940018,37,5200,2.1136363636363638,0.09695052355527878,0.09279444813728333,37,0.09427797794342041,0.0933648943901062,0.09689148515462875,0.09363757073879242,0.09161479771137238,0.0941016674041748,0.09614865481853485,0.5384615384615384,-0.0029713428961258615,77,0.0037185408,0.5282920862315222,3570,16,0.0,0.875,1.0,1e-05,23.498114523291587,0.1,0.2,0.09492458403110504,0.1468353271484375,0.7619662880897522,8,1.7958333492279053
0.0,0.09590890258550644,0.09238678216934204,0.47282608695652173,0.09603797644376755,31,0.09398732334375381,0.09680911898612976,0.22857142857142856,6,0.09463803470134735,35,1.4188369565217402,0.09768009930849075,0.5271739130434783,2.026395805714039,500.7691345214844,0.38461538461538464,0.09720901399850845,0.09789101779460907,0.7647058823529411,0.09534741193056107,0.09394851326942444,786432,0.097662054002285,0.09397859871387482,0.09727298468351364,0.095957912504673,740.72,0.09749215096235275,0.25,0.09623005986213684,152,17,0.09645108133554459,32,5166,2.0,0.09789101779460907,0.0936153382062912,39,0.09515590965747833,0.09408370405435562,0.09764235466718674,0.09440761059522629,0.09238678216934204,0.0949268788099289,0.09705258160829544,0.4838709677419355,-0.0030426228755459305,87,0.003591491,0.5763218962587416,3580,19,0.0,0.9090909090909091,0.9473684210526315,1e-05,23.279778002202512,0.1,0.2,0.09575094282627106,0.14234619140625,0.7884397506713867,11,1.791238784790039
0.0,0.09675992280244827,0.09321220219135284,0.43646408839779005,0.09689349681138992,27,0.09473635256290436,0.09763173758983612,0.15384615384615385,7,0.09545674920082092,39,1.4208839779005535,0.09853523224592209,0.56353591160221,2.072193321759034,497.6884460449219,0.21428571428571427,0.098025843501091,0.09875193238258362,0.6666666666666666,0.09615784138441086,0.09472823888063431,917504,0.09849730134010315,0.09476646035909653,0.0981086865067482,0.0966915711760521,732.98,0.0982745960354805,0.4857142857142857,0.09707290679216385,178,9,0.09727247059345245,35,5137,2.088397790055249,0.09875193238258362,0.09438858926296234,42,0.09592481702566147,0.09489217400550842,0.09855625778436661,0.09519940614700317,0.09321220219135284,0.09574487805366516,0.09790205955505371,0.4444444444444444,-0.0027758636797443614,79,0.0034797536,0.5452233881922439,3590,20,0.0,1.0,1.0,1e-05,23.06607986241579,0.1,0.2,0.09656726568937302,0.13343582153320313,0.8022585511207581,9,1.6443028450012207
0.0,0.09757827967405319,0.09400524944067001,0.5,0.0977545827627182,14,0.09563778340816498,0.09851038455963135,0.5,8,0.0963304191827774,40,1.4369615384615393,0.09935720264911652,0.5,2.0520878615696474,555.9867553710938,0.2903225806451613,0.09883590042591095,0.09961476176977158,0.6,0.09698166698217392,0.09553494304418564,1048576,0.0993344634771347,0.09552942216396332,0.0989842563867569,0.09748262166976929,807.5,0.09911960363388062,0.32432432432432434,0.09788352251052856,205,10,0.09805051237344742,37,5112,2.3141025641025643,0.09961476176977158,0.09519530087709427,31,0.09671738743782043,0.09563931822776794,0.09946060925722122,0.0960136130452156,0.09400524944067001,0.09665438532829285,0.09880298376083374,0.5,-0.003082242356867937,78,0.0035051573,0.5850790371419862,3600,15,0.0,1.0,1.0,1e-05,22.85240672826767,0.1,0.2,0.09740036725997925,0.14234237670898436,0.8017553091049194,9,1.7530962228775024
0.0,0.09852391481399536,0.09485717862844467,0.43349753694581283,0.09862370043992996,29,0.09656831622123718,0.09939812123775482,0.21153846153846154,9,0.09720445424318314,52,1.4286699507389173,0.1002965047955513,0.5665024630541872,2.0055627390766584,480.9491882324219,0.15,0.0997074544429779,0.10049071162939072,0.8421052631578947,0.0978475883603096,0.09642527997493744,1179648,0.10022244602441788,0.09642769396305084,0.09985750168561935,0.09832843393087387,707.56,0.09994439035654068,0.375,0.0986759141087532,231,19,0.09895686060190201,24,5087,1.9211822660098523,0.10049071162939072,0.09601835161447525,40,0.09753681719303131,0.0964549332857132,0.10040728002786636,0.09677223861217499,0.09485717862844467,0.09746947139501572,0.0995664894580841,0.3103448275862069,-0.0026779754604831394,88,0.0035827449,0.5600541071267798,3610,24,0.0,0.8666666666666667,1.0,1e-05,22.633976486325263,0.1,0.2,0.09826327860355377,0.14281692504882812,0.7731587886810303,15,1.7772364616394043
0.0,0.09939320385456085,0.09566935151815414,0.3935483870967742,0.09948794543743134,25,0.09736855328083038,0.10026317834854126,0.19444444444444445,10,0.09795300662517548,36,1.4334451612903238,0.10118583589792252,0.6064516129032258,2.1081870419237907,487.86175537109375,0.20588235294117646,0.10060834884643555,0.10129846632480621,0.7,0.09862134605646133,0.0972268134355545,1310720,0.10112250596284866,0.09724749624729156,0.10065240412950516,0.09911542385816574,722.4,0.10071181505918503,0.38461538461538464,0.09958089888095856,258,10,0.09986978769302368,26,5070,2.0903225806451613,0.10129846632480621,0.09689430147409439,34,0.09834114462137222,0.09727151691913605,0.10122579336166382,0.09761270135641098,0.09566935151815414,0.09839947521686554,0.10052112489938736,0.32,-0.0028556742920045506,61,0.0035241782,0.6380315371789038,3620,14,0.0,0.9,0.9285714285714286,1e-05,22.41737619638443,0.1,0.2,0.09910570085048676,0.14126205444335938,0.7909188270568848,10,1.7913763523101807
0.0,0.10022376477718353,0.0965454950928688,0.543010752688172,0.10040277987718582,33,0.0981614962220192,0.10113520920276642,0.36363636363636365,11,0.09877682477235794,44,1.4235268817204312,0.10202717781066895,0.45698924731182794,1.989543640850341,515.7937622070312,0.2647058823529412,0.10145191103219986,0.10216619819402695,0.9230769230769231,0.0994674563407898,0.09804360568523407,1441792,0.10194247215986252,0.0980524942278862,0.10156484693288803,0.09998705238103867,764.8,0.10160364210605621,0.5161290322580645,0.10052268952131271,285,13,0.10076870769262314,31,5052,2.010752688172043,0.10216619819402695,0.09769176691770554,34,0.09915963560342789,0.09812793880701065,0.1021147146821022,0.09842979162931442,0.0965454950928688,0.0993126705288887,0.10143745690584183,0.5757575757575758,-0.003114860985078849,101,0.003630176,0.5514646222116426,3630,18,0.0,0.9230769230769231,0.9444444444444444,1e-05,22.203434811532496,0.1,0.2,0.09996471554040909,0.14542465209960936,0.7904098033905029,13,1.5980339050292969
0.0,0.10114309936761856,0.09736648947000504,0.39790575916230364,0.10130099952220917,28,0.0989764928817749,0.1019788309931755,0.2558139534883721,12,0.0996459573507309,43,1.4320732984293203,0.10292571783065796,0.6020942408376964,2.1159094037292303,443.8006896972656,0.26666666666666666,0.10232294350862503,0.10299131274223328,0.6470588235294118,0.10033731162548065,0.09881187230348587,1572864,0.1028805822134018,0.09891300648450851,0.10241493582725525,0.10089728236198425,656.65,0.1024867445230484,0.2647058823529412,0.10133128613233566,312,17,0.10170933604240417,34,5038,2.1780104712041886,0.10293549299240112,0.09849231690168381,45,0.09993655234575272,0.09896771609783173,0.10299131274223328,0.09929579496383667,0.09736648947000504,0.1001889556646347,0.10229820758104324,0.39285714285714285,-0.0026570473256469994,76,0.0034523224,0.5603065357077867,3640,13,0.0,0.9090909090909091,0.9230769230769231,1e-05,21.989039175212383,0.1,0.2,0.10082197189331055,0.1341278076171875,0.7911955714225769,11,1.6533373594284058
0.0,0.10199454426765442,0.09810655564069748,0.4388888888888889,0.10227782279253006,24,0.09984707087278366,0.1028413400053978,0.3333333333333333,13,0.1004633828997612,39,1.4327222222222233,0.10375835746526718,0.5611111111111111,2.014534566987604,491.2819519042969,0.20408163265306123,0.10313287377357483,0.1039564236998558,0.6,0.10115254670381546,0.09970584511756897,1703936,0.10372857749462128,0.09980508685112,0.1032896488904953,0.10177422314882278,729.95,0.10338134318590164,0.52,0.10215163230895996,338,15,0.10253198444843292,25,5027,2.1666666666666665,0.10384389013051987,0.09940776228904724,49,0.10086620599031448,0.0997629389166832,0.1039564236998558,0.10024899989366531,0.09810655564069748,0.10096143186092377,0.10320352017879486,0.375,-0.0027045014474424535,79,0.003502573,0.6476891378872096,3650,15,0.0,0.7692307692307693,1.0,1e-05,21.77443010509014,0.1,0.2,0.10168775171041489,0.14087753295898436,0.7956440448760986,13,1.784505844116211
0.0,0.1028451919555664,0.09894496947526932,0.42780748663101603,0.10316651314496994,25,0.10074707120656967,0.10374940931797028,0.2037037037037037,14,0.10136035829782486,54,1.4225240641711239,0.10466185957193375,0.5721925133689839,2.0617589292206784,472.35858154296875,0.3225806451612903,0.10407553613185883,0.10478336364030838,0.7777777777777778,0.10198301076889038,0.10057446360588074,1835008,0.10463017970323563,0.1007475033402443,0.10421567410230637,0.10266410559415817,706.03,0.10430683195590973,0.3870967741935484,0.10304640233516693,365,18,0.1034301370382309,31,5016,1.9411764705882353,0.10477825999259949,0.10033680498600006,31,0.10174768418073654,0.10063459724187851,0.10478336364030838,0.10115712881088257,0.09894496947526932,0.10185450315475464,0.1040838435292244,0.2,-0.0028998753152336574,80,0.0034924995,0.6291297322371975,3660,20,0.0,1.0,1.0,1e-05,21.558484010398388,0.1,0.2,0.10258100926876068,0.13436431884765626,0.7884351015090942,8,1.6955647468566895
0.0,0.10361426323652267,0.09982629120349884,0.4756756756756757,0.10405615717172623,32,0.10159574449062347,0.10467641055583954,0.18421052631578946,15,0.10224783420562744,38,1.443200000000001,0.10558204352855682,0.5243243243243243,2.0217733472337414,487.1068115234375,0.30434782608695654,0.10491926968097687,0.10578536242246628,0.6428571428571429,0.10285821557044983,0.10152864456176758,1966080,0.10562313348054886,0.10158459842205048,0.10511507093906403,0.10363061726093292,729.88,0.10523450374603271,0.43478260869565216,0.10397558659315109,392,14,0.10428564250469208,23,5006,2.0432432432432432,0.10578536242246628,0.10120759159326553,46,0.1026742085814476,0.10147218406200409,0.10574337095022202,0.10207024216651917,0.09982629120349884,0.10271228104829788,0.10508594661951065,0.5625,-0.0030606026834902877,88,0.0036560649,0.5788636173121631,3670,17,0.0,0.9333333333333333,0.9411764705882353,1e-05,21.338931857049467,0.1,0.2,0.10348420590162277,0.14817657470703124,0.7956571578979492,15,1.4833875894546509
0.0,0.10456209629774094,0.1006254106760025,0.4143646408839779,0.10497213900089264,29,0.10253795236349106,0.10555315017700195,0.22580645161290322,16,0.10315441340208054,31,1.428607734806631,0.10640399903059006,0.585635359116022,2.046182891384519,458.3812255859375,0.14893617021276595,0.10579366236925125,0.10666047036647797,0.9166666666666666,0.10371710360050201,0.10244201868772507,2097152,0.10650318115949631,0.1025225967168808,0.10605177283287048,0.10446474701166153,684.0,0.10613163560628891,0.18518518518518517,0.10493375360965729,419,12,0.1051979511976242,27,4998,1.988950276243094,0.10666047036647797,0.10207105427980423,47,0.10356227308511734,0.10226012021303177,0.10660121589899063,0.10290368646383286,0.1006254106760025,0.10348252952098846,0.10595463216304779,0.3793103448275862,-0.003051759285699518,75,0.0034012296,0.5465153860393912,3680,23,0.0,0.9166666666666666,1.0,1e-05,21.12499357163906,0.1,0.2,0.10436253994703293,0.13439865112304689,0.8113118410110474,12,1.6102384328842163
0.0,0.10538902133703232,0.10147122293710709,0.48823529411764705,0.1058591827750206,32,0.10342582315206528,0.10639920085668564,0.3333333333333333,17,0.10411825031042099,24,1.4264235294117658,0.10735271126031876,0.5117647058823529,2.075746058107173,530.3745727539062,0.19047619047619047,0.10669346898794174,0.10747836530208588,0.6666666666666666,0.10459710657596588,0.10326515138149261,2228224,0.10731961578130722,0.10340740531682968,0.10700379312038422,0.10533423721790314,794.85,0.10702203959226608,0.41935483870967744,0.10584366321563721,446,15,0.10621459037065506,31,4993,2.0058823529411764,0.10747836530208588,0.10302537679672241,42,0.10450799018144608,0.10314863175153732,0.10746727883815765,0.1038036122918129,0.10147122293710709,0.10428711771965027,0.10689757019281387,0.5625,-0.002769000733769644,83,0.003445574,0.5936997900949791,3690,17,0.0,1.0,1.0,1e-05,20.913025748729705,0.1,0.2,0.10525329411029816,0.1381866455078125,0.799192488193512,9,1.6591802835464478
0.0,0.10631174594163895,0.10232572257518768,0.46808510638297873,0.10676851123571396,25,0.10434361547231674,0.10718697309494019,0.2222222222222222,18,0.10501471906900406,36,1.4305106382978738,0.10830148309469223,0.5319148936170213,1.9304822924410143,503.1801452636719,0.2564102564102564,0.10766793042421341,0.10848306864500046,0.7647058823529411,0.10559657216072083,0.10405763983726501,2359296,0.10827290266752243,0.104294054210186,0.10793821513652802,0.10619404911994934,753.29,0.10793580114841461,0.41025641025641024,0.1068052127957344,473,17,0.10715837776660919,39,4987,2.1382978723404253,0.10839341580867767,0.10389982908964157,39,0.10550230741500854,0.10404776781797409,0.10848306864500046,0.10461351275444031,0.10232572257518768,0.10526150465011597,0.10775038599967957,0.44,-0.0028033287831931374,88,0.0035449476,0.5328302814392373,3700,20,0.0,0.9166666666666666,0.95,1e-05,20.698204904794693,0.1,0.2,0.10616500675678253,0.13932647705078124,0.7923086881637573,12,1.4969027042388916
0.0,0.1072511151432991,0.10331225395202637,0.4327485380116959,0.10767724364995956,27,0.10521069914102554,0.10811593383550644,0.11538461538461539,19,0.10590164363384247,26,1.4293216374269015,0.1092267781496048,0.5672514619883041,2.1022319611114035,477.94940185546875,0.21739130434782608,0.10852503031492233,0.10941822081804276,0.9090909090909091,0.10640706866979599,0.10491109639406204,2490368,0.10918931663036346,0.10514785349369049,0.10880304872989655,0.10713431984186172,720.56,0.10895311087369919,0.41379310344827586,0.10771358013153076,499,11,0.10804558545351028,29,4982,2.263157894736842,0.10927155613899231,0.10482920706272125,46,0.1063440591096878,0.10498825460672379,0.10941822081804276,0.10545175522565842,0.10331225395202637,0.10611409693956375,0.1086442843079567,0.3333333333333333,-0.002818036021653825,74,0.0033746571,0.5657324227504432,3710,15,0.0,0.9411764705882353,0.9333333333333333,1e-05,20.48546304553747,0.1,0.2,0.10706347972154617,0.13544540405273436,0.8011489510536194,17,1.5626792907714844
0.0,0.10819084197282791,0.10428131371736526,0.43455497382198954,0.10861208289861679,30,0.10604768246412277,0.10902363806962967,0.23076923076923078,20,0.10679243505001068,39,1.4238534031413623,0.11018580943346024,0.5654450261780105,2.1043208328838228,465.32965087890625,0.2916666666666667,0.10939612984657288,0.11040191352367401,0.875,0.10738472640514374,0.1058819517493248,2621440,0.11023026704788208,0.1060473620891571,0.1096910685300827,0.10793635994195938,693.91,0.10985928773880005,0.27586206896551724,0.10869951546192169,526,16,0.10900016129016876,29,4977,2.0785340314136125,0.11013370007276535,0.10573470592498779,48,0.10724624991416931,0.10590989887714386,0.11040191352367401,0.10629858821630478,0.10428131371736526,0.10705900192260742,0.10961559414863586,0.3333333333333333,-0.0028661333833952087,83,0.0034004946,0.5822456709109247,3720,17,0.0,0.9166666666666666,1.0,1e-05,20.27266552746296,0.1,0.2,0.10798641294240952,0.133270263671875,0.7803913950920105,12,1.4778382778167725
0.0,0.10917637497186661,0.1052357405424118,0.45180722891566266,0.10953424870967865,26,0.10691161453723907,0.10989587754011154,0.34285714285714286,21,0.10762801766395569,35,1.4217469879518083,0.11113182455301285,0.5481927710843374,2.0144781766806648,500.13897705078125,0.22857142857142856,0.11030779778957367,0.11140996217727661,0.5714285714285714,0.10833675414323807,0.10676458477973938,2752512,0.11121935397386551,0.10698956251144409,0.11069513112306595,0.1089448556303978,753.94,0.11065609753131866,0.23809523809523808,0.10969005525112152,553,14,0.10994593054056168,21,4973,1.9036144578313252,0.1109873354434967,0.10670412331819534,35,0.10815344005823135,0.10681245476007462,0.11140996217727661,0.10723988711833954,0.1052357405424118,0.10802670568227768,0.11063212901353836,0.34615384615384615,-0.0027876098623892177,75,0.0035008588,0.6408629007870331,3730,22,0.0,1.0,0.9090909090909091,1e-05,20.05709166228771,0.1,0.2,0.10892119258642197,0.13784637451171874,0.7772055864334106,13,1.6536147594451904
0.0,0.11011684685945511,0.10605359822511673,0.44385026737967914,0.11051375418901443,35,0.1078299805521965,0.11091694235801697,0.2,22,0.10852627456188202,40,1.4280213903743326,0.11216727644205093,0.5561497326203209,1.9774510639493963,505.0675354003906,0.14705882352941177,0.111304372549057,0.11238094419240952,0.6363636363636364,0.1091628447175026,0.10765904933214188,2883584,0.11208309978246689,0.10795952379703522,0.11175764352083206,0.10990381985902786,761.13,0.11165034025907516,0.4,0.11066702753305435,580,11,0.11094100028276443,30,4968,1.8288770053475936,0.11197887361049652,0.10761749744415283,34,0.10900406539440155,0.10778532922267914,0.11238094419240952,0.10821513831615448,0.10605359822511673,0.10902246832847595,0.11154859513044357,0.42857142857142855,-0.002868794039113709,83,0.0035773928,0.5542653721291572,3740,26,0.0,1.0,0.9615384615384616,1e-05,19.84108308404684,0.1,0.2,0.10987064242362976,0.13517074584960936,0.7975931167602539,11,1.5206785202026367
0.0,0.11100509017705917,0.10701969265937805,0.44,0.11148087680339813,20,0.10876603424549103,0.11185533553361893,0.14285714285714285,23,0.10948210954666138,42,1.439417142857144,0.11317533254623413,0.56,2.10544183656733,485.88812255859375,0.20588235294117646,0.11224502325057983,0.11341803520917892,0.6923076923076923,0.11006109416484833,0.108561672270298,3014656,0.11308597773313522,0.10879319161176682,0.11277109384536743,0.11083947867155075,734.88,0.11265451461076736,0.4,0.11156508326530457,607,13,0.11186043173074722,35,4964,2.3085714285714287,0.11294346302747726,0.10855743288993835,34,0.11004698276519775,0.10868370532989502,0.11341803520917892,0.10924813896417618,0.10701969265937805,0.10988932847976685,0.11239165812730789,0.5,-0.002789062426018063,77,0.0033671493,0.5690032119164243,3750,15,0.0,1.0,1.0,1e-05,19.625758008658885,0.1,0.2,0.11081601679325104,0.13312911987304688,0.7964476943016052,16,1.5982654094696045
0.0,0.11195338517427444,0.10800082236528397,0.5059523809523809,0.1123955249786377,33,0.10975249111652374,0.11296995729207993,0.34615384615384615,24,0.11041143536567688,26,1.4255357142857155,0.11424942314624786,0.49404761904761907,1.9960216840898126,516.8614501953125,0.15151515151515152,0.11327356845140457,0.11433252692222595,0.8823529411764706,0.11104204505681992,0.10959558188915253,3145728,0.1139814481139183,0.10973137617111206,0.1138501837849617,0.11187411099672318,774.52,0.11368703842163086,0.4482758620689655,0.11253686249256134,634,17,0.1128661260008812,29,4961,1.9404761904761905,0.11388479918241501,0.10954701900482178,33,0.11105585843324661,0.10964487493038177,0.11433252692222595,0.11015518009662628,0.10800082236528397,0.11086712777614594,0.11333904415369034,0.45454545454545453,-0.0029776034191854707,85,0.0035318716,0.5462115640519187,3760,18,0.0,0.9166666666666666,0.9444444444444444,1e-05,19.407835924625395,0.1,0.2,0.11179991811513901,0.137420654296875,0.7946592569351196,12,1.4188024997711182
0.0,0.11289963871240616,0.10893342643976212,0.46111111111111114,0.11341957747936249,18,0.11076667159795761,0.11386452615261078,0.275,25,0.11149881035089493,40,1.4335444444444454,0.11525864154100418,0.5388888888888889,2.0498347287519505,504.41534423828125,0.17142857142857143,0.11426480859518051,0.1154153048992157,0.625,0.11201810836791992,0.1105094626545906,3276800,0.11502973735332489,0.1106908768415451,0.11472540348768234,0.11277203261852264,762.42,0.11477462202310562,0.2727272727272727,0.11346723884344101,660,16,0.11369413882493973,33,4958,2.138888888888889,0.11476118117570877,0.11055094748735428,35,0.11197959631681442,0.11060427874326706,0.1154153048992157,0.11119617521762848,0.10893342643976212,0.11172719299793243,0.11434035003185272,0.5555555555555556,-0.002828255734857521,83,0.0034626448,0.5272915271110833,3770,23,0.0,0.9333333333333333,1.0,1e-05,19.190231612324716,0.1,0.2,0.11276651173830032,0.13533401489257812,0.7881921529769897,15,1.3107779026031494
0.0,0.11384516209363937,0.10987625271081924,0.4431818181818182,0.11438672989606857,27,0.11175359040498734,0.11488418281078339,0.13043478260869565,26,0.11241436004638672,46,1.42559090909091,0.11620526015758514,0.5568181818181818,1.9932150590342763,470.0068664550781,0.2702702702702703,0.11523069441318512,0.11633820831775665,0.7894736842105263,0.11303790658712387,0.11146388947963715,3407872,0.11603571474552155,0.11166676133871078,0.11572473496198654,0.11385475099086761,706.69,0.11577391624450684,0.4583333333333333,0.11437360942363739,687,19,0.1146957203745842,24,4955,1.9829545454545454,0.11576146632432938,0.11158532649278641,37,0.11294785141944885,0.11163090169429779,0.11633820831775665,0.11222326755523682,0.10987625271081924,0.11276811361312866,0.11528387665748596,0.5185185185185185,-0.0028450632170461177,78,0.0035036155,0.5213897961424664,3780,14,0.0,0.8888888888888888,1.0,1e-05,18.974042913317682,0.1,0.2,0.11375049501657486,0.13622360229492186,0.8000222444534302,9,1.3494046926498413
0.0,0.11491730809211731,0.11089634150266647,0.4861878453038674,0.11532194912433624,26,0.11267165094614029,0.11584838479757309,0.35,27,0.11341649293899536,40,1.4180000000000008,0.11718618869781494,0.5138121546961326,1.9943166901674843,494.0282897949219,0.1875,0.1161922961473465,0.11721449345350266,0.7222222222222222,0.11396139860153198,0.11249329149723053,3538944,0.1169985830783844,0.11256852746009827,0.11680961400270462,0.114873006939888,745.55,0.11668641865253448,0.3939393939393939,0.11542603373527527,714,18,0.11570997536182404,33,4952,2.2209944751381214,0.11671487987041473,0.11256004869937897,32,0.11384706199169159,0.11265229433774948,0.11721449345350266,0.11321371048688889,0.11089634150266647,0.11381594091653824,0.11632470041513443,0.38461538461538464,-0.002690988057747745,88,0.0034101629,0.5632925293641164,3790,14,0.0,1.0,1.0,1e-05,18.757560446858406,0.1,0.2,0.11473281681537628,0.13371810913085938,0.7753999829292297,18,1.5057644844055176
0.0,0.1158386617898941,0.11181635409593582,0.42528735632183906,0.116330087184906,23,0.11368250846862793,0.11679724603891373,0.15151515151515152,28,0.11449616402387619,33,1.4384827586206905,0.11818980425596237,0.5747126436781609,2.080923504958506,471.1430358886719,0.08333333333333333,0.11729270964860916,0.11827538162469864,0.6923076923076923,0.11488872766494751,0.11339467018842697,3670016,0.11802379786968231,0.11362097412347794,0.11771299690008163,0.11586202681064606,717.15,0.11780258268117905,0.3333333333333333,0.11643138527870178,741,13,0.116627536714077,36,4947,2.0919540229885056,0.11781208217144012,0.11353875696659088,36,0.11489414423704147,0.1136501282453537,0.11827538162469864,0.11421030759811401,0.11181635409593582,0.11475484073162079,0.11734021455049515,0.5217391304347826,-0.002980947233027109,74,0.0035708877,0.5750337088014931,3800,22,0.0,1.0,1.0,1e-05,18.54172793775797,0.1,0.2,0.11573135852813721,0.14052734375,0.7841507792472839,11,1.4862558841705322
0.0,0.11675640195608139,0.11290676146745682,0.4574468085106383,0.11734460294246674,24,0.11466346681118011,0.11787190288305283,0.2,29,0.11547530442476273,45,1.416212765957448,0.11921925842761993,0.5425531914893617,2.0733671555874365,443.6407165527344,0.3157894736842105,0.11823339760303497,0.11928882449865341,0.8421052631578947,0.11595941334962845,0.11440661549568176,3801088,0.1190342977643013,0.11462235450744629,0.11873903125524521,0.1168525442481041,677.44,0.1187560185790062,0.4411764705882353,0.11757684499025345,768,19,0.11768931150436401,34,4944,2.143617021276596,0.11883971840143204,0.11450990289449692,38,0.11589919030666351,0.11458437144756317,0.11928882449865341,0.11516310274600983,0.11290676146745682,0.11567030847072601,0.1183166652917862,0.375,-0.0028507945754427054,86,0.003478292,0.5828148975037039,3810,16,0.0,0.9166666666666666,0.875,1e-05,18.325308153033255,0.1,0.2,0.11673519015312195,0.136785888671875,0.7904918789863586,12,1.4095745086669922
0.0,0.1176205649971962,0.11383528262376785,0.4602272727272727,0.11836124956607819,23,0.11569905281066895,0.1188339963555336,0.2571428571428571,30,0.11651625484228134,35,1.4296363636363647,0.12031862139701843,0.5397727272727273,2.0673782852721785,496.7177429199219,0.2727272727272727,0.11935494095087051,0.12031862139701843,0.6818181818181818,0.1169806495308876,0.11536135524511337,3932160,0.12011443823575974,0.1156025156378746,0.11975488811731339,0.11780957877635956,759.2,0.11984505504369736,0.41379310344827586,0.118538998067379,795,22,0.11885108053684235,29,4942,2.1420454545454546,0.11984045803546906,0.11552407592535019,44,0.11687683314085007,0.11552134156227112,0.12027164548635483,0.11618068814277649,0.11383528262376785,0.11669723689556122,0.11924583464860916,0.43478260869565216,-0.0030535662963302457,81,0.0034720434,0.6029392604948953,3820,13,0.0,1.0,1.0,1e-05,18.109980118274688,0.1,0.2,0.11774227023124695,0.13695220947265624,0.7966064214706421,10,1.5611062049865723
0.0,0.11858125030994415,0.11469583958387375,0.5182926829268293,0.11939205974340439,31,0.11659377813339233,0.11995728313922882,0.3333333333333333,31,0.1175014078617096,30,1.4525487804878061,0.12128885835409164,0.4817073170731707,2.029414682246289,530.2653198242188,0.20689655172413793,0.1203789934515953,0.12128885835409164,0.8333333333333334,0.11795668303966522,0.11634556204080582,4063232,0.12119779735803604,0.11659706383943558,0.12073241174221039,0.11879240721464157,808.28,0.12089598923921585,0.36363636363636365,0.11949734389781952,822,18,0.11988217383623123,22,4941,1.920731707317073,0.1209467276930809,0.11660993844270706,29,0.11785376816987991,0.11645890772342682,0.12127082049846649,0.11722659319639206,0.11469583958387375,0.11769618839025497,0.12029395252466202,0.45161290322580644,-0.00310439699815106,85,0.0033974922,0.5460327102569863,3830,18,0.0,0.9375,0.9444444444444444,1e-05,17.897030791640283,0.1,0.2,0.11874574422836304,0.133685302734375,0.8078473210334778,16,1.5188848972320557
0.0,0.11956841498613358,0.11577504873275757,0.4602272727272727,0.12041798233985901,30,0.11774168163537979,0.12087639421224594,0.21875,32,0.11849389225244522,32,1.4251704545454553,0.12229328602552414,0.5397727272727273,2.0430413484902257,498.6134033203125,0.22727272727272727,0.12143631279468536,0.1223326176404953,0.75,0.11903074383735657,0.1173342764377594,4194304,0.12228444963693619,0.11756709218025208,0.12186054140329361,0.11974931508302689,760.98,0.12189210206270218,0.44,0.12061264365911484,849,20,0.12089598923921585,25,4939,2.028409090909091,0.12205958366394043,0.11768053472042084,44,0.11892922967672348,0.11747191846370697,0.1223326176404953,0.11813480406999588,0.11577504873275757,0.1186319887638092,0.12128107994794846,0.43333333333333335,-0.0030770319199291407,81,0.003430707,0.48102601191494615,3840,14,0.0,1.0,1.0,1e-05,17.68327910900116,0.1,0.2,0.11977407336235046,0.13175277709960936,0.7938086986541748,11,1.4411386251449585
0.0,0.1205071285367012,0.11687209457159042,0.5029585798816568,0.12151062488555908,13,0.11870443820953369,0.12205730378627777,0.2,33,0.11959803849458694,45,1.4151952662721905,0.12334219366312027,0.4970414201183432,1.934674456892625,492.9903259277344,0.3103448275862069,0.12258461117744446,0.12334219366312027,0.6842105263157895,0.11994344741106033,0.11831207573413849,4325376,0.1233217790722847,0.11856544762849808,0.1229894831776619,0.12078740447759628,746.84,0.12293478101491928,0.37037037037037035,0.12158887833356857,875,19,0.1219196543097496,27,4937,2.0828402366863905,0.1230916902422905,0.11871930211782455,29,0.1199413314461708,0.11856192350387573,0.12328803539276123,0.1192571222782135,0.11687209457159042,0.11969006061553955,0.12234403192996979,0.6153846153846154,-0.0027762159126723416,85,0.003479308,0.5822627210989595,3850,22,0.0,1.0,1.0,1e-05,17.466711539030076,0.1,0.2,0.12081731855869293,0.13596267700195314,0.7789233922958374,14,1.5168285369873047
0.0,0.12156438082456589,0.11794912070035934,0.5185185185185185,0.12250181287527084,32,0.11971729248762131,0.12318646162748337,0.19047619047619047,34,0.12063771486282349,42,1.4264973544973554,0.12438028305768967,0.48148148148148145,2.0351850009200034,492.95953369140625,0.38461538461538464,0.12364029139280319,0.1244821548461914,0.9166666666666666,0.12101160734891891,0.1195027232170105,4456448,0.12433832883834839,0.11950992792844772,0.12400036305189133,0.12182888388633728,747.15,0.12403305619955063,0.4864864864864865,0.1225779801607132,903,12,0.12312276661396027,37,4935,2.0211640211640214,0.12421263754367828,0.11971135437488556,39,0.1209510862827301,0.1196349486708641,0.1244821548461914,0.12020639330148697,0.11794912070035934,0.12077530473470688,0.1234365925192833,0.625,-0.0029389237541181503,98,0.0034459173,0.45994247393682597,3860,19,0.0,0.875,1.0,1e-05,17.249071277678013,0.1,0.2,0.1218765452504158,0.13318252563476562,0.7920337915420532,8,1.2432730197906494
0.0,0.12251101434230804,0.11900569498538971,0.41714285714285715,0.12355834245681763,27,0.1208290159702301,0.12432708591222763,0.12244897959183673,35,0.12163816392421722,49,1.4457714285714296,0.12532073259353638,0.5828571428571429,2.1160712207873367,460.4173583984375,0.2647058823529412,0.12454069405794144,0.12563355267047882,0.75,0.12200368940830231,0.12046118825674057,4587520,0.12537087500095367,0.1205591931939125,0.1249937117099762,0.12287702411413193,701.99,0.125099316239357,0.41379310344827586,0.12367508560419083,929,12,0.12419918924570084,29,4933,2.08,0.12531737983226776,0.1207624152302742,34,0.12194976955652237,0.12056732922792435,0.12563355267047882,0.12119251489639282,0.11900569498538971,0.12183468788862228,0.12448358535766602,0.5555555555555556,-0.002892312459061941,73,0.003444055,0.5460177831351757,3870,14,0.0,0.9,0.9285714285714286,1e-05,17.03463894724846,0.1,0.2,0.12290845811367035,0.134283447265625,0.8042966723442078,10,1.2584645748138428
0.0,0.123588927090168,0.12009493261575699,0.46994535519125685,0.12452775239944458,26,0.12187803536653519,0.12545157968997955,0.2608695652173913,36,0.12257365137338638,46,1.425792349726777,0.1263963133096695,0.5300546448087432,2.0535258325059065,467.2635498046875,0.24242424242424243,0.1256236433982849,0.12678544223308563,0.7272727272727273,0.1230384036898613,0.12162183970212936,4718592,0.12634311616420746,0.1216154620051384,0.12600411474704742,0.12394124269485474,717.55,0.12619854509830475,0.3888888888888889,0.12466446310281754,956,11,0.12526465952396393,36,4931,2.0491803278688523,0.1264672428369522,0.12175590544939041,33,0.12300851941108704,0.12169119715690613,0.12678544223308563,0.12228380143642426,0.12009493261575699,0.12285437434911728,0.12556013464927673,0.5,-0.0029353926298426813,86,0.0034265043,0.5835147487232462,3880,21,0.0,1.0,1.0,1e-05,16.821476516127586,0.1,0.2,0.12396932393312454,0.1328399658203125,0.8033213019371033,10,1.4968700408935547
0.0,0.12459929287433624,0.12119277566671371,0.46511627906976744,0.1255238950252533,26,0.12291121482849121,0.12663140892982483,0.3055555555555556,37,0.12363249063491821,36,1.4333837209302338,0.12761425971984863,0.5348837209302325,2.1445092025623538,498.1526184082031,0.23333333333333334,0.1267431080341339,0.12786023318767548,0.8333333333333334,0.12399199604988098,0.12265925854444504,4849664,0.1275140941143036,0.12265896052122116,0.12712211906909943,0.12495575100183487,765.7,0.1273164302110672,0.4418604651162791,0.12568587064743042,983,18,0.12638436257839203,43,4929,2.145348837209302,0.1274162083864212,0.12284767627716064,30,0.1240345761179924,0.12275837361812592,0.12786023318767548,0.12333757430315018,0.12119277566671371,0.12389489263296127,0.1267484873533249,0.34615384615384615,-0.00298170034566283,80,0.0034176547,0.5255132221616805,3890,13,0.0,1.0,1.0,1e-05,16.60672916918993,0.1,0.2,0.1250414103269577,0.13311614990234374,0.8144725561141968,6,1.3233211040496826
0.0,0.1256864070892334,0.12225255370140076,0.5060975609756098,0.12657545506954193,24,0.12402590364217758,0.12766985595226288,0.29411764705882354,38,0.12462271004915237,34,1.4331463414634156,0.12871873378753662,0.49390243902439024,1.9066188383377556,504.7842102050781,0.3,0.12778569757938385,0.12887826561927795,0.46153846153846156,0.12502077221870422,0.12365417927503586,4980736,0.1285453736782074,0.12369336932897568,0.12812107801437378,0.12604312598705292,769.4,0.12832783162593842,0.4827586206896552,0.1267910599708557,1010,13,0.12743954360485077,29,4928,1.8719512195121952,0.12837204337120056,0.12381283193826675,30,0.12510783970355988,0.1237381175160408,0.12887826561927795,0.12433947622776031,0.12225255370140076,0.12492626160383224,0.12787047028541565,0.4166666666666667,-0.0029441312128255957,83,0.0033841103,0.558846383402124,3900,25,0.0,1.0,1.0,1e-05,16.39618436098099,0.1,0.2,0.12608075141906738,0.13397369384765626,0.7796598076820374,9,1.612093210220337
0.0,0.12661555409431458,0.12332557141780853,0.45685279187817257,0.1277780532836914,22,0.12512941658496857,0.1288159042596817,0.2619047619047619,39,0.1257367879152298,42,1.4416649746192904,0.12988850474357605,0.5431472081218274,1.9977728457131076,475.82489013671875,0.17777777777777778,0.12890800833702087,0.13011635839939117,0.8181818181818182,0.12605129182338715,0.12469808012247086,5111808,0.12961967289447784,0.12482120096683502,0.12917964160442352,0.1271141767501831,725.5,0.1294293850660324,0.36363636363636365,0.12790349125862122,1037,11,0.12848934531211853,33,4926,2.1928934010152283,0.12959115207195282,0.12499317526817322,45,0.12616753578186035,0.12487602978944778,0.13011635839939117,0.12545467913150787,0.12332557141780853,0.12598134577274323,0.1289706975221634,0.5,-0.002819209239714837,90,0.0033632051,0.4708263745997101,3910,25,0.0,0.7894736842105263,0.96,1e-05,16.182940682768823,0.1,0.2,0.12718619406223297,0.12823944091796874,0.802680492401123,19,1.2987855672836304
0.0,0.12770144641399384,0.12439827620983124,0.42771084337349397,0.12893454730510712,23,0.12615247070789337,0.12995801866054535,0.2553191489361702,40,0.1268097311258316,47,1.4469397590361457,0.13120223581790924,0.572289156626506,2.169920943462341,464.5264892578125,0.3333333333333333,0.1301000714302063,0.1312216818332672,0.8,0.12726923823356628,0.12581698596477509,5242880,0.13077940046787262,0.12584884464740753,0.13033254444599152,0.12831473350524902,709.3,0.13053493201732635,0.2,0.1290530264377594,1064,15,0.1296183168888092,25,4925,2.2590361445783134,0.130809023976326,0.12598153948783875,36,0.12712335586547852,0.12595447897911072,0.1312216818332672,0.1264466792345047,0.12439827620983124,0.12708045542240143,0.13012874126434326,0.43478260869565216,-0.003036508811692329,71,0.0035020304,0.5424757071072236,3920,7,0.0,1.0,1.0,1e-05,15.964475017040968,0.1,0.2,0.12830281257629395,0.13331375122070313,0.8101857900619507,13,1.3036620616912842
0.0,0.12882012128829956,0.1255149394273758,0.4943820224719101,0.13003014028072357,26,0.12729157507419586,0.13112373650074005,0.2894736842105263,41,0.1278686225414276,38,1.4319101123595517,0.13236050307750702,0.5056179775280899,2.000049865502239,511.7603759765625,0.2857142857142857,0.13119108974933624,0.13236050307750702,0.7619047619047619,0.12834671139717102,0.12696680426597595,5373952,0.13204196095466614,0.12696601450443268,0.13139283657073975,0.12941929697990417,779.91,0.13166223466396332,0.4444444444444444,0.1302555948495865,1091,21,0.13078507781028748,36,4923,2.0,0.13189399242401123,0.12708839774131775,28,0.12810266017913818,0.12701790034770966,0.13234102725982666,0.12751510739326477,0.1255149394273758,0.12824423611164093,0.13133740425109863,0.34615384615384615,-0.0025645360437920317,88,0.0032481826,0.55970140658319,3930,19,0.0,0.9,1.0,1e-05,15.746716760843992,0.1,0.2,0.129423126578331,0.12043914794921876,0.7847192883491516,10,1.346595287322998
0.0,0.12999403476715088,0.12660978734493256,0.43820224719101125,0.13122673332691193,19,0.12843480706214905,0.1322382092475891,0.1951219512195122,42,0.1288684904575348,41,1.4488764044943832,0.1335696578025818,0.5617977528089888,2.05002548333465,469.490478515625,0.21212121212121213,0.13229937851428986,0.1335696578025818,0.6666666666666666,0.12950900197029114,0.12796853482723236,5505024,0.1332251876592636,0.1280546337366104,0.13252831995487213,0.1306057870388031,716.5,0.13265898823738098,0.30303030303030304,0.1314607411623001,1118,18,0.1318873167037964,33,4922,2.1741573033707864,0.13312341272830963,0.1283339560031891,33,0.12929749488830566,0.12813207507133484,0.13351726531982422,0.1286388486623764,0.12660978734493256,0.12939301133155823,0.13251706957817078,0.47368421052631576,-0.0030184683186234907,78,0.0034866915,0.5226548808626831,3940,19,0.0,1.0,0.8947368421052632,1e-05,15.52829073369503,0.1,0.2,0.13056370615959167,0.135784912109375,0.811714768409729,15,1.1176486015319824
0.0,0.13113521039485931,0.1276591569185257,0.519774011299435,0.13227064907550812,20,0.12952253222465515,0.13343662023544312,0.3157894736842105,43,0.12994277477264404,38,1.4318870056497186,0.13470584154129028,0.480225988700565,2.0442994559433423,483.42706298828125,0.22857142857142856,0.13345719873905182,0.13470584154129028,0.8333333333333334,0.13053852319717407,0.12910395860671997,5636096,0.13433519005775452,0.1290900558233261,0.133744478225708,0.13168685138225555,739.73,0.13378788530826569,0.5172413793103449,0.1325790286064148,1145,24,0.13315600156784058,29,4920,2.146892655367232,0.13429425656795502,0.12946546077728271,35,0.1303481161594391,0.1291356086730957,0.13448035717010498,0.12978598475456238,0.1276591569185257,0.13058386743068695,0.13375236093997955,0.45,-0.00290981916259625,92,0.0033837755,0.5668655385496095,3950,16,0.0,0.9333333333333333,0.875,1e-05,15.313018801808358,0.1,0.2,0.13167990744113922,0.13035049438476562,0.7973791360855103,15,1.3381233215332031
0.0,0.13227777183055878,0.12862244248390198,0.47368421052631576,0.13340261578559875,25,0.13070182502269745,0.13461700081825256,0.2413793103448276,44,0.13101378083229065,29,1.4284473684210537,0.13582240045070648,0.5263157894736842,2.0099881868105647,525.1674194335938,0.14705882352941177,0.13465119898319244,0.13582240045070648,0.8235294117647058,0.13169589638710022,0.13027730584144592,5767168,0.13551297783851624,0.13017627596855164,0.13497592508792877,0.13278299570083618,803.33,0.13481125235557556,0.55,0.13364900648593903,1172,17,0.1342453807592392,20,4920,1.986842105263158,0.13532164692878723,0.13052412867546082,34,0.1314537227153778,0.1302080601453781,0.13555371761322021,0.13091310858726501,0.12862244248390198,0.13190965354442596,0.13486343622207642,0.44,-0.002949843779242656,72,0.0034340746,0.5439574903110043,3960,15,0.0,0.8333333333333334,0.9333333333333333,1e-05,15.10068222284317,0.1,0.2,0.13279934227466583,0.1324371337890625,0.7899258136749268,12,1.3512914180755615
0.0,0.133346289396286,0.12975499033927917,0.4292929292929293,0.13456155359745026,38,0.1318996101617813,0.13578617572784424,0.15151515151515152,45,0.13200601935386658,33,1.4353535353535365,0.1369834542274475,0.5707070707070707,2.038097301069615,450.0722351074219,0.1794871794871795,0.13577790558338165,0.1369834542274475,0.7692307692307693,0.13279011845588684,0.1314767599105835,5898240,0.13666704297065735,0.13117441534996033,0.13615527749061584,0.13393504917621613,698.86,0.13607527315616608,0.3333333333333333,0.1347992718219757,1199,13,0.1355249434709549,36,4917,2.1262626262626263,0.13643087446689606,0.1315261423587799,39,0.1325717568397522,0.1313580423593521,0.13675259053707123,0.13198797404766083,0.12975499033927917,0.13301096856594086,0.1358967274427414,0.34210526315789475,-0.002841422050005349,85,0.0034005311,0.5265816757921129,3970,19,0.0,1.0,0.9473684210526315,1e-05,14.888889367878438,0.1,0.2,0.13392996788024902,0.1323699951171875,0.770287275314331,20,1.1966655254364014
0.0,0.1345529556274414,0.13085025548934937,0.40606060606060607,0.13562168180942535,25,0.13314828276634216,0.13684692978858948,0.32432432432432434,46,0.1331520676612854,37,1.4387636363636374,0.13820302486419678,0.593939393939394,2.08457782856781,442.6130065917969,0.13157894736842105,0.13703854382038116,0.13820302486419678,0.8181818181818182,0.13387639820575714,0.1325906217098236,6029312,0.13785409927368164,0.13235121965408325,0.1372978687286377,0.13517862558364868,681.94,0.13721831142902374,0.30303030303030304,0.1359196901321411,1226,11,0.13653512299060822,33,4916,2.206060606060606,0.13767458498477936,0.13263963162899017,38,0.1337997317314148,0.1324995458126068,0.13795487582683563,0.13312768936157227,0.13085025548934937,0.1341826319694519,0.13711127638816833,0.4,-0.0030027759925360443,67,0.0034095398,0.5835379253141582,3980,12,0.0,1.0,1.0,1e-05,14.674815737456083,0.1,0.2,0.13508902490139008,0.12945632934570311,0.7925707697868347,9,1.3055286407470703
0.0,0.13573452830314636,0.13197702169418335,0.5080213903743316,0.13680975139141083,20,0.13418692350387573,0.1379537433385849,0.2558139534883721,47,0.13419082760810852,43,1.4345347593582902,0.13943177461624146,0.4919786096256685,1.9705388914813529,502.6167907714844,0.35135135135135137,0.1382194459438324,0.13943177461624146,0.5454545454545454,0.13502655923366547,0.1338067650794983,6160384,0.13903869688510895,0.13348589837551117,0.13846737146377563,0.13627664744853973,773.1,0.13842463493347168,0.3448275862068966,0.1371164172887802,1253,11,0.1377403736114502,29,4914,2.090909090909091,0.13886021077632904,0.13382643461227417,37,0.13498979806900024,0.13356444239616394,0.13909786939620972,0.13426528871059418,0.13197702169418335,0.13540920615196228,0.1381985992193222,0.45,-0.0029596968855912565,95,0.0033410867,0.559659742936492,3990,28,0.0,0.9473684210526315,1.0,1e-05,14.460817205160856,0.1,0.2,0.13624396920204163,0.12867202758789062,0.8009331822395325,19,1.1782983541488647
0.0,0.13679738342761993,0.13314197957515717,0.4161849710982659,0.13803145289421082,19,0.13536898791790009,0.13912013173103333,0.20754716981132076,48,0.13538214564323425,53,1.4430404624277469,0.14060519635677338,0.5838150289017341,2.0977204086492387,481.8076171875,0.2857142857142857,0.13938039541244507,0.14060519635677338,0.6,0.1363895982503891,0.13491910696029663,6291456,0.14023281633853912,0.13462284207344055,0.13959567248821259,0.13762308657169342,735.97,0.13966381549835205,0.42857142857142855,0.1384454220533371,1280,15,0.13909074664115906,28,4913,2.2369942196531793,0.13998942077159882,0.13493265211582184,35,0.13609033823013306,0.1348281055688858,0.14044654369354248,0.1355246901512146,0.13314197957515717,0.13659802079200745,0.13940957188606262,0.42105263157894735,-0.002979990722360526,72,0.0034721824,0.5653056111419573,4000,11,0.0,0.9166666666666666,1.0,1e-05,14.243682301789523,0.1,0.2,0.1374492049217224,0.1358734130859375,0.7818341851234436,12,1.3186744451522827
0.0,0.1379353106021881,0.13435007631778717,0.48044692737430167,0.13928228616714478,23,0.13648205995559692,0.14028915762901306,0.2608695652173913,49,0.136604905128479,46,1.468569832402236,0.14182943105697632,0.5195530726256983,2.004419897286829,495.0910949707031,0.225,0.1405845731496811,0.14182943105697632,1.0,0.13758781552314758,0.13603021204471588,6422528,0.1414150595664978,0.13573065400123596,0.1407979130744934,0.13880851864814758,754.0,0.14093278348445892,0.3870967741935484,0.1396917998790741,1307,10,0.14035603404045105,31,4912,1.9385474860335195,0.14109142124652863,0.13611353933811188,40,0.13734988868236542,0.1359797716140747,0.14166030287742615,0.13666972517967224,0.13435007631778717,0.1379161775112152,0.14054390788078308,0.6086956521739131,-0.002761679891773383,86,0.0033463836,0.5667691793292761,4010,24,0.0,1.0,1.0,1e-05,14.026420152932406,0.1,0.2,0.1386413425207138,0.12710342407226563,0.780540943145752,5,1.1953470706939697
0.0,0.13909727334976196,0.13547340035438538,0.5337423312883436,0.1404908299446106,18,0.1376587152481079,0.1414945423603058,0.25806451612903225,50,0.13775841891765594,31,1.4270674846625777,0.14314183592796326,0.4662576687116564,1.9722459322729808,486.28515625,0.41379310344827586,0.14176414906978607,0.14314183592796326,0.6875,0.1389506459236145,0.13726305961608887,6553600,0.14272913336753845,0.13697469234466553,0.14189286530017853,0.13999930024147034,749.55,0.1421498954296112,0.4166666666666667,0.1408715844154358,1334,16,0.1414603739976883,36,4911,2.245398773006135,0.14229027926921844,0.1373385787010193,29,0.13865426182746887,0.13715822994709015,0.14282962679862976,0.13792304694652557,0.13547340035438538,0.13912972807884216,0.14180630445480347,0.6111111111111112,-0.003095980137732113,87,0.0034375743,0.5615124581614509,4020,18,0.0,0.8666666666666667,0.9444444444444444,1e-05,13.809427411109208,0.1,0.2,0.13985201716423035,0.13064651489257811,0.7768300771713257,15,1.2061461210250854
0.0,0.14043954014778137,0.13669446110725403,0.49171270718232046,0.14172406494617462,30,0.13894937932491302,0.1427239179611206,0.21428571428571427,51,0.13894163072109222,42,1.4255801104972388,0.14439472556114197,0.5082872928176796,1.981672549327819,498.73980712890625,0.3684210526315789,0.14299963414669037,0.14439472556114197,0.9090909090909091,0.14015404880046844,0.1384338140487671,6684672,0.14399804174900055,0.1382398009300232,0.14320255815982819,0.14121609926223755,771.54,0.14331495761871338,0.36,0.142072394490242,1361,22,0.14266835153102875,25,4910,2.0,0.1435365080833435,0.13856755197048187,38,0.13990433514118195,0.13836699724197388,0.14400818943977356,0.1392291784286499,0.13669446110725403,0.14029955863952637,0.14316509664058685,0.5,-0.003046312924743688,89,0.0033952133,0.46439461978152397,4030,13,0.0,0.9090909090909091,0.9230769230769231,1e-05,13.590461245179176,0.1,0.2,0.1410897821187973,0.12778167724609374,0.7921031713485718,11,1.1727961301803589
0.0,0.14176973700523376,0.13786597549915314,0.45348837209302323,0.14287683367729187,21,0.14006251096725464,0.14384886622428894,0.2564102564102564,52,0.14014115929603577,39,1.421093023255815,0.14566320180892944,0.5465116279069767,2.0770202859236098,462.4605407714844,0.28205128205128205,0.14424863457679749,0.14566320180892944,0.3076923076923077,0.141286700963974,0.13973312079906464,6815744,0.1451530009508133,0.13946710526943207,0.144435852766037,0.14231717586517334,717.66,0.1444491297006607,0.5625,0.14333271980285645,1388,13,0.1437503546476364,32,4909,2.2790697674418605,0.14480967819690704,0.13976621627807617,39,0.14103838801383972,0.13943533599376678,0.14520922303199768,0.14049853384494781,0.13786597549915314,0.14162886142730713,0.14431831240653992,0.42857142857142855,-0.0030644197071524105,78,0.0033800774,0.5190847191726788,4040,14,0.0,1.0,0.8571428571428571,1e-05,13.375510006397963,0.1,0.2,0.14228425920009613,0.13348312377929689,0.7869209051132202,14,1.2054946422576904
0.0,0.1429440826177597,0.13896729052066803,0.5534591194968553,0.14421206712722778,28,0.14128102362155914,0.14504094421863556,0.3783783783783784,53,0.1412852257490158,37,1.4409685534591203,0.14692403376102448,0.44654088050314467,2.0310405808531384,498.69488525390625,0.25,0.14535894989967346,0.14692403376102448,0.9230769230769231,0.1425483524799347,0.14100520312786102,6946816,0.1462922990322113,0.14064337313175201,0.14567604660987854,0.14362257719039917,766.73,0.14571858942508698,0.34615384615384615,0.14465263485908508,1415,13,0.14503206312656403,26,4907,2.0377358490566038,0.14611725509166718,0.14092925190925598,20,0.14234767854213715,0.14065776765346527,0.1465478241443634,0.14154526591300964,0.13896729052066803,0.1429213583469391,0.14559493958950043,0.6071428571428571,-0.0035041161621848006,88,0.003459806,0.5542657613521442,4050,17,0.0,0.7777777777777778,1.0,1e-05,13.161932975053787,0.1,0.2,0.14351464807987213,0.135479736328125,0.788893461227417,18,1.2518997192382812
0.0,0.14410513639450073,0.1401701122522354,0.5439560439560439,0.14540167152881622,17,0.14252214133739471,0.14625798165798187,0.13513513513513514,54,0.14244206249713898,37,1.4349340659340666,0.14829882979393005,0.45604395604395603,1.8865379522576013,493.9885559082031,0.35714285714285715,0.14664120972156525,0.14829882979393005,0.8235294117647058,0.1438603699207306,0.1422698050737381,7077888,0.14745505154132843,0.14169493317604065,0.14678819477558136,0.14495666325092316,766.17,0.1469564139842987,0.4838709677419355,0.1458476483821869,1442,17,0.14621537923812866,31,4906,2.0934065934065935,0.14749470353126526,0.1421942561864853,42,0.14368635416030884,0.14177867770195007,0.1479448825120926,0.14291822910308838,0.1401701122522354,0.1440589874982834,0.14683757722377777,0.7058823529411765,-0.0029434020414555563,99,0.0034603397,0.49231874928809705,4060,25,0.0,1.0,1.0,1e-05,12.947238650172949,0.1,0.2,0.1447518914937973,0.13234100341796876,0.7684438824653625,13,1.0190716981887817
0.0,0.14547497034072876,0.1414865404367447,0.4909090909090909,0.14671003818511963,20,0.14375513792037964,0.14747242629528046,0.1794871794871795,55,0.14371657371520996,39,1.4477333333333344,0.1496298462152481,0.509090909090909,1.9934349779317169,507.55120849609375,0.2894736842105263,0.14796125888824463,0.1496298462152481,0.9333333333333333,0.14500857889652252,0.14349810779094696,7208960,0.14875930547714233,0.1430622637271881,0.14795540273189545,0.14618991315364838,784.65,0.1481046825647354,0.5,0.14721821248531342,1469,15,0.14749117195606232,26,4906,1.9757575757575758,0.14866115152835846,0.14350315928459167,38,0.14485596120357513,0.14304503798484802,0.14904537796974182,0.14420463144779205,0.1414865404367447,0.14530034363269806,0.14814966917037964,0.5,-0.0032271602091896055,81,0.0034872233,0.453731122915633,4070,20,0.0,0.8571428571428571,1.0,1e-05,12.731650943309068,0.1,0.2,0.1460103839635849,0.13382949829101562,0.8015600442886353,7,1.0541058778762817
0.0,0.14670336246490479,0.14271971583366394,0.48295454545454547,0.14805813133716583,23,0.1448712944984436,0.14881615340709686,0.358974358974359,56,0.14496874809265137,39,1.450068181818183,0.15092019736766815,0.5170454545454546,1.9521234322338492,467.11309814453125,0.2857142857142857,0.149151012301445,0.15092019736766815,0.6666666666666666,0.14613744616508484,0.14483991265296936,7340032,0.15013602375984192,0.14422671496868134,0.14936481416225433,0.14743761718273163,719.29,0.14936693012714386,0.3448275862068966,0.1484346091747284,1496,21,0.14875458180904388,29,4905,1.9602272727272727,0.14990001916885376,0.1447509080171585,35,0.14601069688796997,0.14419059455394745,0.15032698214054108,0.1454807072877884,0.14271971583366394,0.14656122028827667,0.14949215948581696,0.34782608695652173,-0.0028790137486794263,85,0.0033087144,0.4914153615711257,4080,20,0.0,1.0,1.0,1e-05,12.516343128681182,0.1,0.2,0.14726482331752777,0.12387008666992187,0.793140172958374,9,1.1073671579360962
0.0,0.14784979820251465,0.14401128888130188,0.5117647058823529,0.14930173754692078,19,0.14627031981945038,0.1501031517982483,0.3888888888888889,57,0.1461031436920166,36,1.4463647058823539,0.15218521654605865,0.48823529411764705,1.9671424726023685,485.82147216796875,0.3125,0.15047669410705566,0.15218521654605865,0.7142857142857143,0.14742431044578552,0.14612151682376862,7471104,0.1514384150505066,0.1455901861190796,0.15070700645446777,0.14880284667015076,754.73,0.15058991312980652,0.3,0.1497981697320938,1523,14,0.15009154379367828,30,4904,2.111764705882353,0.15123876929283142,0.14601758122444153,32,0.1474345475435257,0.14552894234657288,0.15166537463665009,0.1467316597700119,0.14401128888130188,0.14782187342643738,0.1508064568042755,0.3684210526315789,-0.0028946959096174396,87,0.0033674822,0.5044128146488219,4090,23,0.0,0.9375,0.9565217391304348,1e-05,12.299458057433366,0.1,0.2,0.148564413189888,0.12457809448242188,0.7846484184265137,16,1.172569990158081
0.0,0.14912909269332886,0.1452140063047409,0.5112359550561798,0.15055719017982483,24,0.14750079810619354,0.1513889580965042,0.17391304347826086,58,0.14744819700717926,46,1.4367640449438213,0.15351815521717072,0.4887640449438202,1.9543820104152267,511.257080078125,0.4666666666666667,0.15177932381629944,0.15351815521717072,0.8823529411764706,0.14872652292251587,0.14745555818080902,7602176,0.15262743830680847,0.1467587798833847,0.15217986702919006,0.15011002123355865,792.55,0.1520264595746994,0.3076923076923077,0.15107758343219757,1550,17,0.15128940343856812,26,4903,1.8089887640449438,0.1525934785604477,0.1472836136817932,30,0.14865370094776154,0.1467570662498474,0.15295542776584625,0.1479082554578781,0.1452140063047409,0.1489947885274887,0.15214982628822327,0.5416666666666666,-0.003174139273869514,91,0.003296975,0.46546437062788754,4100,26,0.0,1.0,0.9230769230769231,1e-05,12.083078952133656,0.1,0.2,0.14984333515167236,0.1226104736328125,0.8027011156082153,9,0.9794496297836304
0.0,0.1504496932029724,0.1465480774641037,0.49693251533742333,0.15181683003902435,32,0.14882221817970276,0.1527433693408966,0.23076923076923078,59,0.14864365756511688,26,1.4367484662576697,0.15488913655281067,0.5030674846625767,2.0895969945868202,474.27960205078125,0.2894736842105263,0.15318769216537476,0.15488913655281067,0.5555555555555556,0.150067999958992,0.14888019859790802,7733248,0.15385791659355164,0.14816898107528687,0.15354275703430176,0.15148018300533295,741.25,0.1532733291387558,0.5416666666666666,0.1523563265800476,1577,18,0.1525723785161972,24,4902,1.9325153374233128,0.15401272475719452,0.14858534932136536,38,0.14993740618228912,0.14804910123348236,0.15431873500347137,0.14914534986019135,0.1465480774641037,0.1502993255853653,0.15358108282089233,0.53125,-0.0030522712794663676,81,0.003509852,0.49967375171836464,4110,15,0.0,1.0,0.9333333333333333,1e-05,11.864793091267348,0.1,0.2,0.15116918087005615,0.131451416015625,0.8052754402160645,10,1.1808065176010132
0.0,0.15177425742149353,0.14796006679534912,0.5229885057471264,0.15323364734649658,22,0.15008316934108734,0.15402986109256744,0.2631578947368421,60,0.15004806220531464,38,1.4611034482758631,0.1562870591878891,0.47701149425287354,1.8915672120991274,501.8755798339844,0.24,0.15453115105628967,0.1562870591878891,0.75,0.1512645035982132,0.15018302202224731,7864320,0.15528535842895508,0.14925174415111542,0.15471963584423065,0.15280969440937042,771.82,0.15473739802837372,0.4838709677419355,0.1537686437368393,1604,24,0.15386873483657837,31,4901,1.8333333333333333,0.15528033673763275,0.14982415735721588,25,0.15122444927692413,0.14919398725032806,0.1557328850030899,0.1504383534193039,0.14796006679534912,0.15170785784721375,0.15482622385025024,0.4090909090909091,-0.0028904238417453596,91,0.003348293,0.4875708042643964,4120,25,0.0,1.0,0.96,1e-05,11.647308588027954,0.1,0.2,0.15248256921768188,0.12255630493164063,0.789208710193634,9,1.0726927518844604
0.0,0.15297000110149384,0.14935362339019775,0.5652173913043478,0.1545184701681137,24,0.15120676159858704,0.15526463091373444,0.3333333333333333,61,0.15149255096912384,30,1.4527329192546594,0.15764489769935608,0.43478260869565216,1.8978754575295929,527.9197387695312,0.3333333333333333,0.1556967943906784,0.15764489769935608,0.8181818181818182,0.15272319316864014,0.15151579678058624,7995392,0.1566968411207199,0.15041863918304443,0.15608537197113037,0.15417854487895966,806.92,0.1561337411403656,0.5483870967741935,0.1552407592535019,1631,11,0.1551951766014099,31,4900,2.260869565217391,0.1564996838569641,0.15109698474407196,33,0.152568519115448,0.1505124419927597,0.1569560021162033,0.151740163564682,0.14935362339019775,0.15309230983257294,0.15617616474628448,0.5,-0.0029918118810201124,91,0.0033379158,0.5018071115482599,4130,15,0.0,1.0,1.0,1e-05,11.43198633864522,0.1,0.2,0.1537991166114807,0.12431488037109376,0.7900552153587341,17,1.182584524154663
0.0,0.1542593091726303,0.1505199819803238,0.5136612021857924,0.15577994287014008,27,0.15251769125461578,0.15655025839805603,0.3684210526315789,62,0.15275892615318298,38,1.4357704918032799,0.15900550782680511,0.48633879781420764,1.9336281863948783,480.825439453125,0.1891891891891892,0.15707559883594513,0.15900550782680511,0.9333333333333333,0.15398578345775604,0.15280471742153168,8126464,0.15817886590957642,0.1517030894756317,0.15737870335578918,0.15536804497241974,749.54,0.15754640102386475,0.3,0.15645991265773773,1658,15,0.15647608041763306,30,4899,2.120218579234973,0.1577879935503006,0.15242886543273926,37,0.15373942255973816,0.151874840259552,0.15822602808475494,0.1530785858631134,0.1505199819803238,0.15446743369102478,0.15772904455661774,0.5555555555555556,-0.0028474635358179514,94,0.0032884872,0.4412992419907823,4140,19,0.0,0.9411764705882353,1.0,1e-05,11.218715614080429,0.1,0.2,0.1551080346107483,0.126165771484375,0.7790679931640625,17,0.9437742829322815
0.0,0.15551912784576416,0.15178708732128143,0.46153846153846156,0.15703514218330383,31,0.1538141816854477,0.157839834690094,0.425,63,0.1541106402873993,40,1.4238579881656814,0.16036932170391083,0.5384615384615384,2.0461574924067576,485.936279296875,0.1724137931034483,0.15837465226650238,0.16036932170391083,0.6428571428571429,0.15512418746948242,0.15404662489891052,8257536,0.15956486761569977,0.15294256806373596,0.15878669917583466,0.15674874186515808,755.24,0.1588650941848755,0.26666666666666666,0.15776874125003815,1685,14,0.1577807515859604,30,4898,1.9881656804733727,0.15900321304798126,0.15370796620845795,29,0.1550064980983734,0.15297900140285492,0.15958963334560394,0.15439218282699585,0.15178708732128143,0.1557449996471405,0.15892456471920013,0.4838709677419355,-0.0027698561584657,78,0.003232136,0.5461821027565747,4150,15,0.0,0.9,1.0,1e-05,11.009663028270007,0.1,0.2,0.15639305114746094,0.1219482421875,0.7967177629470825,10,1.0507076978683472
0.0,0.15700122714042664,0.15316633880138397,0.5471698113207547,0.15833687782287598,16,0.1552247405052185,0.1592545211315155,0.32432432432432434,64,0.15547963976860046,37,1.4346540880503156,0.16178150475025177,0.4528301886792453,1.9619504477087308,515.44140625,0.23333333333333334,0.15975284576416016,0.16178150475025177,0.875,0.15664207935333252,0.15547296404838562,8388608,0.16089892387390137,0.15425653755664825,0.1602339893579483,0.1580936461687088,797.63,0.16021846234798431,0.5416666666666666,0.15913362801074982,1712,16,0.15926644206047058,24,4898,2.150943396226415,0.16038495302200317,0.15488079190254211,30,0.15648211538791656,0.15426065027713776,0.16110475361347198,0.15573947131633759,0.15316633880138397,0.1570497304201126,0.1603693962097168,0.4375,-0.0031702929401944855,87,0.0033381016,0.5344463750487194,4160,19,0.0,0.8823529411764706,1.0,1e-05,10.794673346728086,0.1,0.2,0.15777945518493652,0.1254486083984375,0.8045978546142578,17,1.0099081993103027
0.0,0.15843528509140015,0.15450304746627808,0.4972375690607735,0.15968893468379974,30,0.1565111130475998,0.1607315093278885,0.35294117647058826,65,0.15688763558864594,34,1.4520773480662996,0.16323667764663696,0.5027624309392266,1.9711010658533457,469.113525390625,0.22857142857142856,0.16118194162845612,0.16323667764663696,0.7142857142857143,0.15814705193042755,0.1567493975162506,8519680,0.16247998178005219,0.15561111271381378,0.16165708005428314,0.15945951640605927,727.37,0.16163088381290436,0.3448275862068966,0.1605258584022522,1739,14,0.16078326106071472,29,4896,1.9558011049723756,0.16188748180866241,0.15636025369167328,35,0.1578114628791809,0.15560667216777802,0.1626584380865097,0.157132089138031,0.15450304746627808,0.15842042863368988,0.1615942269563675,0.43333333333333335,-0.00317852349653549,90,0.0034932855,0.4875910606235266,4170,24,0.0,0.9333333333333333,0.9583333333333334,1e-05,10.574309775978326,0.1,0.2,0.1591876596212387,0.13152008056640624,0.7658751010894775,15,0.9252992868423462
0.0,0.1598251760005951,0.15593884885311127,0.5308641975308642,0.1611190289258957,24,0.15776818990707397,0.16206005215644836,0.2777777777777778,66,0.15823045372962952,36,1.4337530864197543,0.1647166907787323,0.4691358024691358,2.024965881304963,496.2437438964844,0.3142857142857143,0.16251136362552643,0.1647166907787323,0.7894736842105263,0.1593867540359497,0.15802869200706482,8650752,0.16390930116176605,0.15690229833126068,0.1630697101354599,0.16073063015937805,769.29,0.16299967467784882,0.4,0.1619497388601303,1766,19,0.16212157905101776,20,4896,1.9753086419753085,0.16339361667633057,0.1576373428106308,35,0.15918146073818207,0.15695324540138245,0.16400550305843353,0.15843011438846588,0.15593884885311127,0.15960663557052612,0.16295328736305237,0.6666666666666666,-0.002911610302362533,86,0.0032666596,0.5217427511233836,4180,16,0.0,0.8333333333333334,1.0,1e-05,10.358300057798624,0.1,0.2,0.16053718328475952,0.12361068725585937,0.7812445759773254,12,1.059106707572937
0.0,0.1612253189086914,0.15726147592067719,0.5698324022346368,0.16251470148563385,27,0.15915590524673462,0.16346575319766998,0.37209302325581395,67,0.15961675345897675,43,1.439798882681565,0.16609397530555725,0.4301675977653631,2.026712381830876,487.180908203125,0.4666666666666667,0.16371892392635345,0.16609397530555725,0.6111111111111112,0.16066093742847443,0.15936653316020966,8781824,0.16539642214775085,0.15830056369304657,0.16450491547584534,0.16213592886924744,755.99,0.16437463462352753,0.3793103448275862,0.16353094577789307,1793,18,0.16349706053733826,29,4895,2.022346368715084,0.16460373997688293,0.1590350866317749,30,0.1605488806962967,0.15838712453842163,0.16544564068317413,0.1598508358001709,0.15726147592067719,0.1609133780002594,0.16445553302764893,0.6666666666666666,-0.0030402524935198016,102,0.0033382345,0.48250653757713735,4190,18,0.0,1.0,1.0,1e-05,10.14524747133255,0.1,0.2,0.161922425031662,0.12193984985351562,0.783331036567688,14,1.1361690759658813
0.0,0.1625952273607254,0.15866021811962128,0.5093167701863354,0.1639627367258072,22,0.1604946404695511,0.16489437222480774,0.29411764705882354,68,0.16104698181152344,34,1.4438136645962745,0.16754503548145294,0.4906832298136646,1.9730584227779122,508.49066162109375,0.34285714285714286,0.1652333289384842,0.16754503548145294,0.8461538461538461,0.16218268871307373,0.16086025536060333,8912896,0.16688886284828186,0.15988750755786896,0.1659688651561737,0.1636517345905304,791.11,0.16580498218536377,0.3333333333333333,0.16502267122268677,1820,13,0.16501779854297638,24,4894,2.0683229813664594,0.1660379320383072,0.16041457653045654,35,0.16195546090602875,0.15965548157691956,0.16692635416984558,0.1612745225429535,0.15866021811962128,0.16222724318504333,0.16596856713294983,0.4090909090909091,-0.0031001428826129994,82,0.0033591008,0.46825608527287843,4200,19,0.0,0.9285714285714286,1.0,1e-05,9.92548143491149,0.1,0.2,0.1633671224117279,0.1271484375,0.7899788618087769,14,0.9406481981277466
0.0,0.16410024464130402,0.1599721908569336,0.5423728813559322,0.1653193086385727,15,0.16181403398513794,0.16636036336421967,0.4318181818181818,69,0.1624089926481247,44,1.4501694915254246,0.1689702868461609,0.4576271186440678,1.9734542829972304,494.5478820800781,0.3,0.16673044860363007,0.1689702868461609,0.75,0.1635616421699524,0.16222119331359863,9043968,0.16824007034301758,0.1612122505903244,0.1673426479101181,0.16500608623027802,770.64,0.16734302043914795,0.45161290322580644,0.1664290428161621,1848,12,0.16632717847824097,31,4893,2.2203389830508473,0.16757452487945557,0.16179490089416504,40,0.1635342836380005,0.16107404232025146,0.1683751940727234,0.16248689591884613,0.1599721908569336,0.16361023485660553,0.16743524372577667,0.4666666666666667,-0.002936429632063664,96,0.0033012345,0.48360299242194743,4210,21,0.0,1.0,1.0,1e-05,9.709031750261783,0.1,0.2,0.16476978361606598,0.12584915161132812,0.7904962301254272,14,1.086911916732788
