rollout/episodes_fwd,time/time_elapsed,train/action_std_03,train/action_std_09,rollout/action_saturation_fraction,train/action_std_23,rollout/is_timeout_mean,rollout/is_fall_mean,train/action_std_05,train/action_std_10,train/action_std_17,train/action_std_21,rollout/force_requested_impulse_mean,train/action_std_01,train/std_max,time/total_timesteps,train/action_std_06,train/action_std_04,train/action_std_08,time/fps,train/action_std_18,train/action_std_16,rollout/recovery_right,rollout/episodes_right,rollout/recovery_fwd,rollout/recovery_up,time/iterations,train/action_std_15,train/action_std_00,train/action_std_07,train/std_min,train/action_std_24,rollout/episodes_left,rollout/recovery_left,rollout/ep_rew_mean,rollout/force_onset_mean,train/action_std_12,train/action_std_13,rollout/episodes_up,train/action_std_20,train/action_std_19,rollout/force_direction_mean,rollout/ep_len_mean,train/action_std_22,rollout/recovery_back,rollout/episodes_back,train/action_std_11,train/action_std_14,train/action_std_02,train/entropy_loss,train/n_updates,rollout/timeouts,train/policy_gradient_loss,train/clip_fraction,rollout/recovery_noforce,train/approx_kl,train/learning_rate,train/explained_variance,train/std,rollout/recovery_down,rollout/timeout_without_onset_fraction,rollout/episodes_down,train/clip_range_vf,train/clip_range,train/loss,rollout/episodes_noforce,train/value_loss
17,22,0.09125185757875443,0.09080807864665985,0.0,0.0900103896856308,0.0,1.0,0.08914025127887726,0.08803611248731613,0.09168760478496552,0.08898065239191055,2.4998563558868354,0.09163190424442291,0.09168760478496552,131072,0.09076288342475891,0.08769518882036209,0.09002682566642761,5853,0.08815278857946396,0.08975659310817719,0.0,35,0.0,0.0,1,0.09032973647117615,0.08820841461420059,0.08856526017189026,0.08674445748329163,0.0915672779083252,40,0.0,195.70419311523438,1.4057837837837848,0.09137305617332458,0.08674445748329163,17,0.08996237069368362,0.09096547961235046,2.2972972972972974,302.73,0.08928269147872925,0.0,2,0.09134966135025024,0.0882166400551796,0.08883100003004074,,,,,,,,,,,,,,,,,,
40,48,0.09125738590955734,0.09084207564592361,0.0,0.0900362953543663,0.3347457627118644,0.6652542372881356,0.08917225897312164,0.08804304152727127,0.09170610457658768,0.08900407701730728,2.151635229459612,0.09164699912071228,0.09170610457658768,262144,0.09079326689243317,0.08772484958171844,0.09005773812532425,5401,0.08818068355321884,0.08979139477014542,0.15789473684210525,57,0.3,0.35135135135135137,2,0.09035471081733704,0.08821015805006027,0.0885971337556839,0.08676475286483765,0.09159068763256073,54,0.14814814814814814,617.4441528320312,1.4227203389830516,0.09140277653932571,0.08676475286483765,37,0.08996810019016266,0.09098941832780838,1.9364406779661016,913.35,0.0893053412437439,0.5833333333333334,24,0.09139037877321243,0.0882268026471138,0.08885197341442108,24.799263636767865,2770,79,-0.0021765786151263455,0.02195281982421875,1.0,0.0012727361,1e-06,0.7845817804336548,0.08975633233785629,0.8,0.0,5,0.2,0.1,0.9222581386566162,19,0.8263046876061708
16,74,0.09128670394420624,0.09087636321783066,0.0,0.09004878997802734,0.2517482517482518,0.7482517482517482,0.08918565511703491,0.08806198090314865,0.09171025454998016,0.08902440965175629,2.1874251612900353,0.09168548882007599,0.09171025454998016,393216,0.09082552790641785,0.08776233345270157,0.09009723365306854,5264,0.08819495141506195,0.08981996029615402,0.02702702702702703,37,0.0625,0.17647058823529413,3,0.09038107097148895,0.08822164684534073,0.08861559629440308,0.08678939193487167,0.0916290208697319,40,0.1,432.0380859375,1.3979020979020989,0.09144733101129532,0.08678939193487167,17,0.09001051634550095,0.09102524816989899,2.06993006993007,643.19,0.08932720869779587,0.7058823529411765,17,0.09141905605792999,0.0882490947842598,0.0888722687959671,24.792374531924725,2780,36,-0.002217211819606746,0.023474884033203126,0.9,0.0012868029,1e-06,0.7979351282119751,0.08978267759084702,1.0,0.0,6,0.2,0.1,1.2471256256103516,10,0.9328029065858573
33,101,0.09132949262857437,0.0909070074558258,0.0,0.09006937593221664,0.47368421052631576,0.5263157894736842,0.0892113670706749,0.08808593451976776,0.09174129366874695,0.08904705941677094,2.0595034371250103,0.0917176902294159,0.09174129366874695,524288,0.0908505991101265,0.08777634799480438,0.09012918174266815,5179,0.08820649981498718,0.08986099809408188,0.41935483870967744,31,0.45454545454545453,0.26666666666666666,4,0.09039885550737381,0.08824615180492401,0.08862177282571793,0.08680430799722672,0.09165316820144653,43,0.16279069767441862,523.6114501953125,1.415492822966508,0.09147845208644867,0.08680430799722672,45,0.09003812074661255,0.0910460576415062,2.287081339712919,763.09,0.08934974670410156,0.6923076923076923,13,0.0914396345615387,0.08826389163732529,0.08889982104301453,24.78532734811306,2790,99,-0.0022385907524949287,0.022763824462890624,1.0,0.0013153874,1e-06,0.7669472694396973,0.08980690687894821,0.96,0.0,25,0.2,0.1,0.9022984504699707,19,0.7358044759836048
24,127,0.09134584665298462,0.0909225270152092,0.0,0.09010013937950134,0.3005464480874317,0.6994535519125683,0.08924008160829544,0.0880974680185318,0.09173531830310822,0.08907438814640045,2.22929269217734,0.09174837172031403,0.09174837172031403,655360,0.09087254852056503,0.08777175098657608,0.09014968574047089,5124,0.08821922540664673,0.08989567309617996,0.13333333333333333,45,0.375,0.2222222222222222,5,0.09042530506849289,0.08826643973588943,0.08864738047122955,0.08682598173618317,0.09169375151395798,37,0.10810810810810811,446.3330993652344,1.4104699453551923,0.09150377660989761,0.08682598173618317,45,0.0900486409664154,0.09107222408056259,2.3551912568306013,662.17,0.08937064558267593,0.6153846153846154,13,0.09145860373973846,0.08828060328960419,0.08892972767353058,24.77909795790911,2800,55,-0.0023125268766307273,0.019903564453125,1.0,0.0012495179,1e-06,0.798236608505249,0.08982784301042557,0.875,0.0,8,0.2,0.1,1.1912585496902466,11,0.7144276242703199
33,154,0.09136510640382767,0.09094496071338654,0.0,0.0901322141289711,0.3482587064676617,0.6517412935323383,0.08926817029714584,0.08813560009002686,0.09175673872232437,0.08909192681312561,2.1187125729024765,0.09178856760263443,0.09178856760263443,786432,0.09090479463338852,0.08778400719165802,0.09018921852111816,5088,0.08825015276670456,0.0899285078048706,0.2619047619047619,42,0.3333333333333333,0.18181818181818182,6,0.0904584676027298,0.08828604966402054,0.08866384625434875,0.08684910833835602,0.09170936048030853,36,0.1111111111111111,453.4764404296875,1.4257611940298518,0.09153781086206436,0.08684910833835602,33,0.09007131308317184,0.091118723154068,1.9651741293532339,672.96,0.08941275626420975,0.44,25,0.09148852527141571,0.08829240500926971,0.08894277364015579,24.772411073744298,2810,70,-0.002192273181208293,0.019321441650390625,0.9,0.0012267013,1e-06,0.7947434186935425,0.08985485136508942,0.75,0.0,12,0.2,0.1,0.9331042766571045,20,0.7267366680782288
19,181,0.09138075262308121,0.09096736460924149,0.0,0.090163953602314,0.33152173913043476,0.6684782608695652,0.08928520232439041,0.08816897124052048,0.09175211936235428,0.08912033587694168,2.126713876988828,0.09182439744472504,0.09182439744472504,917504,0.09091660380363464,0.08781249821186066,0.0902128517627716,5056,0.08826953172683716,0.08996010571718216,0.061224489795918366,49,0.2631578947368421,0.3235294117647059,7,0.09047984331846237,0.08830270171165466,0.08869890868663788,0.0868830531835556,0.09172304719686508,40,0.175,445.8272399902344,1.399195652173914,0.09155672043561935,0.0868830531835556,34,0.09010625630617142,0.09115136414766312,2.1793478260869565,663.99,0.08943989872932434,0.46153846153846156,13,0.09151149541139603,0.0883137509226799,0.088948093354702,24.765439106523992,2820,61,-0.002355839939446014,0.023218536376953126,1.0,0.0013138815,1e-06,0.7780987024307251,0.08987799286842346,1.0,0.0,9,0.2,0.1,0.9184073805809021,20,0.7829786723479628
26,208,0.09141349792480469,0.09100550413131714,0.0,0.09017016738653183,0.37222222222222223,0.6277777777777778,0.08930904418230057,0.08819884806871414,0.09177388995885849,0.08913471549749374,2.07825636246229,0.09185050427913666,0.09185050427913666,1048576,0.09096428006887436,0.08784489333629608,0.09024705737829208,5034,0.0882832482457161,0.09001465886831284,0.16666666666666666,42,0.19230769230769232,0.32142857142857145,8,0.09050312638282776,0.08832744508981705,0.08870099484920502,0.08690706640481949,0.09176044911146164,40,0.275,461.0426940917969,1.4110222222222233,0.09157365560531616,0.08690706640481949,28,0.09012147039175034,0.09117531031370163,1.988888888888889,684.2,0.08946432173252106,0.6,15,0.09152906388044357,0.08832087367773056,0.08898256719112396,24.75870535373688,2830,67,-0.0022917007891010144,0.023150634765625,0.85,0.0012957933,1e-06,0.7947258353233337,0.08990306407213211,1.0,0.0,9,0.2,0.1,0.9595109224319458,20,0.7425180057995021
34,235,0.0914495587348938,0.09103047847747803,0.0,0.09018824994564056,0.34234234234234234,0.6576576576576577,0.08933831006288528,0.08822507411241531,0.09180345386266708,0.08916551619768143,2.1717291915752877,0.09187150746583939,0.09187150746583939,1179648,0.09099859744310379,0.08788170665502548,0.0902804359793663,5016,0.08831615746021271,0.09004023671150208,0.18181818181818182,44,0.23529411764705882,0.3157894736842105,9,0.09053346514701843,0.08835861831903458,0.08873219043016434,0.08694721013307571,0.09178189933300018,59,0.11864406779661017,405.87432861328125,1.4116036036036046,0.09159322082996368,0.08694721013307571,38,0.09012456238269806,0.09119416028261185,2.220720720720721,604.56,0.08947648108005524,0.6666666666666666,15,0.09155193716287613,0.08834174275398254,0.08901309967041016,24.75152003020048,2840,76,-0.002192764666142466,0.022640228271484375,1.0,0.0012873781,1e-06,0.7822144627571106,0.08992951363325119,0.9444444444444444,0.0,18,0.2,0.1,0.9976077675819397,14,0.6988065994344652
32,261,0.0914648175239563,0.09106025844812393,0.0,0.09020130336284637,0.4166666666666667,0.5833333333333334,0.08936838805675507,0.08825214952230453,0.09182687103748322,0.08918597549200058,2.047043438659197,0.09189088642597198,0.09189088642597198,1310720,0.09101036190986633,0.08789651840925217,0.09028860926628113,5009,0.0883290022611618,0.09006736427545547,0.38461538461538464,26,0.3125,0.22727272727272727,10,0.09056427329778671,0.08839091658592224,0.08874429762363434,0.08697478473186493,0.09180419892072678,36,0.19444444444444445,483.7367858886719,1.4103076923076934,0.09163222461938858,0.08697478473186493,22,0.09015780687332153,0.09122451394796371,1.794871794871795,718.46,0.08951324224472046,0.7647058823529411,17,0.0915861651301384,0.08835459500551224,0.08904542028903961,24.744542255997658,2850,65,-0.0022023745030764984,0.0234100341796875,0.9333333333333333,0.0013058032,1e-06,0.7792524695396423,0.08995340019464493,0.75,0.0,8,0.2,0.1,1.032576560974121,15,0.8015665471553802
31,288,0.0915004089474678,0.09108110517263412,0.0,0.09022775292396545,0.46766169154228854,0.5323383084577115,0.08938854187726974,0.0882728099822998,0.09186011552810669,0.08921821415424347,1.914887737029338,0.0919196605682373,0.0919196605682373,1441792,0.09104026854038239,0.087931327521801,0.09032131731510162,4997,0.08835427463054657,0.09010601788759232,0.24489795918367346,49,0.45161290322580644,0.391304347826087,11,0.09059139341115952,0.08841654658317566,0.0887606292963028,0.08698370307683945,0.09184850752353668,48,0.25,504.4794921875,1.4182189054726377,0.09166264533996582,0.08698370307683945,23,0.09018781781196594,0.09125068038702011,2.054726368159204,744.22,0.0895349532365799,0.7692307692307693,13,0.09161029756069183,0.08839432895183563,0.0890599712729454,24.73741938173771,2860,94,-0.0021555526964220917,0.022054290771484374,1.0,0.0012862782,1e-06,0.7770881652832031,0.08998092263936996,1.0,0.0,17,0.2,0.1,0.8440600633621216,20,0.5557750168489293
36,315,0.0915386825799942,0.09110147505998611,0.0,0.090254046022892,0.28019323671497587,0.7198067632850241,0.08941791206598282,0.08831051737070084,0.09187912940979004,0.08923808485269547,2.3228843798251737,0.09194478392601013,0.09194478392601013,1572864,0.09107092022895813,0.087953582406044,0.09034669399261475,4988,0.08838098496198654,0.09012763202190399,0.07692307692307693,52,0.2777777777777778,0.35135135135135137,12,0.09062563627958298,0.08843185007572174,0.0887984186410904,0.08701475709676743,0.09187925606966019,44,0.11363636363636363,444.9879150390625,1.4175748792270544,0.09169576317071915,0.08701475709676743,37,0.09022293984889984,0.0912671759724617,2.183574879227053,661.11,0.08955390751361847,0.42105263157894735,19,0.09164956212043762,0.08841568231582642,0.08908870816230774,24.72977035790682,2870,58,-0.002138974539229821,0.021978759765625,0.8888888888888888,0.0012678733,1e-06,0.7653228640556335,0.09000832587480545,1.0,0.0,10,0.2,0.1,0.8944058418273926,9,0.709384178230539
28,341,0.09156330674886703,0.0911288857460022,0.0,0.09026278555393219,0.3502824858757062,0.6497175141242938,0.08943350613117218,0.08834440261125565,0.09190550446510315,0.08925391733646393,2.1326538659125496,0.09196190536022186,0.09196190536022186,1703936,0.0910879448056221,0.08797582983970642,0.09036892652511597,4983,0.08839590847492218,0.0901615098118782,0.17073170731707318,41,0.35714285714285715,0.2962962962962963,13,0.09066347777843475,0.08845224231481552,0.08882194012403488,0.08704778552055359,0.09191109985113144,48,0.16666666666666666,474.3436279296875,1.4223954802259897,0.09171587973833084,0.08704778552055359,27,0.09024275839328766,0.09128149598836899,2.1129943502824857,702.19,0.08957765996456146,0.8125,16,0.09166856855154037,0.08844853192567825,0.08911582827568054,24.722769951820375,2880,62,-0.0021125782938725022,0.020677947998046876,1.0,0.0012657851,1e-06,0.7755393385887146,0.09003166109323502,0.875,0.0,8,0.2,0.1,1.1074715852737427,9,0.8411121114622802
33,368,0.09159743785858154,0.09117133170366287,0.0,0.0902794674038887,0.42408376963350786,0.5759162303664922,0.08944442123174667,0.08836779743432999,0.09192538261413574,0.08928223699331284,2.0880836906402864,0.0919719859957695,0.0919719859957695,1835008,0.09109613299369812,0.0879971906542778,0.09038771688938141,4976,0.08841001242399216,0.09019959717988968,0.2682926829268293,41,0.3333333333333333,0.38461538461538464,14,0.09068509936332703,0.08848430216312408,0.08884807676076889,0.087067611515522,0.09194401651620865,42,0.19047619047619047,485.2989807128906,1.4184921465968598,0.09174938499927521,0.087067611515522,26,0.09027253836393356,0.09132012724876404,1.8952879581151831,719.36,0.08959822356700897,0.6,20,0.0916982963681221,0.08847574144601822,0.08912341296672821,24.7161371037364,2890,81,-0.0022766388937270677,0.02366180419921875,1.0,0.001312501,1e-06,0.7780599594116211,0.0900559052824974,1.0,0.0,10,0.2,0.1,0.8096963167190552,19,0.6875252854079008
25,395,0.09160593152046204,0.09120672941207886,0.0,0.09030263125896454,0.3735632183908046,0.6264367816091954,0.08947364240884781,0.0883888527750969,0.09194100648164749,0.08931106328964233,2.0990497848077787,0.09200732409954071,0.09200732409954071,1966080,0.0911174789071083,0.08801879733800888,0.09040439128875732,4971,0.0884229987859726,0.0902157723903656,0.10526315789473684,38,0.16,0.3333333333333333,15,0.09069986641407013,0.08850689977407455,0.08887682110071182,0.08709472417831421,0.0919865295290947,31,0.1935483870967742,467.6978454589844,1.4288850574712655,0.09178078174591064,0.08709472417831421,33,0.09029533714056015,0.09133940190076828,2.1206896551724137,692.88,0.08962724357843399,0.7222222222222222,18,0.09172976762056351,0.08850358426570892,0.08912941068410873,24.709506583213805,2900,65,-0.002463226267173013,0.028163909912109375,0.8823529411764706,0.0013728143,1e-06,0.7675532102584839,0.09007947891950607,1.0,0.0,12,0.2,0.1,1.0241801738739014,17,0.6586762134451419
33,422,0.09163098782300949,0.0912373885512352,0.0,0.09031933546066284,0.45549738219895286,0.5445026178010471,0.08949455618858337,0.08841075003147125,0.0919736996293068,0.08933592587709427,2.0158871719878717,0.09202728420495987,0.09202728420495987,2097152,0.09112834930419922,0.08805070072412491,0.0904303714632988,4966,0.08844421058893204,0.09023066610097885,0.1388888888888889,36,0.48484848484848486,0.32432432432432434,16,0.09072806686162949,0.08851679414510727,0.08890946954488754,0.08712010085582733,0.0920102596282959,42,0.38095238095238093,464.1903991699219,1.414691099476441,0.09179927408695221,0.08712010085582733,37,0.09031980484724045,0.09136795997619629,2.0471204188481678,693.64,0.08963057398796082,0.8181818181818182,11,0.09174340963363647,0.08851312100887299,0.0891505777835846,24.70326199233532,2910,87,-0.002227454698368092,0.027887725830078126,0.9,0.0013577959,1e-06,0.7681142091751099,0.09010094404220581,0.9166666666666666,0.0,12,0.2,0.1,0.9112319946289062,20,0.6556670658756047
29,449,0.09165897220373154,0.0912567749619484,0.0,0.09034556895494461,0.3709677419354839,0.6290322580645161,0.08951514214277267,0.08845323324203491,0.09198158979415894,0.08935132622718811,2.166318845433143,0.09206283837556839,0.09206283837556839,2228224,0.09116024523973465,0.08807675540447235,0.09045720100402832,4961,0.08846805989742279,0.0902520939707756,0.1794871794871795,39,0.3793103448275862,0.3611111111111111,17,0.09075010567903519,0.08853716403245926,0.08893605321645737,0.08713829517364502,0.09202860295772552,37,0.10810810810810811,481.8585510253906,1.4114086021505385,0.09181345999240875,0.08713829517364502,36,0.09035240113735199,0.0913970023393631,2.053763440860215,719.1,0.0896650031208992,0.6,25,0.09177522361278534,0.08851346373558044,0.08917225897312164,24.69700328707695,2920,69,-0.002161384237842867,0.021530914306640624,0.9230769230769231,0.0012778867,1e-06,0.7825989127159119,0.09012475609779358,1.0,0.0,7,0.2,0.1,0.9065393209457397,13,0.6146886514732615
32,475,0.09168168157339096,0.09127041697502136,0.0,0.09037922322750092,0.3382352941176471,0.6617647058823529,0.08954590559005737,0.0884799137711525,0.09200413525104523,0.08937492966651917,2.144206012090443,0.09209197014570236,0.09209197014570236,2359296,0.09118841588497162,0.08810219168663025,0.09047285467386246,4956,0.08849707245826721,0.09028342366218567,0.2413793103448276,58,0.3125,0.12903225806451613,18,0.09076521545648575,0.08856672048568726,0.08896809816360474,0.08714993298053741,0.0920543447136879,43,0.32558139534883723,475.0485534667969,1.4190882352941185,0.09183315187692642,0.08714993298053741,31,0.09036745876073837,0.09143643081188202,2.127450980392157,708.72,0.0896981880068779,0.4,15,0.09178414940834045,0.08853700011968613,0.08921072632074356,24.690213429927827,2930,69,-0.002173579756617983,0.020223236083984374,0.8666666666666667,0.0012617281,1e-06,0.7778782844543457,0.09014974534511566,0.8,0.0,10,0.2,0.1,0.8204413652420044,15,0.7275007453514263
21,502,0.09170219302177429,0.091297946870327,0.0,0.09040909260511398,0.34285714285714286,0.6571428571428571,0.0895581990480423,0.08850757777690887,0.09202853590250015,0.08940485119819641,2.1207228169849492,0.09211067855358124,0.09211067855358124,2490368,0.0912134051322937,0.0881308913230896,0.09048851579427719,4953,0.08852562308311462,0.09028878062963486,0.16666666666666666,48,0.23809523809523808,0.3076923076923077,19,0.09078261256217957,0.08860976994037628,0.08900592476129532,0.08718220889568329,0.09205813705921173,36,0.16666666666666666,453.1206359863281,1.425702857142858,0.09184686839580536,0.08718220889568329,26,0.0903840884566307,0.09146448969841003,2.1714285714285713,670.47,0.08972666412591934,0.5,16,0.09179870039224625,0.08857202529907227,0.08922936022281647,24.68348495811224,2940,60,-0.002176186611450248,0.0224151611328125,0.9375,0.0012710809,1e-06,0.7912749648094177,0.09017308056354523,0.8333333333333334,0.0,12,0.2,0.1,0.9339393973350525,16,0.7353534593246878
28,529,0.0917120948433876,0.09131800383329391,0.0,0.09043647348880768,0.4292929292929293,0.5707070707070707,0.08958113938570023,0.08852281421422958,0.09205563366413116,0.08941913396120071,2.052878852667174,0.0921357125043869,0.0921357125043869,2621440,0.09123589098453522,0.08814498782157898,0.09049645811319351,4949,0.08856494724750519,0.0903153344988823,0.2127659574468085,47,0.42857142857142855,0.35714285714285715,20,0.09081809222698212,0.08862950652837753,0.08903220295906067,0.08720880001783371,0.0920829027891159,47,0.19148936170212766,474.148681640625,1.4231010101010113,0.0918714627623558,0.08720880001783371,28,0.09042929112911224,0.09149222820997238,1.994949494949495,695.0,0.08975748717784882,0.8333333333333334,18,0.09183613955974579,0.08859842270612717,0.08924899250268936,24.676811373233797,2950,85,-0.0022845716315714527,0.02426300048828125,1.0,0.0013199229,1e-06,0.7918809652328491,0.09019777178764343,0.9,0.0,10,0.2,0.1,0.8817675113677979,20,0.6659720732830465
35,556,0.09174129366874695,0.09135179966688156,0.0,0.09045425802469254,0.375,0.625,0.08960822969675064,0.08856173604726791,0.09206336736679077,0.08944098651409149,2.110317967796436,0.09215724468231201,0.09215724468231201,2752512,0.09127029031515121,0.08815831691026688,0.09052541106939316,4946,0.0885801911354065,0.09033629298210144,0.125,32,0.37142857142857144,0.3333333333333333,21,0.09082281589508057,0.08865506947040558,0.08905642479658127,0.08722423017024994,0.09210468083620071,54,0.2037037037037037,441.47698974609375,1.426163043478262,0.09190618246793747,0.08722423017024994,24,0.09046532213687897,0.09152502566576004,1.7445652173913044,654.92,0.08977947384119034,0.6,15,0.09185711294412613,0.08863009512424469,0.08927345275878906,24.67002046853304,2960,69,-0.0021935344897428878,0.02429046630859375,1.0,0.0012831613,1e-06,0.7666831612586975,0.09022197872400284,1.0,0.0,5,0.2,0.1,0.8245295286178589,19,0.6858775130240247
24,583,0.09178187698125839,0.0913756713271141,0.0,0.09047261625528336,0.40540540540540543,0.5945945945945946,0.08963841944932938,0.08858110010623932,0.09209034591913223,0.0894770622253418,2.0122412884766905,0.09218809753656387,0.09218809753656387,2883584,0.09130086749792099,0.08818001300096512,0.09054306894540787,4943,0.08859747648239136,0.0903531089425087,0.1,30,0.3333333333333333,0.4,22,0.0908532440662384,0.08867471665143967,0.08907876163721085,0.08725494146347046,0.09211568534374237,42,0.23809523809523808,509.2876281738281,1.4167027027027035,0.09193596988916397,0.08725494146347046,40,0.0904768854379654,0.09154725819826126,2.091891891891892,752.78,0.08979453891515732,0.5238095238095238,21,0.09189110994338989,0.08864429593086243,0.08928271383047104,24.663455341756343,2970,75,-0.00218814456857217,0.02302398681640625,0.9444444444444444,0.0013202663,1e-06,0.8010404109954834,0.09024518728256226,1.0,0.0,10,0.2,0.1,0.859319806098938,18,0.6233779782429337
31,610,0.09180327504873276,0.09139958769083023,0.0,0.09049386531114578,0.4074074074074074,0.5925925925925926,0.08966775983572006,0.0886104628443718,0.09211601316928864,0.0895095095038414,1.9700385205531163,0.09221217036247253,0.09221217036247253,3014656,0.09132497012615204,0.08819493651390076,0.09056305885314941,4939,0.08862461894750595,0.09038355201482773,0.16666666666666666,42,0.3870967741935484,0.2,23,0.09089053422212601,0.08868122100830078,0.08911916613578796,0.0872761532664299,0.09214942902326584,38,0.15789473684210525,480.957275390625,1.4125820105820115,0.09195293486118317,0.0872761532664299,25,0.0905020609498024,0.09156769514083862,1.835978835978836,716.4,0.08981805294752121,0.75,16,0.09190872311592102,0.0886634886264801,0.08930416405200958,24.656886464357378,2980,77,-0.0022130145057417394,0.022900390625,0.9230769230769231,0.0013118825,1e-06,0.7952472567558289,0.09026948362588882,1.0,0.0,11,0.2,0.1,0.8079560399055481,26,0.6179122085217387
31,637,0.09182333201169968,0.09142134338617325,0.0,0.090525783598423,0.4262295081967213,0.5737704918032787,0.08969759196043015,0.08861041814088821,0.09214907884597778,0.0895264521241188,2.054511797572991,0.09223122894763947,0.09223122894763947,3145728,0.09135031700134277,0.08820217102766037,0.09057336300611496,4937,0.08865439891815186,0.09040538966655731,0.1794871794871795,39,0.3225806451612903,0.2727272727272727,24,0.0909038856625557,0.08870871365070343,0.08915457129478455,0.0872972309589386,0.09217328578233719,34,0.35294117647058826,479.9547119140625,1.4178579234972688,0.09197455644607544,0.0872972309589386,33,0.09051132202148438,0.09158354997634888,2.1256830601092895,710.03,0.0898384377360344,0.6363636363636364,11,0.09193550795316696,0.08869678527116776,0.08930953592061996,24.65061522871256,2990,78,-0.0020536123430247243,0.0229736328125,1.0,0.0012725894,1e-06,0.7800019383430481,0.09029032289981842,0.875,0.0,16,0.2,0.1,0.9193341135978699,19,0.6464043371146545
27,663,0.0918472409248352,0.09142804145812988,0.0,0.09054428339004517,0.3867403314917127,0.6132596685082873,0.08972674608230591,0.08863609284162521,0.09218937158584595,0.08954701572656631,2.0815127399207642,0.09225111454725266,0.09225111454725266,3276800,0.09136493504047394,0.08821390569210052,0.09059426933526993,4935,0.08868974447250366,0.09041278064250946,0.22857142857142856,35,0.3333333333333333,0.3,25,0.09094210714101791,0.08874880522489548,0.0891876295208931,0.08732270449399948,0.09221550822257996,47,0.1702127659574468,474.86065673828125,1.4242762430939238,0.09199293702840805,0.08732270449399948,30,0.09053806215524673,0.091617152094841,2.0828729281767955,703.23,0.08984033018350601,0.7647058823529411,17,0.09196054190397263,0.0887199267745018,0.08933234214782715,24.644435927271843,3000,70,-0.002191712131480017,0.022039031982421874,0.9285714285714286,0.0012823762,1e-06,0.7969438433647156,0.09031453728675842,0.9090909090909091,0.0,11,0.2,0.1,0.7827041149139404,14,0.5910553076071665
27,690,0.09186780452728271,0.09145881980657578,0.0,0.09057263284921646,0.39593908629441626,0.6040609137055838,0.08974054455757141,0.08866917341947556,0.09221412241458893,0.089569091796875,1.956041134485535,0.09227295964956284,0.09227295964956284,3407872,0.09138460457324982,0.08823996782302856,0.09063343703746796,4932,0.08870184421539307,0.09043625742197037,0.2,45,0.2962962962962963,0.2571428571428571,26,0.09096888452768326,0.08877790719270706,0.08921502530574799,0.08734611421823502,0.0922236442565918,39,0.1794871794871795,479.7715759277344,1.4234213197969552,0.09202539920806885,0.08734611421823502,35,0.09055213630199432,0.09164803475141525,2.0,710.21,0.08986357599496841,0.7727272727272727,22,0.09198911488056183,0.08872903883457184,0.08934727311134338,24.63783056586981,3010,78,-0.0023709041125584917,0.02355804443359375,1.0,0.0013150538,1e-06,0.7944313883781433,0.09033789485692978,0.875,0.0,8,0.2,0.1,0.9423130750656128,21,0.635180298332125
31,717,0.09189435094594955,0.09147674590349197,0.0,0.09058409929275513,0.366120218579235,0.6338797814207651,0.08975445479154587,0.08868678659200668,0.09224961698055267,0.08958128839731216,2.0337129877044626,0.09229172021150589,0.09229172021150589,3538944,0.09140798449516296,0.08826736360788345,0.0906495749950409,4930,0.08872142434120178,0.09045376628637314,0.14634146341463414,41,0.2903225806451613,0.4074074074074074,27,0.09100419282913208,0.08881459385156631,0.08924324810504913,0.08736562728881836,0.09224995225667953,42,0.21428571428571427,430.77972412109375,1.4089508196721319,0.09204503893852234,0.08736562728881836,27,0.0905766412615776,0.09167496860027313,1.8852459016393444,638.93,0.08989414572715759,0.4166666666666667,12,0.09201714396476746,0.08875036984682083,0.08937761187553406,24.631374260783197,3020,67,-0.0021661933790710465,0.024765777587890624,0.9545454545454546,0.0013319838,1e-06,0.8009942173957825,0.09036130458116531,0.75,0.0,8,0.2,0.1,0.9079829454421997,22,0.6613681984366849
32,744,0.09191293269395828,0.09149902313947678,0.0,0.0906006395816803,0.4187192118226601,0.5812807881773399,0.089773990213871,0.08870237320661545,0.092278853058815,0.08959769457578659,2.1043797312559573,0.09232156723737717,0.09232156723737717,3670016,0.09143514186143875,0.08829489350318909,0.0906706154346466,4928,0.08871761709451675,0.09046295285224915,0.2571428571428571,35,0.1875,0.42857142857142855,28,0.09102720022201538,0.08883293718099594,0.08926261961460114,0.08739023655653,0.0922836884856224,44,0.20454545454545456,471.38787841796875,1.4152019704433505,0.09207206219434738,0.08739023655653,35,0.09060191363096237,0.0917147621512413,1.9901477832512315,700.14,0.08992720395326614,0.5789473684210527,19,0.09205368906259537,0.08877695351839066,0.08939103782176971,24.625005957484245,3030,85,-0.0022965898221627866,0.024651336669921874,1.0,0.0013120077,1e-06,0.7914309501647949,0.0903841033577919,0.8,0.0,15,0.2,0.1,0.952806830406189,23,0.6594641212606802
28,771,0.09195361286401749,0.09151124209165573,0.0,0.09062213450670242,0.32044198895027626,0.6795580110497238,0.08983572572469711,0.08873116225004196,0.09229528158903122,0.08963033556938171,2.2145521421157888,0.09235016256570816,0.09235016256570816,3801088,0.09147929400205612,0.0883110836148262,0.09069052338600159,4927,0.08874059468507767,0.0904899388551712,0.13513513513513514,37,0.25,0.16129032258064516,29,0.09103143960237503,0.08886674046516418,0.08929459005594254,0.08740256726741791,0.09230288118124008,41,0.07317073170731707,434.0037841796875,1.4256243093922663,0.09210129827260971,0.08740256726741791,31,0.09062587469816208,0.09174374490976334,2.138121546961326,644.54,0.0899621993303299,0.7619047619047619,21,0.09208463877439499,0.08879832923412323,0.08941800147294998,24.618130901455878,3040,58,-0.0021573589834588346,0.0233795166015625,1.0,0.0013020145,1e-06,0.8041790127754211,0.09041093289852142,0.9166666666666666,0.0,12,0.2,0.1,0.6518818736076355,11,0.6401560485130176
30,798,0.09196174889802933,0.09153853356838226,0.0,0.09065122902393341,0.44041450777202074,0.5595854922279793,0.08986517786979675,0.08874943852424622,0.09231441468000412,0.08964935690164566,2.0582680377035576,0.09236324578523636,0.09236324578523636,3932160,0.09151607751846313,0.08834473788738251,0.09070934355258942,4925,0.08877451717853546,0.09051384776830673,0.24242424242424243,33,0.36666666666666664,0.3783783783783784,30,0.09106907248497009,0.08890008181333542,0.08932068943977356,0.08741919696331024,0.09232763946056366,44,0.25,479.4962158203125,1.4154507772020735,0.09211030602455139,0.08741919696331024,37,0.09066236019134521,0.09175756573677063,2.1968911917098444,704.59,0.0899924710392952,0.7333333333333333,15,0.09212436527013779,0.08880976587533951,0.08944271504878998,24.610987274348737,3050,85,-0.0023218581434775844,0.025621795654296876,0.875,0.0013467685,1e-06,0.7792712450027466,0.09043551236391068,0.8888888888888888,0.0,18,0.2,0.1,1.0246797800064087,16,0.7259099066955969
30,825,0.09198137372732162,0.09156911820173264,0.0,0.09067044407129288,0.4318181818181818,0.5681818181818182,0.08988023549318314,0.0887787714600563,0.09235183149576187,0.08965076506137848,2.1650921919160853,0.09238581359386444,0.09238581359386444,4063232,0.09154641628265381,0.08836875110864639,0.09073580801486969,4924,0.08878827095031738,0.09054630994796753,0.26666666666666666,45,0.4666666666666667,0.32142857142857145,31,0.09109728038311005,0.0889156311750412,0.08933775871992111,0.08746302127838135,0.09234011918306351,34,0.2647058823529412,490.66058349609375,1.431750000000001,0.09213521331548691,0.08746302127838135,28,0.09069573879241943,0.09179012477397919,2.0795454545454546,727.3,0.09002844244241714,0.6666666666666666,21,0.09215081483125687,0.08884263038635254,0.089472196996212,24.604075513780117,3060,76,-0.002061522756230261,0.022430419921875,1.0,0.0012874769,1e-06,0.7893942594528198,0.09046091884374619,1.0,0.0,8,0.2,0.1,0.7403428554534912,10,0.584540999145247
36,851,0.09200925379991531,0.09157874435186386,0.0,0.09069352596998215,0.3877551020408163,0.6122448979591837,0.08990366011857986,0.08881834149360657,0.09237498044967651,0.08967657387256622,2.166155340294754,0.09241145849227905,0.09241145849227905,4194304,0.09156668931245804,0.08840946853160858,0.09074872732162476,4922,0.08880961686372757,0.09056941419839859,0.1951219512195122,41,0.16666666666666666,0.3548387096774194,32,0.09111122786998749,0.08893460780382156,0.08936621993780136,0.08748181164264679,0.09238090366125107,46,0.2608695652173913,455.4830322265625,1.4181632653061236,0.09216352552175522,0.08748181164264679,31,0.0907229632139206,0.09181062877178192,1.9744897959183674,672.56,0.09006031602621078,0.8333333333333334,18,0.0921766459941864,0.08886301517486572,0.08947861194610596,24.597265078127386,3070,76,-0.0021241174515125747,0.022664642333984374,1.0,0.00128003,1e-06,0.7763041257858276,0.09048483520746231,1.0,0.0,9,0.2,0.1,0.88686203956604,15,0.6534369179047644
27,878,0.09203530102968216,0.09159988164901733,0.0,0.09073148667812347,0.43315508021390375,0.5668449197860963,0.08993164449930191,0.08883477747440338,0.09240387380123138,0.08970185369253159,2.0734215667085,0.09242752194404602,0.09242752194404602,4325376,0.09157149493694305,0.08843689411878586,0.0907607153058052,4921,0.08885040134191513,0.09060227870941162,0.22727272727272727,44,0.2962962962962963,0.39473684210526316,33,0.09114373475313187,0.08895450085401535,0.08938863128423691,0.08749904483556747,0.092413529753685,38,0.34210526315789475,494.2678527832031,1.4288556149732632,0.09217678010463715,0.08749904483556747,38,0.0907517597079277,0.09182599931955338,2.213903743315508,726.92,0.09007442742586136,0.625,8,0.09220405668020248,0.08888504654169083,0.08950930088758469,24.590700295567512,3080,81,-0.0022371389620275293,0.02305755615234375,0.8947368421052632,0.0012968625,1e-06,0.7864532470703125,0.0905085951089859,1.0,0.0,13,0.2,0.1,0.9103304743766785,19,0.6343863632064313
37,905,0.09204139560461044,0.09162060916423798,0.0,0.09075364470481873,0.3910891089108911,0.6089108910891089,0.08997032791376114,0.08885163813829422,0.09241462498903275,0.08972753584384918,2.138618316807649,0.09246062487363815,0.09246062487363815,4456448,0.09158653765916824,0.0884711816906929,0.0907818153500557,4920,0.08886394649744034,0.09061232954263687,0.2692307692307692,52,0.32432432432432434,0.41379310344827586,34,0.09115716069936752,0.08898243308067322,0.0894249826669693,0.08751808851957321,0.09243118017911911,46,0.1956521739130435,457.1827392578125,1.4104356435643577,0.09219548851251602,0.08751808851957321,29,0.09076789766550064,0.09184101969003677,2.0792079207920793,674.44,0.0901046022772789,0.625,8,0.09223395586013794,0.08892006427049637,0.08952329307794571,24.58439655452967,3090,79,-0.0020348000917692842,0.0208465576171875,0.9411764705882353,0.0012440267,1e-06,0.7887952327728271,0.09053025394678116,0.8461538461538461,0.0,13,0.2,0.1,0.8501912951469421,17,0.6221323000267148
31,932,0.09206889569759369,0.09164979308843613,0.0,0.09078384935855865,0.3736842105263158,0.6263157894736842,0.08998532593250275,0.08888170123100281,0.09244958311319351,0.08975190669298172,2.1614303126986174,0.09249727427959442,0.09249727427959442,4587520,0.09161119908094406,0.08848510682582855,0.09081556648015976,4918,0.08888114988803864,0.09065257757902145,0.13953488372093023,43,0.2903225806451613,0.2857142857142857,35,0.09118402749300003,0.08902532607316971,0.08945690095424652,0.08753235638141632,0.09246403723955154,45,0.24444444444444444,481.29119873046875,1.4227684210526326,0.09221445769071579,0.08753235638141632,35,0.09078843146562576,0.09186136722564697,2.1210526315789475,713.81,0.09012840688228607,0.9230769230769231,13,0.09226399660110474,0.08892697840929031,0.08955935388803482,24.577766460180282,3100,71,-0.0023073381782523937,0.025982666015625,1.0,0.001337155,1e-06,0.7889666557312012,0.09055677801370621,1.0,0.0,9,0.2,0.1,0.8132168054580688,14,0.7109447146300226
36,959,0.09209556877613068,0.09165818989276886,0.0,0.09080476313829422,0.3829787234042553,0.6170212765957447,0.09000597149133682,0.08889005333185196,0.09247294813394547,0.08977480977773666,2.053765236122111,0.09251857548952103,0.09251857548952103,4718592,0.09162543714046478,0.08849586546421051,0.09081798791885376,4917,0.0888860821723938,0.09068087488412857,0.1388888888888889,36,0.4722222222222222,0.34615384615384615,36,0.09119322150945663,0.08904100954532623,0.08948279917240143,0.08756734430789948,0.0924922451376915,46,0.13043478260869565,452.0322570800781,1.4197446808510645,0.09222202003002167,0.08756734430789948,26,0.09080173075199127,0.09189163148403168,1.8191489361702127,668.55,0.09016135334968567,0.42857142857142855,14,0.0922882929444313,0.08894648402929306,0.08958468586206436,24.571455501019955,3110,72,-0.002096091384191823,0.022394561767578126,0.9523809523809523,0.0012808129,1e-06,0.7935988903045654,0.09057600051164627,1.0,0.0,9,0.2,0.1,0.9872766733169556,21,0.6840464623179286
24,986,0.09211797267198563,0.09168928861618042,0.0,0.09082388132810593,0.41714285714285715,0.5828571428571429,0.09003043174743652,0.08891207724809647,0.09249837696552277,0.089812271296978,2.0022796205060405,0.09252899140119553,0.09252899140119553,4849664,0.09167134016752243,0.08852043002843857,0.09083667397499084,4916,0.08889833837747574,0.09070118516683578,0.2571428571428571,35,0.16666666666666666,0.3235294117647059,37,0.09121329337358475,0.08906674385070801,0.08949429541826248,0.08758929371833801,0.0925118699669838,38,0.2631578947368421,502.9327392578125,1.4286171428571441,0.0922541469335556,0.08758929371833801,34,0.09083043783903122,0.09190601110458374,2.005714285714286,746.07,0.09018644690513611,0.7333333333333333,15,0.09230959415435791,0.08897032588720322,0.08961023390293121,24.56556302905083,3120,73,-0.002099275478394702,0.022170257568359376,1.0,0.0012741413,1e-06,0.7795472741127014,0.09059935063123703,0.875,0.0,8,0.2,0.1,0.8927562832832336,21,0.6702398261986673
33,1013,0.09213059395551682,0.0917101725935936,0.0,0.09085842221975327,0.3684210526315789,0.631578947368421,0.09007393568754196,0.0889354795217514,0.09251765161752701,0.08982940018177032,2.1533071600762543,0.09253925085067749,0.09253925085067749,4980736,0.09167864918708801,0.0885433480143547,0.09086117893457413,4914,0.08893425017595291,0.09071474522352219,0.075,40,0.3939393939393939,0.2777777777777778,38,0.09123961627483368,0.08910050988197327,0.08951281756162643,0.08761878311634064,0.09253289550542831,52,0.23076923076923078,454.9627380371094,1.4256746411483265,0.09228567779064178,0.08761878311634064,36,0.09084489196538925,0.09192582219839096,2.0574162679425836,682.62,0.09022451192140579,0.5263157894736842,19,0.092328280210495,0.08898080140352249,0.0896405503153801,24.559129139781,3130,77,-0.002189635663671652,0.023339080810546874,1.0,0.0013083848,1e-06,0.7955904006958008,0.09062247723340988,1.0,0.0,12,0.2,0.1,0.7917433381080627,17,0.6142623782390728
26,1040,0.09215421229600906,0.09174516052007675,0.0,0.0908689945936203,0.3609467455621302,0.6390532544378699,0.0900907963514328,0.08896642178297043,0.09254471957683563,0.08985321968793869,2.101732708798448,0.09256011992692947,0.09256288409233093,5111808,0.09169210493564606,0.08858116716146469,0.09089165925979614,4914,0.08896154165267944,0.09073663502931595,0.2558139534883721,43,0.2692307692307692,0.2692307692307692,39,0.0912584513425827,0.08913055807352066,0.08952350914478302,0.08765244483947754,0.09256288409233093,35,0.05714285714285714,473.1700134277344,1.4129467455621312,0.092298723757267,0.08765244483947754,26,0.09087280929088593,0.09196174889802933,2.0118343195266273,699.04,0.09024232625961304,0.7272727272727273,11,0.09234501421451569,0.08900412172079086,0.08964328467845917,24.552757954597475,3140,61,-0.0020908320761009237,0.02153472900390625,0.9473684210526315,0.0012777168,1e-06,0.7806400060653687,0.0906457006931305,0.8888888888888888,0.0,9,0.2,0.1,0.9374275207519531,19,0.7533502349164337
38,1067,0.09216230362653732,0.09176944196224213,0.0,0.09088856726884842,0.43005181347150256,0.5699481865284974,0.09011127799749374,0.0889994353055954,0.09257227927446365,0.0898929089307785,2.1036124327793955,0.09258963167667389,0.09258963167667389,5242880,0.0917143002152443,0.08859614282846451,0.09091053158044815,4912,0.08898232877254486,0.0907716229557991,0.17391304347826086,46,0.5,0.391304347826087,40,0.09129106998443604,0.08913451433181763,0.08954998105764389,0.0876702070236206,0.0925818383693695,38,0.15789473684210525,493.0323181152344,1.4153264248704673,0.0923163965344429,0.0876702070236206,23,0.09089101105928421,0.09198284894227982,1.9378238341968912,729.24,0.09025673568248749,0.6842105263157895,19,0.09236044436693192,0.08902691304683685,0.08965916931629181,24.546541233360767,3150,83,-0.0022187794209457936,0.027043914794921874,0.9375,0.0013761013,1e-06,0.7792986631393433,0.09066727757453918,1.0,0.0,13,0.2,0.1,1.0065909624099731,16,0.6377690319903195
26,1094,0.09219243377447128,0.09179706126451492,0.0,0.09090691804885864,0.3858695652173913,0.6141304347826086,0.09013868123292923,0.089033342897892,0.09260015934705734,0.08991288393735886,2.187419491228233,0.09261104464530945,0.09261104464530945,5373952,0.09173031151294708,0.08860452473163605,0.09094208478927612,4911,0.08899680525064468,0.09079768508672714,0.21621621621621623,37,0.19230769230769232,0.21739130434782608,41,0.09132193773984909,0.0891675353050232,0.0895710363984108,0.0876942053437233,0.09260780364274979,54,0.2222222222222222,459.41143798828125,1.429739130434784,0.0923515260219574,0.0876942053437233,23,0.0909120962023735,0.09199729561805725,2.1467391304347827,681.77,0.09027329087257385,0.8461538461538461,13,0.09240370243787766,0.08904512971639633,0.08970285207033157,24.540099136531353,3160,71,-0.002061904624952149,0.022025299072265626,1.0,0.001249271,1e-06,0.761668860912323,0.09069249033927917,0.9411764705882353,0.0,17,0.2,0.1,0.9647699594497681,14,0.6705895093036816
32,1121,0.09221883118152618,0.09180955588817596,0.0,0.09093834459781647,0.35784313725490197,0.6421568627450981,0.09017244726419449,0.08906000852584839,0.09262694418430328,0.08994071185588837,2.1427266148133817,0.09264594316482544,0.09264594316482544,5505024,0.0917598232626915,0.08864293992519379,0.09096603840589523,4909,0.08901315927505493,0.0908135324716568,0.11627906976744186,43,0.375,0.23809523809523808,42,0.09136192500591278,0.08918282389640808,0.08959271758794785,0.08769886940717697,0.09261652082204819,49,0.24489795918367346,453.1509704589844,1.4178333333333342,0.09236535429954529,0.08769886940717697,42,0.09093130379915237,0.09202142804861069,2.142156862745098,677.17,0.0902847871184349,0.6923076923076923,13,0.09242091327905655,0.08905911445617676,0.08973740041255951,24.533518770337103,3170,73,-0.0022221369397811943,0.024407196044921874,1.0,0.001313304,1e-06,0.7965808510780334,0.09071525186300278,1.0,0.0,9,0.2,0.1,0.8490762710571289,16,0.6243881111731753
29,1148,0.09225867688655853,0.09182801097631454,0.0,0.09096011519432068,0.34554973821989526,0.6544502617801047,0.09020158648490906,0.0890963077545166,0.09264145791530609,0.0899602547287941,2.1465969987876092,0.0926775112748146,0.0926775112748146,5636096,0.09178716689348221,0.08864670991897583,0.09098571538925171,4909,0.08902784436941147,0.09083130955696106,0.20454545454545456,44,0.20689655172413793,0.25925925925925924,43,0.09138277173042297,0.08920783549547195,0.08961527794599533,0.0877414345741272,0.09263942390680313,47,0.14893617021276595,438.90008544921875,1.4192041884816764,0.09238381683826447,0.0877414345741272,27,0.09095150977373123,0.09205006062984467,2.0418848167539267,649.12,0.09031690657138824,0.7142857142857143,14,0.09244456142187119,0.08906928449869156,0.08977114409208298,24.52709131091833,3180,66,-0.002245778853284719,0.023114776611328124,0.8888888888888888,0.0012811803,1e-06,0.8035274744033813,0.09073905646800995,0.9166666666666666,0.0,12,0.2,0.1,1.1171824932098389,18,0.7021670569200069
25,1174,0.09226717054843903,0.09184301644563675,0.0,0.09099945425987244,0.4226190476190476,0.5773809523809523,0.09020988643169403,0.08912602812051773,0.0926767960190773,0.08999577164649963,2.0610201729248625,0.09268999099731445,0.09268999099731445,5767168,0.09181074053049088,0.0886555016040802,0.09100261330604553,4908,0.08905041217803955,0.09085385501384735,0.18181818181818182,33,0.24,0.48717948717948717,44,0.09140226989984512,0.08922891318798065,0.08961974084377289,0.08776618540287018,0.09265103936195374,33,0.21212121212121213,501.4305419921875,1.4272380952380963,0.09240561723709106,0.08776618540287018,39,0.09097545593976974,0.09209492802619934,2.2797619047619047,740.11,0.09034290164709091,0.8181818181818182,11,0.09246093034744263,0.08908743411302567,0.08978921175003052,24.52087322771549,3190,71,-0.0022325295463815563,0.02568511962890625,0.7857142857142857,0.001331185,1e-06,0.7964074611663818,0.0907602310180664,1.0,0.0,13,0.2,0.1,0.8670429587364197,14,0.650986667489633
36,1201,0.09230479598045349,0.09187538921833038,0.0,0.09100938588380814,0.385,0.615,0.0902247428894043,0.08915015310049057,0.09270409494638443,0.09001140296459198,1.9909299793243571,0.09271817654371262,0.09271817654371262,5898240,0.0918552353978157,0.08869266510009766,0.09104263037443161,4907,0.08907714486122131,0.09088550508022308,0.2,50,0.3611111111111111,0.1724137931034483,45,0.09142733365297318,0.0892510861158371,0.08964794129133224,0.08779077231884003,0.09267737716436386,39,0.20512820512820512,447.18475341796875,1.425200000000001,0.09244237095117569,0.08779077231884003,29,0.0910046324133873,0.09211278706789017,1.92,657.91,0.09037971496582031,0.6153846153846154,13,0.09250463545322418,0.08910444378852844,0.08979899436235428,24.514168441295624,3200,77,-0.0020792130692825596,0.02046356201171875,1.0,0.0012663896,1e-06,0.7790875434875488,0.09078773111104965,1.0,0.0,10,0.2,0.1,0.8882378339767456,23,0.605103659373708
23,1228,0.09231386333703995,0.09191151708364487,0.0,0.0910160019993782,0.4022346368715084,0.5977653631284916,0.09024595469236374,0.08917643129825592,0.09274802356958389,0.09001468122005463,2.0755444091131143,0.09273388981819153,0.09274802356958389,6029312,0.09188469499349594,0.08871226757764816,0.0910811498761177,4906,0.08909636735916138,0.09091025590896606,0.25,36,0.34782608695652173,0.2647058823529412,46,0.0914558619260788,0.08927088230848312,0.08965843915939331,0.0878068134188652,0.0927242711186409,42,0.2619047619047619,485.1124267578125,1.4251620111731855,0.09247466921806335,0.0878068134188652,34,0.09104058891534805,0.09214010834693909,2.078212290502793,715.05,0.09038014709949493,0.6521739130434783,23,0.09253889322280884,0.08912569284439087,0.08982890844345093,24.507123166322707,3210,72,-0.0022511641610435617,0.026961517333984376,0.9285714285714286,0.0013708395,1e-06,0.8052041530609131,0.09081161022186279,1.0,0.0,7,0.2,0.1,0.9232190251350403,14,0.6579348566709087
30,1255,0.0923544391989708,0.09194313734769821,0.0,0.09103870391845703,0.4583333333333333,0.5416666666666666,0.09026466310024261,0.08918999135494232,0.09277547150850296,0.09002324193716049,2.019926379885908,0.09275740385055542,0.09277547150850296,6160384,0.09190313518047333,0.08874116837978363,0.09110379964113235,4905,0.08911433815956116,0.09093271195888519,0.1956521739130435,46,0.36666666666666664,0.42857142857142855,47,0.0914718434214592,0.08928937464952469,0.08967721462249756,0.08781813830137253,0.09275028109550476,44,0.36363636363636365,489.3580017089844,1.4165937500000012,0.09249575436115265,0.08781813830137253,28,0.09105146676301956,0.09215625375509262,2.03125,727.57,0.09040182828903198,0.7333333333333333,15,0.09257296472787857,0.08913636207580566,0.08984668552875519,24.501022891700266,3220,88,-0.0020315542463322346,0.020189666748046876,1.0,0.0012521788,1e-06,0.7865630388259888,0.09083241969347,1.0,0.0,11,0.2,0.1,0.8668279647827148,18,0.6163575985701755
22,1282,0.09237273037433624,0.0919753685593605,0.0,0.09105870127677917,0.3675675675675676,0.6324324324324324,0.09031033515930176,0.08922412246465683,0.09278131276369095,0.09004607796669006,2.1715052887072956,0.09278246015310287,0.09278246015310287,6291456,0.09193187206983566,0.08877699822187424,0.09112875908613205,4904,0.08913756906986237,0.0909653753042221,0.13636363636363635,44,0.2727272727272727,0.28125,48,0.09149783849716187,0.089320607483387,0.08971359580755234,0.08783482015132904,0.09278246015310287,47,0.2127659574468085,470.6058654785156,1.4279891891891905,0.09251813590526581,0.08783482015132904,32,0.09107589721679688,0.09220089018344879,2.2378378378378376,697.52,0.09042827785015106,0.7272727272727273,11,0.09258157759904861,0.08914392441511154,0.08986033499240875,24.494632023572922,3230,68,-0.0019752213185711296,0.01818389892578125,1.0,0.0011796313,1e-06,0.7964283227920532,0.09085799753665924,1.0,0.0,13,0.2,0.1,1.032953143119812,16,0.6503779324004426
26,1309,0.09241464734077454,0.09202675521373749,0.0,0.09107634425163269,0.405,0.595,0.09033652395009995,0.08924178034067154,0.0928124338388443,0.09006164968013763,2.0373622910986,0.09281232953071594,0.09282518178224564,6422528,0.09197431057691574,0.08879168331623077,0.09114579856395721,4903,0.08915618807077408,0.09100478142499924,0.2631578947368421,38,0.4230769230769231,0.25,49,0.09151974320411682,0.08933408558368683,0.08973491191864014,0.08787248283624649,0.09282518178224564,51,0.17647058823529413,480.2491760253906,1.424570000000001,0.09254506975412369,0.08787248283624649,36,0.09110236167907715,0.09223483502864838,2.175,704.02,0.09044253826141357,0.5454545454545454,11,0.09259616583585739,0.08917128294706345,0.08988998830318451,24.487399330735208,3240,81,-0.0021910100957938995,0.02532806396484375,0.9523809523809523,0.0013565486,1e-06,0.7839742302894592,0.09088495373725891,0.9411764705882353,0.0,17,0.2,0.1,0.80824214220047,21,0.6439415783621371
27,1336,0.09243012219667435,0.0920630618929863,0.0,0.09110032767057419,0.3463687150837989,0.6536312849162011,0.09038038551807404,0.08926297724246979,0.09281646460294724,0.09009276330471039,2.0584949723687034,0.09284136444330215,0.09284911304712296,6553600,0.0920042097568512,0.08882205188274384,0.09117744117975235,4903,0.08917941898107529,0.09102170914411545,0.15,40,0.3333333333333333,0.3548387096774194,50,0.09153268486261368,0.08936022967100143,0.08975445479154587,0.0878894180059433,0.09284911304712296,43,0.16279069767441862,440.4154357910156,1.434212290502794,0.09258618950843811,0.0878894180059433,31,0.09114108234643936,0.0922577753663063,2.089385474860335,648.53,0.09047294408082962,0.6428571428571429,14,0.09260669350624084,0.08921927958726883,0.08991465717554092,24.480097198486327,3250,62,-0.002174991259289527,0.022823333740234375,0.8666666666666667,0.0012719282,1e-06,0.8121827840805054,0.09091106802225113,0.7777777777777778,0.0,9,0.2,0.1,0.7473820447921753,15,0.6484413953032344
29,1363,0.09245855361223221,0.09208228439092636,0.0,0.09113065153360367,0.4308510638297872,0.5691489361702128,0.090408556163311,0.08928687870502472,0.09283406287431717,0.09012625366449356,2.008086939603213,0.09287887066602707,0.09287887066602707,6684672,0.09201929718255997,0.08883994072675705,0.09118770062923431,4902,0.08919773250818253,0.09104388952255249,0.2972972972972973,37,0.3448275862068966,0.35714285714285715,51,0.09155682474374771,0.08938249200582504,0.08978242427110672,0.08789985626935959,0.09286577999591827,49,0.20408163265306123,486.57867431640625,1.4245851063829797,0.09262244403362274,0.08789985626935959,28,0.09116807579994202,0.09228505939245224,1.9680851063829787,724.01,0.0904848724603653,0.7142857142857143,14,0.09262305498123169,0.08923882991075516,0.08994755893945694,24.47338474690914,3260,81,-0.002221567953347403,0.022216796875,1.0,0.001294526,1e-06,0.7936065793037415,0.09093407541513443,0.9090909090909091,0.0,11,0.2,0.1,0.851059079170227,20,0.6315911479527131
19,1390,0.09249594062566757,0.09210193902254105,0.0,0.09115620702505112,0.4011299435028249,0.5988700564971752,0.09043647348880768,0.08930998295545578,0.09285634756088257,0.09014008194208145,2.0517806094867725,0.09291776269674301,0.09291776269674301,6815744,0.09205199033021927,0.08887086808681488,0.09121059626340866,4902,0.08921661972999573,0.09107543528079987,0.3,50,0.3157894736842105,0.2727272727272727,52,0.09159614890813828,0.08940276503562927,0.08979788422584534,0.08792784810066223,0.09289073944091797,33,0.15151515151515152,474.93988037109375,1.4152994350282495,0.09265021979808807,0.08792784810066223,33,0.09120127558708191,0.09230869263410568,2.248587570621469,701.44,0.09050481021404266,0.6923076923076923,13,0.09263584762811661,0.0892644003033638,0.08999036997556686,24.466553938388824,3270,71,-0.002053234089999023,0.025572967529296876,0.8888888888888888,0.0013273533,1e-06,0.7826838493347168,0.09096044301986694,1.0,0.0,11,0.2,0.1,0.8343181014060974,18,0.6200864662416279
27,1417,0.0925242006778717,0.09210852533578873,0.0,0.09118174761533737,0.43258426966292135,0.5674157303370787,0.09046083688735962,0.08933272957801819,0.09285537898540497,0.0901833027601242,1.9770190242739598,0.09295006841421127,0.09295006841421127,6946816,0.09207365661859512,0.08888225257396698,0.0912504643201828,4902,0.08923637866973877,0.09109748154878616,0.3333333333333333,33,0.3333333333333333,0.35714285714285715,53,0.09162963181734085,0.08943413943052292,0.08980324119329453,0.08794282376766205,0.0929068848490715,39,0.10256410256410256,483.05938720703125,1.428505617977529,0.09269368648529053,0.08794282376766205,28,0.09122564643621445,0.09235652536153793,2.101123595505618,714.73,0.09052826464176178,0.6428571428571429,14,0.0926658883690834,0.0893026739358902,0.09002616256475449,24.459460696578027,3280,77,-0.0022110962984697837,0.02051239013671875,1.0,0.0012540717,1e-06,0.7883967161178589,0.09098609536886215,0.8333333333333334,0.0,18,0.2,0.1,1.0333213806152344,19,0.6393760527251289
20,1443,0.09256963431835175,0.0921495333313942,0.0,0.09119909256696701,0.46153846153846156,0.5384615384615384,0.09048355370759964,0.0893421396613121,0.09287605434656143,0.09021302312612534,1.910770484505926,0.09298080950975418,0.09298080950975418,7077888,0.09209974110126495,0.08889690041542053,0.09128439426422119,4901,0.08926764130592346,0.09110868722200394,0.2631578947368421,38,0.5,0.45161290322580644,54,0.09166299551725388,0.08944880962371826,0.08981867134571075,0.08796519786119461,0.09294512867927551,41,0.12195121951219512,494.2984619140625,1.4287912087912098,0.09271690994501114,0.08796519786119461,31,0.09124798327684402,0.09238731116056442,1.978021978021978,730.65,0.09055999666452408,0.8125,16,0.09269458800554276,0.08933179080486298,0.09004981815814972,24.452302451431752,3290,84,-0.001953855207830202,0.0199737548828125,0.8846153846153846,0.0012473799,1e-06,0.7844321727752686,0.09101201593875885,0.9,0.0,10,0.2,0.1,0.756821870803833,26,0.5904903590446338
23,1470,0.09257775545120239,0.09216974675655365,0.0,0.09121984243392944,0.41621621621621624,0.5837837837837838,0.0904838815331459,0.08936808258295059,0.09289516508579254,0.09023603796958923,2.018222562355704,0.09300457686185837,0.09300457686185837,7208960,0.0921056941151619,0.08892271667718887,0.09131655842065811,4901,0.08929812163114548,0.09113160520792007,0.15555555555555556,45,0.391304347826087,0.41379310344827586,55,0.09167936444282532,0.08947747945785522,0.08985281735658646,0.08797461539506912,0.09296000003814697,39,0.20512820512820512,482.2732849121094,1.428000000000001,0.09274621307849884,0.08797461539506912,29,0.09126454591751099,0.09242227673530579,2.0864864864864865,710.66,0.0905841812491417,0.5882352941176471,17,0.09272324293851852,0.08936730027198792,0.09005245566368103,24.445880189538002,3300,77,-0.0021929807806372993,0.023233795166015626,1.0,0.0013356837,1e-06,0.7928475141525269,0.09103336185216904,0.9166666666666666,0.0,12,0.2,0.1,0.7356608510017395,20,0.5772920720279217
40,1497,0.09261766821146011,0.09218884259462357,0.0,0.09124035388231277,0.40594059405940597,0.594059405940594,0.0905236005783081,0.08939871191978455,0.09293822944164276,0.09025639295578003,2.003587552889115,0.09303518384695053,0.09303518384695053,7340032,0.0921315848827362,0.08894462138414383,0.09134355932474136,4900,0.08932561427354813,0.09113927185535431,0.18604651162790697,43,0.275,0.4074074074074074,56,0.0917067602276802,0.08950188755989075,0.08989080786705017,0.08798927813768387,0.09299712628126144,41,0.17073170731707318,476.14044189453125,1.4224851485148526,0.09277960658073425,0.08798927813768387,27,0.09128685295581818,0.09246505796909332,1.8217821782178218,703.65,0.0906030610203743,0.7142857142857143,14,0.09276040643453598,0.08941201120615005,0.09007551521062851,24.439022412896158,3310,82,-0.002376286749768042,0.028546142578125,0.96,0.0013826201,1e-06,0.7859391570091248,0.09106207638978958,0.9166666666666666,0.0,12,0.2,0.1,0.9055085182189941,25,0.623895445629023
24,1524,0.09265179187059402,0.09219653904438019,0.0,0.09127004444599152,0.3674698795180723,0.6325301204819277,0.09055984020233154,0.08941721171140671,0.09296775609254837,0.09027828276157379,2.0004468928632364,0.09305450320243835,0.09305450320243835,7471104,0.09214583784341812,0.08896558731794357,0.0913650393486023,4900,0.08934669941663742,0.09116624295711517,0.20833333333333334,24,0.20833333333333334,0.23684210526315788,57,0.09171487390995026,0.08953317999839783,0.08992503583431244,0.08801699429750443,0.09302540123462677,40,0.175,448.6728820800781,1.43787951807229,0.09279290586709976,0.08801699429750443,38,0.0913080945611,0.09248489886522293,2.108433734939759,667.31,0.09063594788312912,0.8461538461538461,13,0.09277354180812836,0.0894576907157898,0.09010522812604904,24.43170381933451,3320,61,-0.002110496318891819,0.02518768310546875,0.9411764705882353,0.0013389791,1e-06,0.7873163223266602,0.09108636528253555,0.8,0.0,10,0.2,0.1,1.0210959911346436,17,0.7171505418838933
32,1551,0.09268023073673248,0.09222019463777542,0.0,0.09127829968929291,0.42,0.58,0.09057158976793289,0.0894538089632988,0.0929882600903511,0.09030885249376297,2.041356375464145,0.093080535531044,0.093080535531044,7602176,0.0921817421913147,0.08898890763521194,0.09139251708984375,4899,0.08936776965856552,0.09118900448083878,0.19444444444444445,36,0.28125,0.41379310344827586,58,0.09174282848834991,0.08956368267536163,0.08993614464998245,0.08805849403142929,0.09303966164588928,53,0.24528301886792453,497.1083984375,1.4282800000000009,0.09280223399400711,0.08805849403142929,29,0.09134491533041,0.09248653054237366,1.99,729.01,0.09067314118146896,0.5714285714285714,14,0.0927952229976654,0.08947622030973434,0.09013586491346359,24.425088062882423,3330,84,-0.002223652763859718,0.025196075439453125,0.9523809523809523,0.0013090407,1e-06,0.8002092838287354,0.09111026674509048,1.0,0.0,15,0.2,0.1,0.8605304956436157,21,0.605570387141779
33,1578,0.09270526468753815,0.0922483429312706,0.0,0.09129786491394043,0.425,0.575,0.0906064510345459,0.08948782831430435,0.09300854802131653,0.09033549576997757,2.0938056597531562,0.09311375766992569,0.09311375766992569,7733248,0.09218548238277435,0.08900883048772812,0.09141861647367477,4899,0.08941013365983963,0.09121321141719818,0.2571428571428571,35,0.24242424242424243,0.3103448275862069,59,0.09176373481750488,0.08958523720502853,0.08994635194540024,0.08808775991201401,0.09305637329816818,30,0.3333333333333333,494.8541259765625,1.4233000000000011,0.09283521771430969,0.08808775991201401,29,0.09137456119060516,0.0925205647945404,2.0625,731.78,0.0907033234834671,1.0,11,0.09280943125486374,0.08951017260551453,0.09015340358018875,24.41833414286375,3340,68,-0.002261001427905285,0.0257080078125,1.0,0.0013367592,1e-06,0.7787573337554932,0.0911354348063469,0.9,0.0,10,0.2,0.1,0.7561047673225403,12,0.652502717752941
33,1605,0.0927516296505928,0.09228584915399551,0.0,0.09132403135299683,0.43137254901960786,0.5686274509803921,0.09063698351383209,0.0894930362701416,0.09302911162376404,0.09035582840442657,2.0500920876352464,0.09313740581274033,0.09313740581274033,7864320,0.09219709038734436,0.08902893215417862,0.09146268665790558,4899,0.08944474160671234,0.09124424308538437,0.19047619047619047,42,0.30303030303030304,0.5,60,0.09179093688726425,0.08960818499326706,0.08998298645019531,0.08810007572174072,0.09307438880205154,54,0.2222222222222222,452.7744445800781,1.4383039215686284,0.09284665435552597,0.08810007572174072,28,0.0913977175951004,0.09254306554794312,1.9656862745098038,671.37,0.09072794020175934,0.9444444444444444,18,0.0928344577550888,0.08953758329153061,0.0901825949549675,24.411402946710588,3350,88,-0.0022426083063692205,0.0247467041015625,0.9444444444444444,0.0013043717,1e-06,0.7874535322189331,0.09116072207689285,0.9090909090909091,0.0,11,0.2,0.1,0.977824330329895,18,0.5676996163325384
27,1631,0.09277387708425522,0.09230028092861176,0.0,0.0913415178656578,0.35195530726256985,0.6480446927374302,0.0906403511762619,0.08951890468597412,0.09307301044464111,0.09037498384714127,2.0808297042430763,0.09315324574708939,0.09315324574708939,7995392,0.09223202615976334,0.08906534314155579,0.09148446470499039,4899,0.08946350961923599,0.09126139432191849,0.16216216216216217,37,0.2962962962962963,0.16666666666666666,61,0.09179235249757767,0.08962365239858627,0.09000558406114578,0.08812271803617477,0.09309979528188705,44,0.20454545454545456,464.0707702636719,1.4244916201117328,0.09286680072546005,0.08812271803617477,30,0.09142336994409561,0.09257307648658752,1.9776536312849162,683.84,0.0907604917883873,0.6363636363636364,11,0.09286431968212128,0.08956287801265717,0.09019725769758224,24.40491570085287,3360,63,-0.0020721996704196497,0.022151947021484375,0.9523809523809523,0.001273064,1e-06,0.7759817838668823,0.09118301421403885,0.8888888888888888,0.0,9,0.2,0.1,1.0682486295700073,21,0.7025861145462841
25,1658,0.09279394149780273,0.09231503307819366,0.0,0.09136705845594406,0.3804347826086957,0.6195652173913043,0.09065614640712738,0.08955252170562744,0.09308352321386337,0.09039971977472305,2.0622769995394776,0.09319151192903519,0.09319151192903519,8126464,0.0922665074467659,0.08908090740442276,0.09150957316160202,4899,0.0894932746887207,0.09127651154994965,0.19047619047619047,42,0.36,0.37142857142857144,62,0.09180642664432526,0.08965406566858292,0.09001845866441727,0.08814648538827896,0.0931253656744957,48,0.25,458.07501220703125,1.4138369565217401,0.0928824320435524,0.08814648538827896,35,0.09144926816225052,0.09260309487581253,2.1956521739130435,679.42,0.09079553931951523,0.5,8,0.09289748966693878,0.08959098160266876,0.09022942185401917,24.39851938188076,3370,70,-0.00207793681511248,0.019036865234375,0.9375,0.0012320691,1e-06,0.7931767702102661,0.09120740741491318,0.9,0.0,10,0.2,0.1,0.9166381359100342,16,0.6189095847075805
31,1686,0.09282337129116058,0.09234818071126938,0.0,0.0913817435503006,0.4365482233502538,0.5634517766497462,0.09068717062473297,0.08956633508205414,0.0931115671992302,0.09042055904865265,2.084917687956637,0.09321577847003937,0.09321577847003937,8257536,0.09228774160146713,0.08911466598510742,0.09151501208543777,4897,0.08950631320476532,0.09129076451063156,0.25,32,0.3870967741935484,0.2727272727272727,63,0.09181848913431168,0.08968589454889297,0.0900607481598854,0.08817298710346222,0.09316292405128479,44,0.25,464.2527770996094,1.4362436548223365,0.09292051196098328,0.08817298710346222,44,0.09148584306240082,0.09264213591814041,2.1015228426395938,688.22,0.09083007276058197,0.8823529411764706,17,0.09291481971740723,0.08961441367864609,0.09025544673204422,24.391610278189184,3380,86,-0.0023049150013321196,0.027203369140625,1.0,0.0013566593,1e-06,0.7777823805809021,0.09123333543539047,0.9090909090909091,0.0,11,0.2,0.1,0.8150027990341187,18,0.6448346738237888
29,1713,0.09283669292926788,0.09239332377910614,0.0,0.09139547497034073,0.36363636363636365,0.6363636363636364,0.09071818739175797,0.08958965539932251,0.09314542263746262,0.09045006334781647,2.1378989995044617,0.09324359148740768,0.09324359148740768,8388608,0.09231454133987427,0.08914414048194885,0.09153159707784653,4896,0.0895201563835144,0.09132842719554901,0.20930232558139536,43,0.3448275862068966,0.24242424242424243,64,0.09183119237422943,0.0897015929222107,0.09008404612541199,0.08820290863513947,0.09319979697465897,35,0.17142857142857143,443.0255432128906,1.4092159090909102,0.09294142574071884,0.08820290863513947,33,0.09151078015565872,0.09267152100801468,2.210227272727273,658.83,0.09085961431264877,0.875,8,0.09294044971466064,0.08963517099618912,0.09027149528265,24.384626105427742,3390,64,-0.0021723742514950573,0.02319183349609375,0.9333333333333333,0.0012973511,1e-06,0.7943357229232788,0.0912584438920021,0.7692307692307693,0.0,13,0.2,0.1,0.9423463344573975,15,0.7060186530463397
36,1740,0.09286637604236603,0.09244459867477417,0.0,0.09140857309103012,0.415,0.585,0.09074477106332779,0.0896260216832161,0.09318269789218903,0.09047658741474152,2.0418045154289435,0.09329119324684143,0.09329119324684143,8519680,0.09235154837369919,0.08917982876300812,0.09155924618244171,4896,0.089542917907238,0.09136737138032913,0.22807017543859648,57,0.3888888888888889,0.19230769230769232,65,0.09185461699962616,0.08973310142755508,0.09010200202465057,0.08821707963943481,0.09321148693561554,38,0.34210526315789475,499.9825134277344,1.422550000000001,0.0929591953754425,0.08821707963943481,26,0.09153985977172852,0.0927095115184784,1.96,736.33,0.09088277816772461,0.8,15,0.09296225756406784,0.08965015411376953,0.09027411043643951,24.377507980167866,3400,83,-0.00221597689196642,0.020990753173828126,0.9473684210526315,0.0012604678,1e-06,0.8087019324302673,0.09128551185131073,0.8888888888888888,0.0,9,0.2,0.1,0.7863525152206421,19,0.6015549421077594
23,1766,0.09288300573825836,0.09246741980314255,0.0,0.09143693000078201,0.45625,0.54375,0.09074433147907257,0.0896245688199997,0.09320840239524841,0.09050635248422623,2.0398472545688113,0.09331279993057251,0.09331279993057251,8650752,0.09237650036811829,0.08920211344957352,0.09158249944448471,4896,0.08956874907016754,0.09141241014003754,0.2222222222222222,27,0.34782608695652173,0.25,66,0.09189169853925705,0.08976969122886658,0.09012643247842789,0.08824098110198975,0.0932348296046257,38,0.2631578947368421,505.0118408203125,1.4324500000000011,0.09296644479036331,0.08824098110198975,28,0.09157928824424744,0.09273440390825272,2.05625,742.38,0.09091615676879883,0.8461538461538461,13,0.09298446774482727,0.08968375623226166,0.09030083566904068,24.370368187129497,3410,73,-0.002254145544520725,0.027236175537109376,1.0,0.001368098,1e-06,0.7756735682487488,0.09131019562482834,1.0,0.0,13,0.2,0.1,0.7896219491958618,18,0.6583792487625033
24,1793,0.09291326999664307,0.09249638766050339,0.0,0.09144935756921768,0.42473118279569894,0.5752688172043011,0.09074842184782028,0.08966051787137985,0.09322357922792435,0.09052949398756027,2.01633979727172,0.09333958476781845,0.09333958476781845,8781824,0.09239832311868668,0.08923164010047913,0.09161294251680374,4895,0.08960393071174622,0.09144126623868942,0.09302325581395349,43,0.2916666666666667,0.40540540540540543,67,0.09191036969423294,0.08978885412216187,0.09015800058841705,0.08826328068971634,0.09324218332767487,41,0.4634146341463415,488.2886657714844,1.41825806451613,0.09296666830778122,0.08826328068971634,37,0.09161099791526794,0.09275585412979126,2.161290322580645,719.69,0.09093763679265976,0.5,12,0.09302661567926407,0.0897156223654747,0.09032340347766876,24.36373097449541,3420,79,-0.0022742340491276993,0.024941253662109374,0.9473684210526315,0.0013545987,1e-06,0.796558678150177,0.09133391827344894,1.0,0.0,10,0.2,0.1,0.7253408432006836,19,0.5718318470753729
31,1820,0.09293074160814285,0.09251487255096436,0.0,0.09145881980657578,0.41450777202072536,0.5854922279792746,0.09077724814414978,0.08970606327056885,0.09325478971004486,0.0905522033572197,2.037634722838844,0.09336749464273453,0.09336749464273453,8912896,0.09243334084749222,0.08925333619117737,0.09162440896034241,4894,0.08963561803102493,0.09146887063980103,0.2708333333333333,48,0.3548387096774194,0.3333333333333333,68,0.09194152057170868,0.08980267494916916,0.09017614275217056,0.08827744424343109,0.09327518194913864,48,0.2916666666666667,460.7445373535156,1.416818652849742,0.09299156814813614,0.08827744424343109,30,0.09163259714841843,0.0927916169166565,2.1968911917098444,679.17,0.09096229076385498,0.6363636363636364,11,0.09305323660373688,0.0897437110543251,0.09034466743469238,24.357114367187023,3430,80,-0.0021742306378655487,0.02480621337890625,1.0,0.0013357165,1e-06,0.792235791683197,0.09135881066322327,1.0,0.0,13,0.2,0.1,0.9405933618545532,12,0.6349361629923805
30,1847,0.09295602887868881,0.09255466610193253,0.0,0.09148769825696945,0.4634146341463415,0.5365853658536586,0.09081792086362839,0.08972370624542236,0.09328009188175201,0.09057051688432693,2.0272163204686717,0.09337136894464493,0.09337136894464493,9043968,0.09247005730867386,0.08928845822811127,0.09163926541805267,4894,0.08965247869491577,0.09149134159088135,0.24242424242424243,33,0.4,0.5454545454545454,69,0.09195021539926529,0.0898321270942688,0.09020091593265533,0.0883047878742218,0.09331422299146652,39,0.23076923076923078,496.74200439453125,1.4093048780487814,0.09303094446659088,0.0883047878742218,22,0.0916597843170166,0.0928170457482338,1.9573170731707317,738.4,0.09098365157842636,0.7333333333333333,15,0.09306861460208893,0.08975954353809357,0.09036948531866074,24.350306110084055,3440,76,-0.0021517025808861943,0.0224090576171875,0.9285714285714286,0.0012752835,1e-06,0.7949419021606445,0.09138379991054535,1.0,0.0,11,0.2,0.1,0.8917635083198547,14,0.6514584976946936
31,1874,0.09298671036958694,0.09257370978593826,0.0,0.09151649475097656,0.4869109947643979,0.5130890052356021,0.09084449708461761,0.08975391834974289,0.09330923110246658,0.09059468656778336,1.8684556106967667,0.09339552372694016,0.09339552372694016,9175040,0.09249052405357361,0.08931123465299606,0.09167827665805817,4893,0.08968270570039749,0.09151158481836319,0.25,36,0.41935483870967744,0.42424242424242425,70,0.09195674955844879,0.08985652029514313,0.09023092687129974,0.08832516521215439,0.09333313256502151,41,0.3170731707317073,517.389404296875,1.4367120418848176,0.09306356310844421,0.08832516521215439,33,0.09167781472206116,0.0928427204489708,1.87434554973822,756.83,0.09099248051643372,0.6153846153846154,13,0.09308632463216782,0.08978287875652313,0.0903942883014679,24.343588702380657,3450,93,-0.002121861144405557,0.02046356201171875,1.0,0.0012431678,1e-06,0.7805183529853821,0.0914076715707779,0.9,0.0,10,0.2,0.1,0.6544790267944336,27,0.5695164431352169
24,1901,0.09301543980836868,0.09260164201259613,0.0,0.0915469154715538,0.43352601156069365,0.5664739884393064,0.09087787568569183,0.08977846801280975,0.093335822224617,0.09060022979974747,2.01968231241452,0.09342490136623383,0.09342490136623383,9306112,0.09251345694065094,0.08931534737348557,0.09171508997678757,4894,0.08970808982849121,0.09153512865304947,0.17647058823529413,34,0.2916666666666667,0.4722222222222222,71,0.09197613596916199,0.0898752436041832,0.09024589508771896,0.08835756033658981,0.09335610270500183,34,0.17647058823529413,485.64910888671875,1.4188092485549144,0.09310519695281982,0.08835756033658981,36,0.09170089662075043,0.09288192540407181,2.179190751445087,718.16,0.0910080149769783,0.6666666666666666,15,0.09310605376958847,0.08980520814657211,0.09042014926671982,24.336986856162547,3460,75,-0.002238527273857471,0.02438201904296875,0.9411764705882353,0.00130525,1e-06,0.795012354850769,0.09143227338790894,1.0,0.0,13,0.2,0.1,0.9297734498977661,17,0.5835620674537495
27,1928,0.09304989129304886,0.09262362867593765,0.0,0.09156420081853867,0.5294117647058824,0.47058823529411764,0.09089422225952148,0.08980083465576172,0.09336571395397186,0.09062431752681732,1.9533592648058067,0.0934424102306366,0.0934424102306366,9437184,0.09252841770648956,0.08932465314865112,0.09174656122922897,4893,0.08972722291946411,0.09154868125915527,0.3333333333333333,30,0.48148148148148145,0.47619047619047616,72,0.09200651198625565,0.0898822769522667,0.0902814269065857,0.08838669955730438,0.0933757796883583,33,0.18181818181818182,550.7753295898438,1.4313529411764716,0.0931558832526207,0.08838669955730438,21,0.0917254388332367,0.09290989488363266,1.9588235294117646,805.79,0.09103412181138992,0.6842105263157895,19,0.09312097728252411,0.08984193205833435,0.09046369045972824,24.330210261046886,3470,90,-0.0021029618784268677,0.02303924560546875,0.9523809523809523,0.0012869171,1e-06,0.7890675067901611,0.09145700931549072,0.9473684210526315,0.0,19,0.2,0.1,0.8871272206306458,21,0.5747325242031366
17,1955,0.09307043254375458,0.0926523432135582,0.0,0.09156690537929535,0.4228571428571429,0.5771428571428572,0.09092731773853302,0.08982902020215988,0.09338252246379852,0.09065286815166473,2.0404484864174153,0.09348089247941971,0.09348089247941971,9568256,0.09255588054656982,0.08933909237384796,0.09176670759916306,4893,0.08976177871227264,0.09156355261802673,0.22857142857142856,35,0.35294117647058826,0.3055555555555556,73,0.09201131761074066,0.08990608900785446,0.09032607823610306,0.08840307593345642,0.09341441094875336,39,0.20512820512820512,495.20648193359375,1.423680000000001,0.09318166971206665,0.08840307593345642,36,0.09175347536802292,0.09294714033603668,2.2,727.51,0.09106208384037018,0.45454545454545453,11,0.09314961731433868,0.08986978232860565,0.09050474315881729,24.323308025300502,3480,74,-0.0023319792724578294,0.024422454833984374,1.0,0.0013303873,1e-06,0.7775756120681763,0.09148315340280533,0.9285714285714286,0.0,14,0.2,0.1,0.615045428276062,23,0.5202107809251174
29,1982,0.0930987074971199,0.09268268197774887,0.0,0.09157885611057281,0.4607329842931937,0.5392670157068062,0.09094154089689255,0.0898609384894371,0.0934298038482666,0.09067026525735855,2.0001215830865267,0.09350840002298355,0.09350840002298355,9699328,0.0925745740532875,0.0893685594201088,0.09178618341684341,4893,0.08979475498199463,0.09159287065267563,0.18181818181818182,44,0.4482758620689655,0.5925925925925926,74,0.09203661233186722,0.08993213623762131,0.09035336971282959,0.08842489868402481,0.09343557059764862,40,0.2,516.9180297851562,1.4353612565445035,0.09322798252105713,0.08842489868402481,27,0.0917685478925705,0.09296602755784988,2.1518324607329844,760.22,0.0910804346203804,0.6470588235294118,17,0.09316976368427277,0.08990267664194107,0.09053891152143478,24.316188190877437,3490,88,-0.0022070985678510624,0.02230682373046875,0.875,0.0012578212,1e-06,0.7700716257095337,0.09150899946689606,1.0,0.0,18,0.2,0.1,0.9121814370155334,16,0.637895438191481
16,2009,0.09312305599451065,0.09269595891237259,0.0,0.09161090850830078,0.3791208791208791,0.6208791208791209,0.0909595787525177,0.08988317847251892,0.09345125406980515,0.09070345759391785,2.188004051560811,0.09353402256965637,0.09353402256965637,9830400,0.09260696172714233,0.0893937274813652,0.09181398153305054,4892,0.08982247859239578,0.09162908792495728,0.2222222222222222,45,0.375,0.2413793103448276,75,0.09206070750951767,0.08995115011930466,0.09037454426288605,0.088435098528862,0.09348169714212418,53,0.24528301886792453,447.9375305175781,1.4255274725274736,0.09324570000171661,0.088435098528862,29,0.09179817885160446,0.09299734979867935,2.1758241758241756,660.51,0.09112104773521423,0.6666666666666666,15,0.09319302439689636,0.08994030207395554,0.09058047086000443,24.30891847461462,3500,69,-0.0021449527373079034,0.025066375732421875,0.9375,0.0013224785,1e-06,0.7678673267364502,0.0915362685918808,1.0,0.0,8,0.2,0.1,1.0590426921844482,16,0.6536794458515942
26,2035,0.09314519912004471,0.09271925687789917,0.0,0.09162906557321548,0.46285714285714286,0.5371428571428571,0.09097202122211456,0.08987895399332047,0.09347855299711227,0.09072813391685486,2.0165814658335712,0.09354858100414276,0.09354858100414276,9961472,0.0926232784986496,0.0894121453166008,0.09184445440769196,4892,0.08984304219484329,0.09165371209383011,0.19444444444444445,36,0.34615384615384615,0.42857142857142855,76,0.0920964702963829,0.08999062329530716,0.09041076898574829,0.08844931423664093,0.09350202232599258,35,0.2571428571428571,532.93896484375,1.412320000000001,0.09327295422554016,0.08844931423664093,28,0.09183468669652939,0.09301679581403732,2.057142857142857,780.35,0.091140016913414,0.6666666666666666,15,0.09323427826166153,0.08997154980897903,0.0906062126159668,24.301943635940553,3510,81,-0.002231230129928008,0.02439422607421875,1.0,0.0013191197,1e-06,0.770828127861023,0.09156008809804916,0.9333333333333333,0.0,15,0.2,0.1,0.8600121736526489,20,0.6792086976347491
31,2062,0.09318367391824722,0.0927523598074913,0.0,0.0916556566953659,0.4072164948453608,0.5927835051546392,0.09099090099334717,0.08990250527858734,0.09350503236055374,0.0907539650797844,2.040334803793267,0.09356825798749924,0.09356825798749924,10092544,0.09262964129447937,0.08945196866989136,0.09187965095043182,4892,0.0898696780204773,0.09167984873056412,0.17777777777777778,45,0.4838709677419355,0.36363636363636365,77,0.09212005138397217,0.09001199156045914,0.09044086933135986,0.088487908244133,0.09351443499326706,48,0.1875,488.18218994140625,1.4200824742268052,0.09329691529273987,0.088487908244133,33,0.09186083823442459,0.09304847568273544,2.0412371134020617,717.77,0.09116992354393005,0.8571428571428571,14,0.09326433390378952,0.09000394493341446,0.09064387530088425,24.294949930906295,3520,79,-0.002277406943267124,0.022380828857421875,1.0,0.0013065588,1e-06,0.7826354503631592,0.09158746153116226,1.0,0.0,7,0.2,0.1,0.8581489324569702,16,0.5941436746390536
