time/total_timesteps,time/time_elapsed,time/fps,rollout/ep_len_mean,rollout/ep_rew_mean,time/iterations,train/value_loss,train/policy_gradient_loss,train/clip_range,train/loss,train/clip_range_vf,train/learning_rate,train/explained_variance,train/std,train/n_updates,train/clip_fraction,train/entropy_loss,train/approx_kl
131072,31,4161,332.0689655172414,12.398892402648926,1,,,,,,,,,,,,
262144,81,3224,1000.0,45.264217376708984,2,0.1677865915640723,-0.003199508295756459,0.1,0.7225002646446228,0.2,5e-06,0.8770821690559387,0.14840903878211975,1740,0.06288833618164062,11.784943204373121,0.0019033807
393216,130,3008,811.23,35.874263763427734,3,1.257551532657817,-0.002247702448767086,0.1,2.1427063941955566,0.2,5e-06,0.4739588499069214,0.14911556243896484,1750,0.06917190551757812,11.673363077640534,0.0020359254
524288,181,2883,996.9,45.19586944580078,4,0.269361500069499,-0.0028547665094492912,0.1,0.798570454120636,0.2,5e-06,0.8132477402687073,0.14981909096240997,1760,0.07231292724609376,11.560818365961314,0.002072719
655360,232,2822,888.07,39.939292907714844,5,1.1723588010296226,-0.002207180641198647,0.1,1.9897164106369019,0.2,5e-06,0.4664405584335327,0.15052026510238647,1770,0.07125701904296874,11.447825288027525,0.002111312
786432,283,2777,977.79,44.2786979675293,6,0.4179370714002289,-0.0022904379643932772,0.1,1.0870376825332642,0.2,5e-06,0.6791080236434937,0.15122094750404358,1780,0.0724639892578125,11.33675254508853,0.002109238
917504,334,2743,796.67,35.22946548461914,7,1.0523448336403818,-0.0023853555975847486,0.1,1.543839693069458,0.2,5e-06,0.581688404083252,0.15190215408802032,1790,0.0658935546875,11.22678192332387,0.0019614564
1048576,385,2718,989.73,44.7009162902832,8,0.4961678070132621,-0.0023735246318665306,0.1,0.9528546333312988,0.2,5e-06,0.7189991474151611,0.1526252031326294,1800,0.0696502685546875,11.115666859596967,0.0020958488
1179648,437,2696,847.38,37.81513977050781,9,0.9961588862352073,-0.0022849289019632123,0.1,1.4814724922180176,0.2,5e-06,0.5357215404510498,0.15334291756153107,1810,0.06839828491210938,11.002219257503748,0.0020706304
1310720,489,2679,969.67,43.80998611450195,10,0.579057845287025,-0.0024240099342023314,0.1,1.0171149969100952,0.2,5e-06,0.6023937463760376,0.1540517807006836,1820,0.074835205078125,10.891033504158258,0.0021913345
1441792,541,2663,905.02,40.7272834777832,11,0.98067284245044,-0.0021196535681156092,0.1,1.5760438442230225,0.2,5e-06,0.4707593321800232,0.1547643095254898,1830,0.06640625,10.7800741776824,0.002022651
1572864,592,2653,984.09,44.8402214050293,12,0.6094908245140687,-0.002200899749277596,0.1,1.4465184211730957,0.2,5e-06,0.557453453540802,0.15547044575214386,1840,0.07648696899414062,10.67040286809206,0.0022853948
1703936,643,2646,879.19,39.3930778503418,13,0.9763339226599783,-0.00209499793490977,0.1,1.164588451385498,0.2,5e-06,0.4187996983528137,0.1561874896287918,1850,0.06502227783203125,10.560288951545953,0.0019871457
1835008,694,2641,947.04,43.10930633544922,14,0.6306043905438855,-0.002182949242887844,0.1,1.1451194286346436,0.2,5e-06,0.6574373841285706,0.15688925981521606,1860,0.06823883056640626,10.451629759371281,0.0020718337
1966080,745,2636,937.15,42.395423889160156,15,0.8999406017828733,-0.0024155102220902334,0.1,1.4281132221221924,0.2,5e-06,0.4790394902229309,0.15764525532722473,1870,0.07299041748046875,10.33943490087986,0.0021680773
2097152,796,2632,946.28,42.570926666259766,16,0.7028652739711105,-0.0020337955434342803,0.1,1.1510734558105469,0.2,5e-06,0.44577568769454956,0.1583595871925354,1880,0.07240371704101563,10.228137056529523,0.0021719693
2228224,847,2630,904.11,40.4700813293457,17,0.9097421445883811,-0.0021377010370997596,0.1,1.2296299934387207,0.2,5e-06,0.5231010317802429,0.15907511115074158,1890,0.06643600463867187,10.119721908867358,0.0020176228
2359296,898,2626,942.48,42.425621032714844,18,0.6498433240456507,-0.0024928612605435775,0.1,0.9749589562416077,0.2,5e-06,0.5819845199584961,0.15980744361877441,1900,0.08051071166992188,10.010455200821161,0.002259016
2490368,949,2622,912.47,41.13223648071289,19,0.8751199043355882,-0.0024659360208715954,0.1,1.2357053756713867,0.2,5e-06,0.5204797983169556,0.16055601835250854,1910,0.07730484008789062,9.89913038611412,0.0021570283
2621440,1000,2620,949.95,43.038455963134766,20,0.684677695017308,-0.0024009232820844774,0.1,1.1833102703094482,0.2,5e-06,0.5129139423370361,0.16131435334682465,1920,0.07345428466796874,9.78649673461914,0.0021429807
2752512,1050,2619,937.33,42.464420318603516,21,0.9115471778437495,-0.002411740363459103,0.1,1.504949688911438,0.2,5e-06,0.4155348539352417,0.16207052767276764,1930,0.07393646240234375,9.673702164739371,0.0021339061
2883584,1101,2617,975.55,44.506553649902344,22,0.6894552840152756,-0.0023444410805041117,0.1,1.1553351879119873,0.2,5e-06,0.5105118751525879,0.1627998650074005,1940,0.07518768310546875,9.564065755903721,0.0021988
3014656,1152,2615,927.54,41.979976654052734,23,0.8656844237819314,-0.002393979639327881,0.1,1.1635053157806396,0.2,5e-06,0.4548896551132202,0.16356833279132843,1950,0.07503280639648438,9.453221487998963,0.0022399332
3145728,1203,2613,967.28,43.89493179321289,24,0.6981917097000405,-0.0023318080243370787,0.1,1.1637802124023438,0.2,5e-06,0.5165762305259705,0.1643274575471878,1960,0.07521209716796876,9.34167972356081,0.0022122213
3276800,1254,2612,933.08,42.64653396606445,25,0.8871996663510799,-0.002166613966028308,0.1,1.1872695684432983,0.2,5e-06,0.39975643157958984,0.16508664190769196,1970,0.06868667602539062,9.230671822279692,0.0021174597
3407872,1305,2611,937.85,42.51155090332031,26,0.7036893222015351,-0.0023702300055447267,0.1,1.299322485923767,0.2,5e-06,0.5590009689331055,0.1658499389886856,1980,0.07537994384765626,9.120039318501949,0.0021594604
3538944,1355,2609,939.46,42.820098876953125,27,0.873473679390736,-0.0023887682317308644,0.1,1.1670113801956177,0.2,5e-06,0.5093015432357788,0.16659455001354218,1990,0.07358322143554688,9.010891807079314,0.0021702787
3670016,1406,2608,979.63,44.74345397949219,28,0.7051824976224452,-0.0024161833994639894,0.1,1.173316240310669,0.2,5e-06,0.4280325174331665,0.16737757623195648,2000,0.07682876586914063,8.900636464357376,0.00218209
3801088,1457,2607,968.71,44.302276611328125,29,0.9076252406695857,-0.0022251795631291317,0.1,1.3375014066696167,0.2,5e-06,0.35094863176345825,0.16815640032291412,2010,0.07342910766601562,8.788527953624726,0.002076192
3932160,1508,2606,936.09,42.715633392333984,30,0.7315298981964589,-0.0022439129413214685,0.1,0.9868646860122681,0.2,5e-06,0.3482856750488281,0.1689419001340866,2020,0.07195816040039063,8.677276791632176,0.0021250322
4063232,1559,2606,948.7,43.49330139160156,31,0.87187983347103,-0.002194760398560902,0.1,1.0178406238555908,0.2,5e-06,0.4490712285041809,0.1697356104850769,2030,0.07043609619140626,8.565010563284158,0.0021187519
4194304,1609,2605,948.54,43.179710388183594,32,0.7348961724434048,-0.002409075332070643,0.1,1.2033370733261108,0.2,5e-06,0.44600504636764526,0.1705273538827896,2040,0.07237701416015625,8.45305169224739,0.0021694903
4325376,1660,2605,954.74,43.73067855834961,33,0.8606897338991985,-0.0021958183124297648,0.1,1.1778790950775146,0.2,5e-06,0.4514937996864319,0.17132054269313812,2050,0.06515426635742187,8.34151554852724,0.0020063291
4456448,1711,2604,951.51,43.37336730957031,34,0.7205110175069421,-0.0024706278412850225,0.1,1.401633620262146,0.2,5e-06,0.38912349939346313,0.17212407290935516,2060,0.08058395385742187,8.229489000886678,0.002269778
4587520,1761,2603,889.04,40.87016296386719,35,0.9121072156354785,-0.0023469575920898934,0.1,1.0380808115005493,0.2,5e-06,0.43180572986602783,0.17293931543827057,2070,0.07079086303710938,8.116443116962909,0.0021215337
4718592,1812,2603,946.5,43.550350189208984,36,0.7311429556226358,-0.002115210839519932,0.1,1.0186097621917725,0.2,5e-06,0.5647951364517212,0.1737285852432251,2080,0.063330078125,8.005547712370753,0.002011423
4849664,1862,2603,938.84,43.01665115356445,37,0.838794264337048,-0.00254497429091316,0.1,1.1741228103637695,0.2,5e-06,0.41470271348953247,0.17455460131168365,2090,0.07747268676757812,7.893744510039687,0.0021512825
4980736,1913,2603,956.97,43.680267333984375,38,0.8104575232835487,-0.002380121528858581,0.1,1.1276344060897827,0.2,5e-06,0.4852091073989868,0.17535336315631866,2100,0.073529052734375,7.782098273560405,0.00215696
5111808,1964,2602,959.23,43.77146911621094,39,0.7605534724192694,-0.0023722224322227704,0.1,1.0310378074645996,0.2,5e-06,0.4619531035423279,0.17618019878864288,2110,0.07478713989257812,7.670786071941256,0.0021857116
5242880,2014,2602,952.91,43.58429718017578,40,0.8298342540860176,-0.0020636711382394425,0.1,1.227507472038269,0.2,5e-06,0.3954615592956543,0.17698611319065094,2120,0.06791763305664063,7.559855940937996,0.0020557947
5373952,2065,2602,958.18,43.846134185791016,41,0.7681588154984638,-0.0023304314855522533,0.1,1.3016984462738037,0.2,5e-06,0.4553309679031372,0.17782707512378693,2130,0.0681121826171875,7.448127934336663,0.0021104524
5505024,2116,2601,949.08,43.76328659057617,42,0.8216085074236616,-0.0023760627468618623,0.1,1.16942298412323,0.2,5e-06,0.5072579383850098,0.17863506078720093,2140,0.07158737182617188,7.336793778836727,0.0021153863
5636096,2166,2601,955.7,43.6998405456543,43,0.7750072296243161,-0.002338797003039872,0.1,1.1355918645858765,0.2,5e-06,0.4591944217681885,0.17948810756206512,2150,0.07117691040039062,7.22495082244277,0.002121841
5767168,2217,2600,954.1,43.778839111328125,44,0.8435256222030147,-0.002148932623094879,0.1,1.0950794219970703,0.2,5e-06,0.42767149209976196,0.18031840026378632,2160,0.06783905029296874,7.112518687546253,0.0020415513
5898240,2268,2600,963.53,44.33536148071289,45,0.7224186173640191,-0.00238181040569998,0.1,1.068962812423706,0.2,5e-06,0.41298699378967285,0.1811491698026657,2170,0.07729034423828125,7.0019685830920935,0.0022523012
6029312,2318,2600,938.51,43.273006439208984,46,0.8807187241734937,-0.002329777451723203,0.1,1.1509253978729248,0.2,5e-06,0.30112600326538086,0.1819889098405838,2180,0.07573928833007812,6.891191482543945,0.0021796355
6160384,2369,2600,957.07,44.35050964355469,47,0.7581017320742831,-0.002297587617977115,0.1,1.2325307130813599,0.2,5e-06,0.36960452795028687,0.1828373819589615,2190,0.07423477172851563,6.780130214616657,0.0021616486
6291456,2419,2600,940.92,43.389122009277344,48,0.8652292908169329,-0.0022871543301334896,0.1,1.055251121520996,0.2,5e-06,0.44881147146224976,0.1836952567100525,2200,0.0700897216796875,6.668089402467013,0.0020871507
6422528,2470,2600,987.11,45.918556213378906,49,0.7712993664201349,-0.002366247877898786,0.1,0.9695264101028442,0.2,5e-06,0.4262685775756836,0.18455640971660614,2210,0.07429351806640624,6.555867048352956,0.002167494
6553600,2520,2600,975.22,45.051944732666016,50,0.8465148942545057,-0.0023502973118866067,0.1,0.9208292961120605,0.2,5e-06,0.3076619505882263,0.18543332815170288,2220,0.07392807006835937,6.442722725495696,0.0022104336
6684672,2570,2600,959.07,44.46292495727539,51,0.7906174225499853,-0.0021116209729370892,0.1,1.2683277130126953,0.2,5e-06,0.3569740056991577,0.18630068004131317,2230,0.06724624633789063,6.330082335695624,0.0020907116
6815744,2621,2599,958.4,44.21583938598633,52,0.8608573159435764,-0.002108017980299337,0.1,1.1590049266815186,0.2,5e-06,0.3862319588661194,0.187169149518013,2240,0.0654022216796875,6.21805437207222,0.002088955
6946816,2671,2600,959.58,44.28664016723633,53,0.753601556434296,-0.0025560992764440014,0.1,1.1997601985931396,0.2,5e-06,0.44080138206481934,0.18804527819156647,2250,0.0797943115234375,6.10633986480534,0.0022843997
7077888,2722,2600,973.33,45.36805725097656,54,0.8673080639448016,-0.0022980847471444576,0.1,1.3880618810653687,0.2,5e-06,0.4101583957672119,0.18889941275119781,2260,0.0693572998046875,5.996069340035319,0.0021145577
7208960,2772,2599,986.53,45.922813415527344,55,0.7576424723723904,-0.002314875372303504,0.1,1.1430060863494873,0.2,5e-06,0.33298611640930176,0.1898127794265747,2270,0.0727447509765625,5.88334944024682,0.0021187528
7340032,2823,2599,933.32,43.07285690307617,56,0.8699214417953044,-0.0021470645205226902,0.1,1.0130584239959717,0.2,5e-06,0.31030571460723877,0.19070707261562347,2280,0.06721954345703125,5.769300033524632,0.0020946488
7471104,2873,2599,921.82,42.60989761352539,57,0.810202072467655,-0.0022122123137705784,0.1,1.0612558126449585,0.2,5e-06,0.5051209926605225,0.19157928228378296,2290,0.06725616455078125,5.658317833766342,0.0020884008
7602176,2924,2599,972.58,45.21063995361328,58,0.8456969782011583,-0.0021439144971282078,0.1,0.9542436599731445,0.2,5e-06,0.47948020696640015,0.19245679676532745,2300,0.06418838500976562,5.548671351745725,0.0020345533
7733248,2974,2599,942.52,43.53096008300781,59,0.7712606175104156,-0.002019544914492144,0.1,1.1485462188720703,0.2,5e-06,0.34612876176834106,0.1933179348707199,2310,0.06550140380859375,5.4403631899505855,0.0020617652
7864320,3025,2599,964.97,45.083831787109375,60,0.8886091755935922,-0.00228268163004941,0.1,1.1681309938430786,0.2,5e-06,0.4167267680168152,0.19422046840190887,2320,0.07359542846679687,5.330469086021185,0.0021163626
7995392,3075,2599,983.2,45.95329284667969,61,0.7492370814317837,-0.002385798389059346,0.1,0.6143823862075806,0.2,5e-06,0.2943488359451294,0.19513696432113647,2330,0.07898025512695313,5.218248774111271,0.0022887136
8126464,3126,2599,963.76,44.77586364746094,62,0.9148605208378285,-0.0022254263833929146,0.1,1.073798656463623,0.2,5e-06,0.34228450059890747,0.1960504651069641,2340,0.0678436279296875,5.105727100372315,0.0020713184
8257536,3176,2599,973.47,45.60566329956055,63,0.729924569814466,-0.0023974927345079776,0.1,0.7847045063972473,0.2,5e-06,0.33036530017852783,0.19697780907154083,2350,0.07915573120117188,4.993064120039344,0.0022603278
8388608,3227,2599,972.45,45.485557556152344,64,0.9238555235788226,-0.0022207897114185473,0.1,1.2469892501831055,0.2,5e-06,0.27401357889175415,0.19789539277553558,2360,0.06606216430664062,4.880922027304768,0.0020734747
8519680,3277,2599,982.74,45.925750732421875,65,0.7302302209893241,-0.002282675638434739,0.1,0.9681519865989685,0.2,5e-06,0.3745654225349426,0.19881759583950043,2370,0.07331619262695313,4.769329859316349,0.0022054748
8650752,3327,2599,963.57,44.8817024230957,66,0.9251581464894116,-0.0021121617811786565,0.1,1.0132644176483154,0.2,5e-06,0.22906088829040527,0.19971871376037598,2380,0.06648483276367187,4.6592845596373085,0.0021110256
8781824,3378,2599,974.37,45.509273529052734,67,0.7615122663555667,-0.0023552043131076063,0.1,0.7958159446716309,0.2,5e-06,0.3561640977859497,0.20065365731716156,2390,0.06987152099609376,4.548787782713771,0.0021174531
8912896,3429,2599,964.12,45.2812385559082,68,0.8953206141013652,-0.0023518269451415106,0.1,1.245694875717163,0.2,5e-06,0.31585758924484253,0.20158517360687256,2400,0.07478561401367187,4.437130860239267,0.0022058585
9043968,3479,2599,955.65,44.686767578125,69,0.7643378229578957,-0.002183053824410308,0.1,0.8085414171218872,0.2,5e-06,0.3921694755554199,0.20253074169158936,2410,0.07174835205078126,4.325311754271388,0.0021542269
9175040,3529,2599,957.56,44.763084411621094,70,0.9419981290586292,-0.002201406834410591,0.1,1.2034181356430054,0.2,5e-06,0.36931127309799194,0.20345985889434814,2420,0.068890380859375,4.214308635145426,0.002058629
9306112,3580,2599,966.38,45.23228073120117,71,0.7533752475399524,-0.0024434695083073166,0.1,1.0444122552871704,0.2,5e-06,0.30047690868377686,0.20441482961177826,2430,0.07475967407226562,4.103317853808403,0.0022229073
9437184,3630,2599,979.2,45.910789489746094,72,0.8856035580858588,-0.0024585776758613066,0.1,0.9106026291847229,0.2,5e-06,0.333368182182312,0.20536641776561737,2440,0.07285232543945312,3.9914161967113615,0.0021549189
9568256,3681,2598,976.92,45.8676872253418,73,0.7948960309615358,-0.0022571406765109713,0.1,1.0469567775726318,0.2,5e-06,0.2953294515609741,0.20635755360126495,2450,0.06849746704101563,3.877769509516656,0.002141545
9699328,3732,2598,977.86,46.08848571777344,74,0.870240985462442,-0.0023622673796580783,0.1,0.9724611043930054,0.2,5e-06,0.3150598406791687,0.20731990039348602,2460,0.07316741943359376,3.764292610436678,0.0021684803
9830400,3782,2598,991.22,46.8967399597168,75,0.843190255528316,-0.0022327821617182052,0.1,1.0951197147369385,0.2,5e-06,0.2405039668083191,0.2082677036523819,2470,0.0727783203125,3.6538885951042177,0.002165637
9961472,3833,2598,974.15,46.085716247558594,76,0.8493223366327584,-0.0021364721997088054,0.1,0.7374650239944458,0.2,5e-06,0.28661423921585083,0.20924608409404755,2480,0.065771484375,3.542615693807602,0.0020745862
10092544,3883,2598,981.98,46.4047966003418,77,0.8536230914527551,-0.002176134561523213,0.1,1.088254690170288,0.2,5e-06,0.2946159243583679,0.21021147072315216,2490,0.06765594482421874,3.4312440529465675,0.0021025594
10223616,3933,2598,984.86,46.46538543701172,78,0.839627929055132,-0.002262943484856805,0.1,0.7993989586830139,0.2,5e-06,0.31488215923309326,0.21120131015777588,2500,0.07036514282226562,3.319567340053618,0.0021828068
10354688,3984,2598,973.0,45.67332458496094,79,0.8536982766818255,-0.0023588420128817233,0.1,1.1781877279281616,0.2,5e-06,0.27779316902160645,0.21219784021377563,2510,0.06949081420898437,3.2067760601639748,0.0021548811
10485760,4035,2598,989.79,47.00043869018555,80,0.8504741581855342,-0.0021412598728602463,0.1,1.0921132564544678,0.2,5e-06,0.3430796265602112,0.21318578720092773,2520,0.06658096313476562,3.0944532953202724,0.0021079502
10616832,4085,2598,972.72,46.31221008300781,81,0.8601800848264247,-0.0021972628541334417,0.1,0.9495390057563782,0.2,5e-06,0.26388829946517944,0.21418166160583496,2530,0.06432342529296875,2.9829002073034645,0.0020556035
10747904,4136,2598,991.24,47.0181884765625,82,0.8340047867270186,-0.002036624674929044,0.1,1.0191627740859985,0.2,5e-06,0.23504352569580078,0.21516960859298706,2540,0.06307601928710938,2.871785141900182,0.0020513083
10878976,4187,2598,968.33,45.82233810424805,83,0.891951474850066,-0.00205271279282897,0.1,1.0962797403335571,0.2,5e-06,0.220955491065979,0.21618284285068512,2550,0.06464614868164062,2.760244935192168,0.002051864
11010048,4237,2598,993.79,46.87437438964844,84,0.798997620283626,-0.00241984104122821,0.1,0.9450557827949524,0.2,5e-06,0.3806658387184143,0.21721582114696503,2560,0.06961517333984375,2.6465150261297823,0.0021417318
11141120,4287,2598,975.51,46.226375579833984,85,0.886035643494688,-0.0021470154136295607,0.1,1.1339305639266968,0.2,5e-06,0.2281588315963745,0.21822412312030792,2570,0.06909713745117188,2.533825341798365,0.0021011296
11272192,4338,2598,988.78,46.9425163269043,86,0.8369092895882204,-0.0021930726660229992,0.1,1.1325490474700928,0.2,5e-06,0.3041294813156128,0.21925018727779388,2580,0.064996337890625,2.4218040538951753,0.002065848
11403264,4388,2598,958.48,45.41275405883789,87,0.8526417257031426,-0.00227058423733979,0.1,0.7721207737922668,0.2,5e-06,0.3080901503562927,0.2202855795621872,2590,0.07163772583007813,2.309047041833401,0.0021845687
11534336,4439,2598,978.29,46.25436019897461,88,0.8569507508305833,-0.0021290787115958664,0.1,0.7733888626098633,0.2,5e-06,0.2965165972709656,0.2212914079427719,2600,0.06840591430664063,2.1979061225429177,0.0021321282
11665408,4490,2597,976.04,46.22172546386719,89,0.8406300850678236,-0.002257273762324985,0.1,0.8134807348251343,0.2,5e-06,0.23544937372207642,0.22232282161712646,2610,0.07275924682617188,2.087425775453448,0.0021808082
11796480,4540,2597,976.7,46.1761589050293,90,0.8997252180241049,-0.002214116002414812,0.1,1.1378107070922852,0.2,5e-06,0.3136102557182312,0.22334764897823334,2620,0.06589431762695312,1.9765774784609675,0.0020573922
11927552,4591,2597,973.61,46.46571731567383,91,0.8099043742055073,-0.002206897163796384,0.1,0.9035382270812988,0.2,5e-06,0.306060254573822,0.22437827289104462,2630,0.06959762573242187,1.8661101058125495,0.0021193065
12058624,4642,2597,975.27,46.203208923339844,92,0.8832367324503139,-0.0023191478442186053,0.1,1.0009783506393433,0.2,5e-06,0.21896296739578247,0.2254422903060913,2640,0.07251815795898438,1.7539813918992877,0.0021250097
12189696,4692,2597,985.55,46.8060417175293,93,0.8507624403573573,-0.0021227113968507183,0.1,0.9673565626144409,0.2,5e-06,0.19900494813919067,0.22649376094341278,2650,0.06397476196289062,1.6415558582171799,0.0020581635
12320768,4743,2597,990.21,47.006629943847656,94,0.8806057571200654,-0.0020891495555588335,0.1,1.176436185836792,0.2,5e-06,0.16557854413986206,0.2275441437959671,2660,0.06519699096679688,1.5300931307487189,0.002112653
12451840,4794,2597,965.16,45.6777229309082,95,0.84994881846942,-0.0019316253250735826,0.1,0.9630919694900513,0.2,5e-06,0.11023342609405518,0.22860069572925568,2670,0.0625640869140625,1.4189009310677647,0.0020367184
12582912,4844,2597,978.57,46.399017333984375,96,0.9105826006736606,-0.0021069214749331877,0.1,1.168993353843689,0.2,5e-06,0.30545324087142944,0.22967420518398285,2680,0.06077423095703125,1.307207512203604,0.0020281174
