time/iterations,rollout/ep_rew_mean,rollout/ep_len_mean,time/total_timesteps,time/fps,time/time_elapsed,train/loss,train/n_updates,train/adaptive_lr,train/approx_kl,train/clip_range,train/learning_rate,train/value_loss,train/explained_variance,train/entropy_loss,train/policy_gradient_loss,train/std,train/clip_range_vf,train/clip_fraction
1,36.994598388671875,426.1212121212121,131072,3424,38,,,,,,,,,,,,,
2,43.15447235107422,727.11,262144,2723,96,3.8703794479370117,10,1.5000000000000002e-05,0.0023725163,0.1,1e-05,2.841198136191815,-0.05612051486968994,39.49565736949444,-0.0011683065871693544,0.04989877715706825,0.2,0.11509475708007813
3,22.79086685180664,564.95,393216,2552,154,1.446298599243164,20,2.2500000000000005e-05,0.002840408,0.1,1.5000000000000002e-05,1.0825909845065325,0.025853335857391357,39.43555286228657,-0.0021447653404720766,0.0500166080892086,0.2,0.14300155639648438
4,19.303203582763672,473.62,524288,2458,213,1.2722914218902588,30,3.375000000000001e-05,0.0034655333,0.1,2.2500000000000005e-05,0.900256915576756,0.08650863170623779,39.365809524059294,-0.0006982427195453056,0.05015740543603897,0.2,0.18021163940429688
5,18.480369567871094,463.91,655360,2405,272,1.2437411546707153,40,5.062500000000001e-05,0.0049349805,0.1,3.375000000000001e-05,0.8168344172183424,0.23723405599594116,39.2877173602581,0.0011068017571233212,0.05030650272965431,0.2,0.24501190185546876
6,21.964946746826172,548.96,786432,2370,331,1.174511194229126,50,5.062500000000001e-05,0.0069599315,0.1,5.062500000000001e-05,0.771577129047364,0.3618120551109314,39.20823535323143,0.0044691029469504425,0.05045144259929657,0.2,0.31739959716796873
7,18.03649139404297,454.47,917504,2340,391,1.0205281972885132,60,5.062500000000001e-05,0.0069604786,0.1,5.062500000000001e-05,0.6240554390475154,0.4836399555206299,39.13854701519013,0.004129063214168127,0.050595808774232864,0.2,0.3165374755859375
8,23.90727996826172,616.37,1048576,2316,452,0.9648239612579346,70,5.062500000000001e-05,0.006795887,0.1,5.062500000000001e-05,0.6045059147756546,0.5875829458236694,39.05856577754021,0.003702077723119146,0.05076022073626518,0.2,0.307843017578125
9,24.356008529663086,619.6,1179648,2303,512,0.9229273796081543,80,5.062500000000001e-05,0.00665105,0.1,5.062500000000001e-05,0.5484948750119656,0.616097092628479,38.9806095123291,0.003912794855523316,0.05091804638504982,0.2,0.3046897888183594
10,20.01971435546875,495.67,1310720,2290,572,0.8674109578132629,90,5.062500000000001e-05,0.0066297227,0.1,5.062500000000001e-05,0.5035443012369797,0.6818829774856567,38.898999720811844,0.003485125866609451,0.05108995363116264,0.2,0.31169586181640624
11,22.98819351196289,583.94,1441792,2276,633,0.8567086458206177,100,5.062500000000001e-05,0.006516813,0.1,5.062500000000001e-05,0.4798047739546746,0.717136025428772,38.82567167878151,0.003220052211509028,0.051235049962997437,0.2,0.3001838684082031
12,19.6500186920166,498.8,1572864,2256,696,0.8003742098808289,110,5.062500000000001e-05,0.0068494505,0.1,5.062500000000001e-05,0.4242436046944931,0.7910462021827698,38.74905306696892,0.0032567670801654457,0.05138696730136871,0.2,0.30699615478515624
13,18.289308547973633,465.16,1703936,2246,758,0.7837448120117188,120,5.062500000000001e-05,0.006639146,0.1,5.062500000000001e-05,0.41777090057730676,0.804596483707428,38.67436873316765,0.0032632501576699722,0.05154258757829666,0.2,0.2993141174316406
14,19.979249954223633,508.92,1835008,2230,822,0.7911611199378967,130,5.062500000000001e-05,0.006697708,0.1,5.062500000000001e-05,0.39654171753209083,0.8220670223236084,38.59136840701103,0.003121840294852518,0.05171993747353554,0.2,0.30068206787109375
15,19.420377731323242,507.64,1966080,2213,888,0.765017032623291,140,5.062500000000001e-05,0.0066800867,0.1,5.062500000000001e-05,0.39888000732753426,0.8206917643547058,38.51655064821243,0.0029711370740187703,0.051871996372938156,0.2,0.3003105163574219
16,18.02714729309082,458.73,2097152,2200,952,0.7535730600357056,150,5.062500000000001e-05,0.006654732,0.1,5.062500000000001e-05,0.3832577617140487,0.839440107345581,38.42706832587719,0.0030616602447480546,0.05206909030675888,0.2,0.30019073486328124
17,17.236295700073242,443.8,2228224,2184,1020,0.7703404426574707,160,5.062500000000001e-05,0.006569472,0.1,5.062500000000001e-05,0.39582118231337515,0.8428139686584473,38.3439704477787,0.003072030416251437,0.052230216562747955,0.2,0.29615478515625
18,18.788585662841797,496.21,2359296,2175,1084,0.7447713613510132,170,5.062500000000001e-05,0.0064949743,0.1,5.062500000000001e-05,0.36025827410630884,0.8685668110847473,38.2693551003933,0.0027764533302615745,0.05238692834973335,0.2,0.2902488708496094
19,19.700407028198242,518.08,2490368,2171,1146,0.7246512174606323,180,5.062500000000001e-05,0.0065421034,0.1,5.062500000000001e-05,0.33110067644156516,0.8869531750679016,38.194987568259236,0.0025296971670741185,0.05254598706960678,0.2,0.29548797607421873
20,21.12777328491211,557.85,2621440,2154,1216,0.7099827527999878,190,5.062500000000001e-05,0.0063556223,0.1,5.062500000000001e-05,0.3356086219428107,0.8835722804069519,38.11548127830029,0.0024824844610066067,0.05271340534090996,0.2,0.2906341552734375
21,19.818256378173828,516.42,2752512,2150,1280,0.7518632411956787,200,5.062500000000001e-05,0.0064718868,0.1,5.062500000000001e-05,0.34013043376617136,0.8954223990440369,38.0319567412138,0.002462033195570257,0.052889928221702576,0.2,0.29311065673828124
22,18.729068756103516,480.29,2883584,2147,1343,0.7899117469787598,210,5.062500000000001e-05,0.0062763994,0.1,5.062500000000001e-05,0.4308805830543861,0.8883463144302368,37.94847811758518,0.0027590672858423203,0.05306986719369888,0.2,0.2903251647949219
23,18.18861198425293,459.16,3014656,2144,1405,0.8079254627227783,220,5.062500000000001e-05,0.0063906237,0.1,5.062500000000001e-05,0.4259206715039909,0.9006483554840088,37.858365076780316,0.0022602336406635005,0.05326487496495247,0.2,0.2888206481933594
24,17.785253524780273,444.77,3145728,2142,1468,0.9306378364562988,230,5.062500000000001e-05,0.006413491,0.1,5.062500000000001e-05,0.49694740888662636,0.8925018310546875,37.769717189669606,0.0022693063112001256,0.05345320329070091,0.2,0.28589019775390623
25,17.777538299560547,450.05,3276800,2140,1530,0.8770366311073303,240,5.062500000000001e-05,0.0061142403,0.1,5.062500000000001e-05,0.519295964227058,0.8955184817314148,37.689042031764984,0.0025808587333813193,0.05362492427229881,0.2,0.28082733154296874
26,17.649499893188477,447.99,3407872,2139,1593,0.8472680449485779,250,5.062500000000001e-05,0.0060277944,0.1,5.062500000000001e-05,0.5198727659881115,0.8985415697097778,37.605904468894,0.002231599174638177,0.05380135029554367,0.2,0.277191162109375
27,17.992389678955078,462.94,3538944,2137,1655,0.7966923713684082,260,5.062500000000001e-05,0.006129289,0.1,5.062500000000001e-05,0.4747863325756043,0.906586766242981,37.518378257751465,0.0021197821707573893,0.0539977103471756,0.2,0.27941131591796875
28,17.800640106201172,466.27,3670016,2135,1718,0.891991376876831,270,5.062500000000001e-05,0.0060199373,0.1,5.062500000000001e-05,0.4907637215219438,0.904979944229126,37.42647742927075,0.00216613508782757,0.054197464138269424,0.2,0.28037490844726565
29,18.374126434326172,485.45,3801088,2132,1782,0.7915005683898926,280,5.062500000000001e-05,0.0061326814,0.1,5.062500000000001e-05,0.467105635558255,0.9088097214698792,37.3362580537796,0.0023207637945688473,0.05438932031393051,0.2,0.27580108642578127
30,17.915884017944336,457.96,3932160,2132,1843,0.8471927642822266,290,5.062500000000001e-05,0.0058626677,0.1,5.062500000000001e-05,0.45823780361097305,0.9095418453216553,37.25307294130325,0.002064539246975983,0.05456718057394028,0.2,0.2713432312011719
31,18.015979766845703,457.56,4063232,2131,1906,0.8002133369445801,300,5.062500000000001e-05,0.0062498217,0.1,5.062500000000001e-05,0.47373692630790176,0.910019040107727,37.163255071640016,0.0018267828982061474,0.054768871515989304,0.2,0.2687339782714844
32,18.938369750976562,479.29,4194304,2131,1967,0.8118457198143005,310,5.062500000000001e-05,0.005742189,0.1,5.062500000000001e-05,0.4683226227993146,0.9034642577171326,37.07384757995605,0.00186128660675422,0.054964352399110794,0.2,0.261920166015625
33,18.83136749267578,479.84,4325376,2131,2029,0.8921416997909546,320,5.062500000000001e-05,0.005656408,0.1,5.062500000000001e-05,0.46451214819680897,0.9014953374862671,36.98242412507534,0.0018269031710588025,0.05516394227743149,0.2,0.2562095642089844
34,19.678525924682617,502.87,4456448,2131,2091,0.8072540760040283,330,5.062500000000001e-05,0.005868554,0.1,5.062500000000001e-05,0.45089354284573346,0.9031364321708679,36.89813668727875,0.0017952359704850097,0.05535015091300011,0.2,0.25530242919921875
35,20.304365158081055,526.09,4587520,2131,2152,0.7469569444656372,340,5.062500000000001e-05,0.0058225133,0.1,5.062500000000001e-05,0.4287853146437556,0.9103922843933105,36.81865391731262,0.001708117131738618,0.055526137351989746,0.2,0.25756378173828126
36,20.461833953857422,532.48,4718592,2130,2214,0.7193343639373779,350,5.062500000000001e-05,0.005874726,0.1,5.062500000000001e-05,0.39528810603078457,0.9178613424301147,36.73725784420967,0.001477056855765113,0.05570387840270996,0.2,0.2590034484863281
37,20.354578018188477,521.68,4849664,2128,2278,0.7445694804191589,360,5.062500000000001e-05,0.0058871373,0.1,5.062500000000001e-05,0.4201842632610351,0.9140021204948425,36.653899523615834,0.0017107607243815437,0.05589615926146507,0.2,0.2576622009277344
38,21.093547821044922,551.36,4980736,2126,2341,0.8391556143760681,370,5.062500000000001e-05,0.0058258595,0.1,5.062500000000001e-05,0.4197409669868648,0.9115386605262756,36.57021714448929,0.0014227160423615714,0.05607856437563896,0.2,0.2544189453125
39,21.983726501464844,568.77,5111808,2122,2408,0.7670691609382629,380,5.062500000000001e-05,0.005746606,0.1,5.062500000000001e-05,0.40972111965529623,0.9137275218963623,36.491004067659375,0.0013737903600031132,0.05625221133232117,0.2,0.25057144165039064
40,21.994565963745117,564.87,5242880,2121,2471,0.7727258205413818,390,5.062500000000001e-05,0.005753995,0.1,5.062500000000001e-05,0.414106402778998,0.9101033806800842,36.41269058585167,0.001365343485304038,0.05642906203866005,0.2,0.250360107421875
41,20.304170608520508,518.03,5373952,2119,2535,0.7228156328201294,400,5.062500000000001e-05,0.005812,0.1,5.062500000000001e-05,0.43701465951744467,0.9106994271278381,36.31954317390919,0.0012474389898670779,0.05665852129459381,0.2,0.252520751953125
42,20.04639434814453,522.33,5505024,2117,2599,0.8165793418884277,410,5.062500000000001e-05,0.005745889,0.1,5.062500000000001e-05,0.4583365668309852,0.908791184425354,36.22798002958298,0.0013353055275729276,0.056856799870729446,0.2,0.25144805908203127
43,20.098081588745117,514.71,5636096,2115,2664,0.7983876466751099,420,5.062500000000001e-05,0.005807073,0.1,5.062500000000001e-05,0.4555211809463799,0.9092835187911987,36.14114796519279,0.0012401972519000993,0.057053036987781525,0.2,0.24855117797851561
44,19.41924476623535,499.39,5767168,2111,2731,0.8478620052337646,430,5.062500000000001e-05,0.0056503834,0.1,5.062500000000001e-05,0.46585646546445786,0.908469557762146,36.04615227282047,0.0011375190963917702,0.0572727806866169,0.2,0.24957275390625
45,19.285303115844727,501.66,5898240,2105,2801,0.7363153696060181,440,5.062500000000001e-05,0.0059316843,0.1,5.062500000000001e-05,0.4558534123701975,0.9167259335517883,35.954063922166824,0.0009511314372048219,0.05748530849814415,0.2,0.245660400390625
46,19.610790252685547,516.42,6029312,2100,2870,0.7640225887298584,450,5.062500000000001e-05,0.00594658,0.1,5.062500000000001e-05,0.43540360901970415,0.9216917753219604,35.8660473883152,0.0010322775863187417,0.05768394470214844,0.2,0.25304718017578126
47,19.89636993408203,514.08,6160384,2095,2939,0.8668277263641357,460,5.062500000000001e-05,0.006052848,0.1,5.062500000000001e-05,0.44443190800957383,0.9196827411651611,35.77730073332786,0.0009556434746627928,0.057894811034202576,0.2,0.25255126953125
48,19.518840789794922,494.02,6291456,2092,3006,0.790892481803894,470,5.062500000000001e-05,0.005673797,0.1,5.062500000000001e-05,0.46460560739506035,0.9167981147766113,35.69079088866711,0.0009598604118764342,0.05808883160352707,0.2,0.2475830078125
49,19.181859970092773,489.44,6422528,2090,3072,0.8411816358566284,480,5.062500000000001e-05,0.005717542,0.1,5.062500000000001e-05,0.4922810415737331,0.913588285446167,35.612171053886414,0.0008580115034874325,0.05827435478568077,0.2,0.24593734741210938
50,18.878664016723633,488.17,6553600,2083,3145,0.8922920227050781,490,5.062500000000001e-05,0.005814034,0.1,5.062500000000001e-05,0.5051043296931311,0.9104331135749817,35.51671623289585,0.000971063370752745,0.05850159749388695,0.2,0.24819793701171874
51,18.639707565307617,468.52,6684672,2079,3214,0.8719955682754517,500,5.062500000000001e-05,0.005817338,0.1,5.062500000000001e-05,0.5275620356900618,0.9107908606529236,35.42362664043903,0.0008431123983427824,0.05872394144535065,0.2,0.24905624389648437
52,17.827951431274414,454.45,6815744,2078,3279,0.8489683866500854,510,5.062500000000001e-05,0.005842483,0.1,5.062500000000001e-05,0.5290121688274667,0.9079108834266663,35.320456048846246,0.0007599296757234697,0.05896705761551857,0.2,0.2507026672363281
53,17.23982048034668,444.24,6946816,2077,3343,0.795884370803833,520,5.062500000000001e-05,0.005679237,0.1,5.062500000000001e-05,0.5402433136943727,0.9035641551017761,35.23452574014664,0.0009420180583219917,0.05916332080960274,0.2,0.24562835693359375
54,18.18877601623535,481.07,7077888,2077,3407,0.7939457893371582,530,5.062500000000001e-05,0.0058115562,0.1,5.062500000000001e-05,0.46742450245656075,0.9181529879570007,35.14970242977142,0.0008408507319472847,0.05936162918806076,0.2,0.24359893798828125
55,17.75067138671875,465.24,7208960,2076,3470,0.7197224497795105,540,5.062500000000001e-05,0.0059969844,0.1,5.062500000000001e-05,0.42938187466934324,0.9241790771484375,35.057937803864476,0.0006570730459316109,0.059589289128780365,0.2,0.24549789428710939
56,18.605382919311523,485.97,7340032,2076,3534,0.6858101487159729,550,5.062500000000001e-05,0.0058795447,0.1,5.062500000000001e-05,0.4207129833986983,0.9249425530433655,34.95775766670704,0.0006786153887787805,0.05982843413949013,0.2,0.24565963745117186
57,17.821460723876953,472.22,7471104,2076,3598,0.7371784448623657,560,5.062500000000001e-05,0.005929877,0.1,5.062500000000001e-05,0.41558563441503793,0.9240443110466003,34.871918806433676,0.0003297523666788038,0.06002447009086609,0.2,0.24707489013671874
58,19.679752349853516,511.62,7602176,2075,3662,0.7626432180404663,570,5.062500000000001e-05,0.005773637,0.1,5.062500000000001e-05,0.41293455520644784,0.9250780344009399,34.78566527068615,0.0006491392899079073,0.06023222580552101,0.2,0.23917388916015625
59,20.411174774169922,530.66,7733248,2075,3726,0.7579933404922485,580,5.062500000000001e-05,0.0055745216,0.1,5.062500000000001e-05,0.40347743800375613,0.9228363633155823,34.6974317073822,0.0005502388896275079,0.06044717878103256,0.2,0.23781661987304686
60,20.050006866455078,524.61,7864320,2075,3789,0.7047818899154663,590,5.062500000000001e-05,0.005599982,0.1,5.062500000000001e-05,0.40366680200677363,0.9197454452514648,34.611576893925665,0.0007334818699746392,0.06064838543534279,0.2,0.23825912475585936
61,20.42461585998535,529.25,7995392,2075,3852,0.6912221908569336,600,5.062500000000001e-05,0.0054955063,0.1,5.062500000000001e-05,0.38312387398909775,0.9213729500770569,34.52694855928421,0.000636176212628925,0.06085744872689247,0.2,0.23435745239257813
62,19.27815818786621,494.63,8126464,2075,3915,0.7493358850479126,610,5.062500000000001e-05,0.005659116,0.1,5.062500000000001e-05,0.4304587796330452,0.9162150025367737,34.43307776749134,0.000484697650790622,0.061096951365470886,0.2,0.24301223754882811
63,18.615097045898438,481.82,8257536,2075,3979,0.747221052646637,620,5.062500000000001e-05,0.0055098315,0.1,5.062500000000001e-05,0.41924651951994746,0.9155476689338684,34.342869341373444,0.00043079689493197293,0.06130874156951904,0.2,0.23462371826171874
64,18.806900024414062,479.02,8388608,2075,4042,0.8318172693252563,630,5.062500000000001e-05,0.005524723,0.1,5.062500000000001e-05,0.4397566474508494,0.9151832461357117,34.250348806381226,0.0005420671674983169,0.061538029462099075,0.2,0.237811279296875
65,18.609878540039062,473.95,8519680,2074,4106,0.91472327709198,640,5.062500000000001e-05,0.005701358,0.1,5.062500000000001e-05,0.48375850457232444,0.9115726947784424,34.159784987568855,0.0005007070271176417,0.061765156686306,0.2,0.23797760009765626
66,19.311033248901367,501.25,8650752,2074,4169,0.7698996663093567,650,5.062500000000001e-05,0.0056970743,0.1,5.062500000000001e-05,0.4678716987138614,0.916665256023407,34.070593026280406,0.0003758532736355846,0.061986543238162994,0.2,0.2353302001953125
67,20.2388858795166,520.69,8781824,2074,4232,0.7271441221237183,660,5.062500000000001e-05,0.005666153,0.1,5.062500000000001e-05,0.4251590989762917,0.9216512441635132,33.97758532464504,0.00019574841444409686,0.06221751123666763,0.2,0.23712310791015626
68,20.406749725341797,520.1,8912896,2074,4295,0.7037222385406494,670,5.062500000000001e-05,0.005445622,0.1,5.062500000000001e-05,0.4328726396895945,0.9168521761894226,33.88355050683022,0.00029928860058134885,0.06245533004403114,0.2,0.23046112060546875
69,20.452360153198242,527.44,9043968,2074,4358,0.6784402132034302,680,5.062500000000001e-05,0.005252758,0.1,5.062500000000001e-05,0.3891951703233644,0.9196299910545349,33.79006176888943,5.98196525061212e-06,0.06268050521612167,0.2,0.23057708740234376
70,19.305217742919922,501.88,9175040,2074,4422,0.7121313810348511,690,5.062500000000001e-05,0.005265588,0.1,5.062500000000001e-05,0.3926295374752954,0.9246755242347717,33.703287708759305,0.00044670611932815516,0.06290147453546524,0.2,0.22937774658203125
71,18.199115753173828,477.77,9306112,2074,4485,0.703357458114624,700,5.062500000000001e-05,0.005399475,0.1,5.062500000000001e-05,0.38588071684353054,0.9285580515861511,33.60968580543995,0.00026531079138294447,0.06313422322273254,0.2,0.23275299072265626
72,19.285181045532227,509.67,9437184,2074,4549,0.6965203285217285,710,5.062500000000001e-05,0.005438639,0.1,5.062500000000001e-05,0.3922623409423977,0.93112713098526,33.52011412084103,0.00040038573870333495,0.0633603036403656,0.2,0.238128662109375
73,18.570009231567383,483.13,9568256,2074,4612,0.7645227313041687,720,5.062500000000001e-05,0.0053331987,0.1,5.062500000000001e-05,0.41635074287187307,0.9285541772842407,33.43293121755123,0.00040445506465403014,0.06358900666236877,0.2,0.23304519653320313
74,18.548681259155273,477.53,9699328,2072,4678,0.7700861692428589,730,5.062500000000001e-05,0.005471145,0.1,5.062500000000001e-05,0.4207613967824727,0.9253151416778564,33.35060693919659,3.618454320530873e-05,0.0637877956032753,0.2,0.2379302978515625
75,18.210472106933594,465.89,9830400,2072,4742,0.7311034202575684,740,5.062500000000001e-05,0.0053869574,0.1,5.062500000000001e-05,0.4563713028095663,0.9177663326263428,33.260474264621735,0.0004008660989711643,0.06402114033699036,0.2,0.22974319458007814
76,19.45815086364746,503.64,9961472,2072,4806,0.7827355861663818,750,5.062500000000001e-05,0.00531759,0.1,5.062500000000001e-05,0.46572895962744953,0.9145481586456299,33.172850623726845,6.435479576794023e-05,0.06424906849861145,0.2,0.231402587890625
77,19.337875366210938,510.47,10092544,2073,4867,0.826789379119873,760,5.062500000000001e-05,0.005322438,0.1,5.062500000000001e-05,0.46224470224697145,0.9162198305130005,33.077817496657374,0.00032688096121091803,0.06450602412223816,0.2,0.23326339721679687
78,18.858882904052734,501.46,10223616,2075,4927,0.7698172330856323,770,5.062500000000001e-05,0.0052877446,0.1,5.062500000000001e-05,0.4100392610533163,0.9169731736183167,32.98766637146473,0.00010416069958409934,0.06472737342119217,0.2,0.23044662475585936
79,19.031343460083008,496.92,10354688,2076,4986,0.7351882457733154,780,5.062500000000001e-05,0.005336616,0.1,5.062500000000001e-05,0.4124769960064441,0.9202833771705627,32.908222270011905,0.00027267241880508665,0.0649212971329689,0.2,0.23001327514648437
80,19.257421493530273,506.81,10485760,2078,5045,0.6983267068862915,790,5.062500000000001e-05,0.005436346,0.1,5.062500000000001e-05,0.39217990753240883,0.9240345358848572,32.830999904870986,-0.00018314744661438454,0.0651228204369545,0.2,0.23579940795898438
81,19.054651260375977,503.47,10616832,2079,5105,0.7335760593414307,800,5.062500000000001e-05,0.005306893,0.1,5.062500000000001e-05,0.40726790614426134,0.9198191165924072,32.752247312664984,0.00020537626432997057,0.06533632427453995,0.2,0.23101043701171875
82,18.84455680847168,493.48,10747904,2081,5164,0.6776347160339355,810,5.062500000000001e-05,0.00538096,0.1,5.062500000000001e-05,0.3991102783242241,0.9214965105056763,32.663933447003366,2.881069096929423e-05,0.0655682384967804,0.2,0.2372039794921875
83,20.169811248779297,521.06,10878976,2082,5223,0.713057279586792,820,5.062500000000001e-05,0.0052041216,0.1,5.062500000000001e-05,0.39536549979820845,0.9171234369277954,32.57518588900566,0.00010499058093955682,0.06579510867595673,0.2,0.22790603637695311
84,20.40540885925293,532.52,11010048,2084,5282,0.7368248701095581,830,5.062500000000001e-05,0.0050713783,0.1,5.062500000000001e-05,0.40214622220955787,0.916999340057373,32.49621605873108,0.00021700683441849833,0.0659961998462677,0.2,0.22825469970703124
85,20.470430374145508,526.68,11141120,2085,5342,0.6530209183692932,840,5.062500000000001e-05,0.0052847476,0.1,5.062500000000001e-05,0.3948186718625948,0.9150381088256836,32.42027971446514,-0.0001603457417786558,0.0662057027220726,0.2,0.22905426025390624
86,20.990365982055664,541.2,11272192,2086,5401,0.6549975872039795,850,5.062500000000001e-05,0.0050598597,0.1,5.062500000000001e-05,0.39176478947047144,0.920347273349762,32.34434756040573,8.468024670946762e-05,0.06640388816595078,0.2,0.22128219604492189
87,20.968137741088867,552.12,11403264,2088,5460,0.706015944480896,860,5.062500000000001e-05,0.005218774,0.1,5.062500000000001e-05,0.447296650102362,0.9091798663139343,32.267830953001976,-0.00017399812945768646,0.06660974770784378,0.2,0.22686843872070311
88,20.073579788208008,520.22,11534336,2089,5520,0.7301297187805176,870,5.062500000000001e-05,0.0052208784,0.1,5.062500000000001e-05,0.45650092759169636,0.9116137623786926,32.185521519184114,6.602807352464878e-05,0.06683970987796783,0.2,0.22088470458984374
89,19.51090431213379,501.68,11665408,2090,5580,0.7692962288856506,880,5.062500000000001e-05,0.0054466133,0.1,5.062500000000001e-05,0.493152221897617,0.9117154479026794,32.09816036522388,-3.388539926163503e-05,0.06707131862640381,0.2,0.23016281127929689
90,19.67569351196289,511.98,11796480,2091,5639,0.786972165107727,890,5.062500000000001e-05,0.005352458,0.1,5.062500000000001e-05,0.46417316305451095,0.9157527685165405,32.01105037778616,-0.00011086926365351246,0.06730060279369354,0.2,0.23005523681640624
91,18.8513240814209,481.95,11927552,2092,5698,0.8886537551879883,900,5.062500000000001e-05,0.0054674167,0.1,5.062500000000001e-05,0.5056758386082947,0.9093174338340759,31.926082257926463,-0.00012938783474965022,0.06754212081432343,0.2,0.23398361206054688
92,19.43158721923828,503.97,12058624,2094,5758,0.8433353304862976,910,5.062500000000001e-05,0.005534425,0.1,5.062500000000001e-05,0.5092505409382284,0.9081418514251709,31.823694632947443,-0.00010532359933677072,0.06782101094722748,0.2,0.2285369873046875
93,18.430089950561523,486.59,12189696,2095,5817,0.8045355081558228,920,5.062500000000001e-05,0.0051856535,0.1,5.062500000000001e-05,0.4732912762556225,0.9135493636131287,31.727268120646478,8.923505383791052e-05,0.06807441264390945,0.2,0.22569961547851564
94,19.312475204467773,511.31,12320768,2096,5876,0.80512934923172,930,5.062500000000001e-05,0.0053748037,0.1,5.062500000000001e-05,0.4467280490556732,0.9162009358406067,31.64261476546526,-0.0003154898675347795,0.06829467415809631,0.2,0.23091049194335939
95,19.773033142089844,517.44,12451840,2097,5935,0.7098203897476196,940,5.062500000000001e-05,0.0051581673,0.1,5.062500000000001e-05,0.42909007135313004,0.9193426370620728,31.552109479904175,-0.00027042890728807835,0.06855586916208267,0.2,0.23317184448242187
96,20.437108993530273,542.11,12582912,2098,5994,0.7431403398513794,950,5.062500000000001e-05,0.005359607,0.1,5.062500000000001e-05,0.39868768767919394,0.9217703938484192,31.471621362864973,-0.0007498637453863921,0.06876270473003387,0.2,0.229833984375
97,20.537321090698242,544.89,12713984,2100,6053,0.7755293250083923,960,5.062500000000001e-05,0.0052042576,0.1,5.062500000000001e-05,0.3987034713150933,0.9216728806495667,31.384046837687492,-0.0004470585033232055,0.06901351362466812,0.2,0.22765579223632812
98,19.688251495361328,512.64,12845056,2101,6112,0.6751013994216919,970,5.062500000000001e-05,0.0051263757,0.1,5.062500000000001e-05,0.3926107324892655,0.9238928556442261,31.301226758956908,-0.000231890800750989,0.06924020498991013,0.2,0.22028884887695313
99,20.43067169189453,534.75,12976128,2102,6171,0.621823787689209,980,5.062500000000001e-05,0.005110515,0.1,5.062500000000001e-05,0.36544291947502644,0.9252459406852722,31.216310058534145,-0.0004052764839343581,0.0694737508893013,0.2,0.22188644409179686
100,20.121091842651367,532.73,13107200,2103,6231,0.6829007267951965,990,5.062500000000001e-05,0.0051661488,0.1,5.062500000000001e-05,0.36401546269189566,0.9271368384361267,31.127409125864506,-0.0006015498594024393,0.06972778588533401,0.2,0.22145843505859375
101,19.88544464111328,526.31,13238272,2104,6290,0.6997247934341431,1000,5.062500000000001e-05,0.0051968805,0.1,5.062500000000001e-05,0.36247792372014376,0.9290848970413208,31.047825722396375,-0.0003532160076247237,0.06994697451591492,0.2,0.22240371704101564
102,20.36349868774414,535.03,13369344,2105,6349,0.6626566648483276,1010,7.593750000000002e-05,0.00497436,0.1,5.062500000000001e-05,0.35983019454870374,0.9275476932525635,30.966745722293854,-0.0004126231183363416,0.07016574591398239,0.2,0.223052978515625
103,20.829599380493164,562.22,13500416,2106,6408,0.6883618235588074,1020,7.593750000000002e-05,0.007406152,0.1,7.593750000000002e-05,0.3751228588167578,0.9279203414916992,30.87796072214842,0.0021329429859633818,0.07040379196405411,0.2,0.29132843017578125
104,21.094514846801758,559.88,13631488,2107,6467,0.6455234885215759,1030,7.593750000000002e-05,0.00730896,0.1,7.593750000000002e-05,0.3497250944375992,0.9310920238494873,30.78897642493248,0.0021325901850104854,0.0706648901104927,0.2,0.2913032531738281
105,20.673912048339844,551.61,13762560,2108,6526,0.6185173988342285,1040,7.593750000000002e-05,0.0070194257,0.1,7.593750000000002e-05,0.36331984295975417,0.9287823438644409,30.707689452171326,0.0018621782871377946,0.07088140398263931,0.2,0.28591766357421877
106,21.49148178100586,568.75,13893632,2109,6584,0.6891080737113953,1050,7.593750000000002e-05,0.007064879,0.1,7.593750000000002e-05,0.3661423712503165,0.9272629022598267,30.624565464258193,0.0018195571610704064,0.07112579792737961,0.2,0.2888648986816406
107,20.753721237182617,549.96,14024704,2110,6643,0.7249323129653931,1060,7.593750000000002e-05,0.0067668147,0.1,7.593750000000002e-05,0.39212290206924083,0.9240796566009521,30.530946668982505,0.0019232039358030306,0.07139109820127487,0.2,0.2868537902832031
108,20.85818099975586,547.88,14155776,2112,6702,0.6977936029434204,1070,7.593750000000002e-05,0.00691626,0.1,7.593750000000002e-05,0.39909875132143496,0.9240566492080688,30.438567328453065,0.0019059434736846015,0.07165954262018204,0.2,0.29016799926757814
109,20.871414184570312,542.46,14286848,2113,6760,0.7629050016403198,1080,7.593750000000002e-05,0.007088313,0.1,7.593750000000002e-05,0.40036797770299015,0.9245676398277283,30.35427549034357,0.0018440944331359788,0.07189314067363739,0.2,0.28479843139648436
110,20.80475425720215,550.98,14417920,2114,6819,0.6063169240951538,1090,7.593750000000002e-05,0.007116763,0.1,7.593750000000002e-05,0.38885220799129455,0.9247393012046814,30.277271097898485,0.0016440999844235193,0.07212386280298233,0.2,0.284735107421875
111,22.757553100585938,595.78,14548992,2115,6878,0.6828457117080688,1100,7.593750000000002e-05,0.006913668,0.1,7.593750000000002e-05,0.3844391517341137,0.9170515537261963,30.18747099041939,0.0015838186207020044,0.07238242775201797,0.2,0.28845748901367185
112,22.006942749023438,576.22,14680064,2116,6936,0.6233921051025391,1110,7.593750000000002e-05,0.0070076063,0.1,7.593750000000002e-05,0.36400928716175257,0.9207532405853271,30.099909640848637,0.0015138142634896212,0.07263275980949402,0.2,0.28633651733398435
113,23.378007888793945,612.85,14811136,2117,6994,0.7023226022720337,1120,7.593750000000002e-05,0.0069387676,0.1,7.593750000000002e-05,0.3767210299381986,0.9190058708190918,30.008310057222843,0.0011875682028858136,0.07289254665374756,0.2,0.28505859375
114,21.534513473510742,558.61,14942208,2118,7053,0.6144471168518066,1130,7.593750000000002e-05,0.0070237694,0.1,7.593750000000002e-05,0.413749675010331,0.91248619556427,29.925296887755394,0.0016508618709849543,0.07314315438270569,0.2,0.28490447998046875
115,20.423664093017578,530.78,15073280,2118,7113,0.6832965612411499,1140,7.593750000000002e-05,0.006967862,0.1,7.593750000000002e-05,0.43314696485176685,0.916141927242279,29.836544339358806,0.001445724384029745,0.07340526580810547,0.2,0.28565216064453125
116,20.801307678222656,538.65,15204352,2119,7172,0.6625508666038513,1150,7.593750000000002e-05,0.007122646,0.1,7.593750000000002e-05,0.4306607844075188,0.9134664535522461,29.74372427761555,0.001461346523501561,0.07367704063653946,0.2,0.28336257934570314
117,20.654905319213867,530.49,15335424,2120,7230,0.730330765247345,1160,7.593750000000002e-05,0.007182533,0.1,7.593750000000002e-05,0.43315496484283356,0.917487621307373,29.642820294201375,0.00109249933357205,0.07398554682731628,0.2,0.28894882202148436
118,21.305957794189453,552.18,15466496,2121,7288,0.7174566388130188,1170,7.593750000000002e-05,0.006891395,0.1,7.593750000000002e-05,0.43818475618027153,0.9132295250892639,29.55211851745844,0.0015498532735364278,0.07423779368400574,0.2,0.2797393798828125
119,22.098134994506836,569.41,15597568,2122,7348,0.6608733534812927,1180,7.593750000000002e-05,0.0070107365,0.1,7.593750000000002e-05,0.39582304363138976,0.9198628664016724,29.460813674330712,0.001377859499098122,0.0745181143283844,0.2,0.2835662841796875
120,21.880775451660156,564.18,15728640,2123,7407,0.7262468338012695,1190,7.593750000000002e-05,0.0067975195,0.1,7.593750000000002e-05,0.4221489942399785,0.9150386452674866,29.37853321284056,0.0014248668639083918,0.07476768642663956,0.2,0.27397689819335935
121,21.657773971557617,564.55,15859712,2124,7465,0.6846901774406433,1200,7.593750000000002e-05,0.006674152,0.1,7.593750000000002e-05,0.4153831402771175,0.913795530796051,29.29612935334444,0.0010239010265649996,0.07500695437192917,0.2,0.2760429382324219
122,21.971288681030273,568.57,15990784,2125,7524,0.6865952014923096,1210,7.593750000000002e-05,0.006937747,0.1,7.593750000000002e-05,0.42475838095415386,0.9216665029525757,29.2149059638381,0.0012435789392384322,0.07525013387203217,0.2,0.27939529418945314
123,21.126148223876953,552.62,16121856,2126,7582,0.722287654876709,1220,7.593750000000002e-05,0.0071457373,0.1,7.593750000000002e-05,0.42985745042096823,0.9234868884086609,29.118693470954895,0.001047136892520939,0.07555870711803436,0.2,0.286236572265625
124,19.774961471557617,516.13,16252928,2127,7640,0.6896158456802368,1230,7.593750000000002e-05,0.0067971842,0.1,7.593750000000002e-05,0.46874498163815587,0.9182687401771545,29.031458525359632,0.0013418941302006716,0.07580257207155228,0.2,0.2813255310058594
125,20.041275024414062,522.48,16384000,2127,7699,0.8198705315589905,1240,7.593750000000002e-05,0.006908333,0.1,7.593750000000002e-05,0.4871155896922573,0.9150895476341248,28.944049993157385,0.0010950447176583111,0.07608252763748169,0.2,0.2812744140625
126,19.158729553222656,509.59,16515072,2128,7758,0.6927627325057983,1250,7.593750000000002e-05,0.0068109985,0.1,7.593750000000002e-05,0.4665830802405253,0.9211101531982422,28.85232086479664,0.0011752076955872325,0.0763571560382843,0.2,0.2823829650878906
127,18.981002807617188,497.13,16646144,2129,7817,0.7277238368988037,1260,7.593750000000002e-05,0.00701507,0.1,7.593750000000002e-05,0.45395664814859626,0.9243263602256775,28.762772829830645,0.0008828958963931655,0.07662288099527359,0.2,0.2873504638671875
128,18.55878257751465,481.28,16777216,2130,7875,0.7552351951599121,1270,7.593750000000002e-05,0.006747186,0.1,7.593750000000002e-05,0.4353114174446091,0.9235525131225586,28.678857612609864,0.0011977846993886487,0.07688110321760178,0.2,0.28129425048828127
129,18.69890785217285,492.23,16908288,2130,7934,0.6801983118057251,1280,7.593750000000002e-05,0.006766425,0.1,7.593750000000002e-05,0.4208053923677653,0.9233291745185852,28.59251595288515,0.0011707319596098386,0.07714527100324631,0.2,0.2808624267578125
130,18.932228088378906,496.88,17039360,2131,7993,0.7704730033874512,1290,7.593750000000002e-05,0.007010521,0.1,7.593750000000002e-05,0.42611375194974244,0.9257981181144714,28.50517799705267,0.001045713789471847,0.07742571830749512,0.2,0.2869697570800781
131,19.518272399902344,513.08,17170432,2132,8052,0.6773054599761963,1300,7.593750000000002e-05,0.0067232805,0.1,7.593750000000002e-05,0.4179239802295342,0.9238167405128479,28.416141510009766,0.0011340292446220702,0.07770223915576935,0.2,0.2800636291503906
132,18.80736541748047,489.76,17301504,2133,8111,0.7720499038696289,1310,7.593750000000002e-05,0.006847142,0.1,7.593750000000002e-05,0.42487704262603077,0.9227809309959412,28.323892667889595,0.0008088791284990293,0.07798201590776443,0.2,0.282269287109375
133,19.994125366210938,522.54,17432576,2133,8169,0.732720136642456,1320,7.593750000000002e-05,0.0066587618,0.1,7.593750000000002e-05,0.44289666491094976,0.9202143549919128,28.24055029451847,0.0011235634215154278,0.07823611795902252,0.2,0.27779693603515626
134,19.692642211914062,517.76,17563648,2134,8228,0.7132635116577148,1330,7.593750000000002e-05,0.0066125845,0.1,7.593750000000002e-05,0.428419223963283,0.9170975685119629,28.143972450494765,0.000898528820653155,0.07855361700057983,0.2,0.2760597229003906
135,20.306455612182617,527.33,17694720,2135,8286,0.7512216567993164,1340,7.593750000000002e-05,0.0066739223,0.1,7.593750000000002e-05,0.4417468606494367,0.9171543121337891,28.056338550150393,0.0007016941095116635,0.07882136851549149,0.2,0.2752197265625
136,20.367494583129883,531.8,17825792,2135,8345,0.6604853868484497,1350,7.593750000000002e-05,0.006547374,0.1,7.593750000000002e-05,0.4095378163270652,0.9186863899230957,27.97425045222044,0.0009221871972840745,0.0790783166885376,0.2,0.27217636108398435
137,19.524202346801758,504.18,17956864,2136,8403,0.6526656150817871,1360,7.593750000000002e-05,0.00655038,0.1,7.593750000000002e-05,0.4311284880153835,0.9154249429702759,27.892887541651724,0.0007226098644878221,0.0793447270989418,0.2,0.270172119140625
138,19.419218063354492,503.85,18087936,2137,8462,0.7030246257781982,1370,7.593750000000002e-05,0.006321745,0.1,7.593750000000002e-05,0.4058107365621254,0.9214679598808289,27.820615282654764,0.0008277614128019195,0.07956210523843765,0.2,0.26349334716796874
139,19.513765335083008,499.09,18219008,2138,8520,0.7067878246307373,1380,7.593750000000002e-05,0.0066009457,0.1,7.593750000000002e-05,0.39127232239115983,0.9229770302772522,27.73528344631195,0.0005920917129060399,0.07983765751123428,0.2,0.2696800231933594
140,19.148700714111328,501.69,18350080,2138,8579,0.6487424373626709,1390,7.593750000000002e-05,0.006577535,0.1,7.593750000000002e-05,0.38192379726096987,0.9276714324951172,27.658988888561726,0.0006576654625860101,0.08007927983999252,0.2,0.2690093994140625
141,19.61719512939453,517.24,18481152,2139,8637,0.634650468826294,1400,7.593750000000002e-05,0.0067161303,0.1,7.593750000000002e-05,0.40003151225391775,0.9257856607437134,27.571889455616475,0.0007842615408662823,0.08036721497774124,0.2,0.27733306884765624
142,18.784095764160156,499.47,18612224,2140,8696,0.6434409618377686,1410,7.593750000000002e-05,0.006606398,0.1,7.593750000000002e-05,0.3774149767588824,0.9284668564796448,27.4730947971344,0.0006624373893828305,0.08068861067295074,0.2,0.2759269714355469
143,19.782310485839844,524.36,18743296,2140,8755,0.6278107166290283,1420,7.593750000000002e-05,0.0065922933,0.1,7.593750000000002e-05,0.38399708713404834,0.9283812046051025,27.387107756733894,0.0008138571834933828,0.08095794916152954,0.2,0.2764884948730469
144,20.365781784057617,541.14,18874368,2141,8813,0.6367302536964417,1430,7.593750000000002e-05,0.006621229,0.1,7.593750000000002e-05,0.3711162825580686,0.9286816120147705,27.309376929700374,0.0009176013378464631,0.08120522648096085,0.2,0.27379684448242186
145,20.302640914916992,536.62,19005440,2142,8871,0.5995116829872131,1440,7.593750000000002e-05,0.006663139,0.1,7.593750000000002e-05,0.38167049589101226,0.9266743063926697,27.221701706945897,0.0006150479912776063,0.08150359243154526,0.2,0.2816429138183594
146,20.310840606689453,531.02,19136512,2142,8930,0.675506055355072,1450,7.593750000000002e-05,0.0066102864,0.1,7.593750000000002e-05,0.37343615414574743,0.9294551014900208,27.135318025946617,0.0006737956412962376,0.08177295327186584,0.2,0.2767448425292969
147,22.313983917236328,585.24,19267584,2143,8988,0.6667438745498657,1460,7.593750000000002e-05,0.006757954,0.1,7.593750000000002e-05,0.37050280305556954,0.9286020994186401,27.04891954064369,0.0006286981449193263,0.08205249905586243,0.2,0.277801513671875
148,22.17355728149414,572.8,19398656,2144,9046,0.6310750842094421,1470,7.593750000000002e-05,0.0066859075,0.1,7.593750000000002e-05,0.33809758711140603,0.9326556921005249,26.963483771681787,0.0002593238560621103,0.08234956115484238,0.2,0.28161773681640623
149,21.9468936920166,565.59,19529728,2144,9104,0.6555565595626831,1480,7.593750000000002e-05,0.0066665653,0.1,7.593750000000002e-05,0.3915688432753086,0.9269484281539917,26.876300409436226,0.0006424370842069039,0.08264687657356262,0.2,0.27768630981445314
150,21.064804077148438,543.25,19660800,2145,9163,0.6278673410415649,1490,7.593750000000002e-05,0.006554095,0.1,7.593750000000002e-05,0.39466098945122213,0.92586749792099,26.78525234013796,0.0005055943394381756,0.08293700963258743,0.2,0.2765693664550781
151,20.53082275390625,528.23,19791872,2145,9224,0.698165774345398,1500,7.593750000000002e-05,0.006570583,0.1,7.593750000000002e-05,0.41654143354389817,0.9238002300262451,26.703726609051227,0.0005774988672783366,0.08320000767707825,0.2,0.27500076293945314
152,19.89698028564453,521.92,19922944,2146,9282,0.6879935264587402,1510,7.593750000000002e-05,0.006493465,0.1,7.593750000000002e-05,0.4466768608195707,0.9217105507850647,26.61652385443449,0.0007305908926355187,0.08349233865737915,0.2,0.2747764587402344
153,18.909719467163086,499.51,20054016,2146,9341,0.6739155054092407,1520,7.593750000000002e-05,0.006692192,0.1,7.593750000000002e-05,0.4339037137804553,0.9245201349258423,26.53267289251089,0.00043185390932194424,0.08378168195486069,0.2,0.27931976318359375
154,17.94178581237793,462.37,20185088,2147,9399,0.8560206890106201,1530,7.593750000000002e-05,0.0065949634,0.1,7.593750000000002e-05,0.4920291714835912,0.9202563762664795,26.437040354311467,0.0008279129810034646,0.08410544693470001,0.2,0.28746337890625
155,18.286317825317383,470.49,20316160,2147,9458,0.7513946890830994,1540,7.593750000000002e-05,0.0066708685,0.1,7.593750000000002e-05,0.4751169113442302,0.9227336049079895,26.344699482619763,0.0006530648046918941,0.08442075550556183,0.2,0.2794677734375
156,18.399620056152344,481.28,20447232,2148,9517,0.645392894744873,1550,7.593750000000002e-05,0.0064064097,0.1,7.593750000000002e-05,0.4875436895759776,0.9198795557022095,26.25455710142851,0.0007653311539343122,0.0847121924161911,0.2,0.27872772216796876
157,18.193876266479492,466.95,20578304,2148,9575,0.7369693517684937,1560,7.593750000000002e-05,0.0067224563,0.1,7.593750000000002e-05,0.48123579495586455,0.9197086095809937,26.166129729151727,0.0003889210582656233,0.0850096195936203,0.2,0.28261337280273435
158,18.006114959716797,468.44,20709376,2149,9634,0.7326383590698242,1570,7.593750000000002e-05,0.006591389,0.1,7.593750000000002e-05,0.4722668007714674,0.9215478301048279,26.079929335415365,0.0004945720661453379,0.0853152871131897,0.2,0.2790397644042969
159,20.247783660888672,542.86,20840448,2150,9693,0.703590989112854,1580,7.593750000000002e-05,0.0063252803,0.1,7.593750000000002e-05,0.4652721650432795,0.9176143407821655,25.99630061388016,0.00043225463550697894,0.08559629321098328,0.2,0.27568206787109373
160,19.646778106689453,516.63,20971520,2150,9751,0.678015410900116,1590,7.593750000000002e-05,0.0066610854,0.1,7.593750000000002e-05,0.4187994008185342,0.9257120490074158,25.912857267260552,0.00046781868586549536,0.08587982505559921,0.2,0.28240966796875
161,21.08941078186035,557.32,21102592,2151,9810,0.6257228851318359,1600,7.593750000000002e-05,0.0063176644,0.1,7.593750000000002e-05,0.4103692839387804,0.9258521795272827,25.827461536228657,0.0007740669298982539,0.08617982268333435,0.2,0.272967529296875
162,19.851167678833008,526.62,21233664,2151,9868,0.6542690992355347,1610,7.593750000000002e-05,0.0064706984,0.1,7.593750000000002e-05,0.38472680673003196,0.9272310733795166,25.74257365912199,0.00032319317615474573,0.08647241443395615,0.2,0.27763519287109373
163,20.3752498626709,541.75,21364736,2152,9926,0.6918716430664062,1620,7.593750000000002e-05,0.006379175,0.1,7.593750000000002e-05,0.38867400309536604,0.9253530502319336,25.656599403917788,0.0002629117894684896,0.08676771074533463,0.2,0.2721748352050781
164,22.165578842163086,583.48,21495808,2152,9984,0.6080601215362549,1630,7.593750000000002e-05,0.0061110593,0.1,7.593750000000002e-05,0.38781804202590137,0.9240749478340149,25.58236795216799,0.0004390805388084118,0.08702197670936584,0.2,0.2687034606933594
165,22.47860336303711,590.32,21626880,2153,10043,0.6100799441337585,1640,7.593750000000002e-05,0.0063096834,0.1,7.593750000000002e-05,0.35689810663461685,0.9275603294372559,25.497947637736797,0.00010119661551470927,0.08732230961322784,0.2,0.2707366943359375
166,22.619495391845703,593.0,21757952,2153,10101,0.6495476961135864,1650,7.593750000000002e-05,0.0062197875,0.1,7.593750000000002e-05,0.36733657992444935,0.9221025705337524,25.40737813413143,0.0003332597760618228,0.08763650059700012,0.2,0.26627044677734374
167,21.260683059692383,554.3,21889024,2154,10160,0.6675829887390137,1660,7.593750000000002e-05,0.0062994645,0.1,7.593750000000002e-05,0.39894810046534984,0.9203571677207947,25.321944850683213,0.00018817173622664995,0.08793783187866211,0.2,0.273565673828125
168,21.45208740234375,558.21,22020096,2154,10219,0.5826769471168518,1670,7.593750000000002e-05,0.0065279547,0.1,7.593750000000002e-05,0.4011340701719746,0.9236502647399902,25.232888321578503,0.00017545985997458047,0.08825139701366425,0.2,0.2725074768066406
169,21.796737670898438,569.97,22151168,2155,10277,0.7335747480392456,1680,7.593750000000002e-05,0.006289934,0.1,7.593750000000002e-05,0.4273313202895224,0.9203739166259766,25.156519673764706,0.00010179107425756229,0.08852048963308334,0.2,0.27330322265625
170,21.42599105834961,569.49,22282240,2155,10335,0.7533440589904785,1690,7.593750000000002e-05,0.0065818746,0.1,7.593750000000002e-05,0.41005485588684676,0.9226353764533997,25.075211173295976,0.000199129226120931,0.08880724012851715,0.2,0.27312698364257815
171,20.14128875732422,526.58,22413312,2156,10394,0.7060456275939941,1700,7.593750000000002e-05,0.0064156405,0.1,7.593750000000002e-05,0.4322329139104113,0.9205129742622375,24.995801311731338,0.0004099905933799164,0.0890868604183197,0.2,0.2746368408203125
172,19.583105087280273,508.31,22544384,2156,10452,0.723590075969696,1710,7.593750000000002e-05,0.006333837,0.1,7.593750000000002e-05,0.44045007734093816,0.9203455448150635,24.915345507860184,0.00023769846447976306,0.08938431739807129,0.2,0.27181472778320315
173,20.167001724243164,524.52,22675456,2157,10511,0.689031183719635,1720,7.593750000000002e-05,0.0065317787,0.1,7.593750000000002e-05,0.44435935963410883,0.924662709236145,24.82614000290632,-2.4983233288367044e-06,0.08969970792531967,0.2,0.27344741821289065
174,20.468612670898438,530.92,22806528,2157,10569,0.7746578454971313,1730,7.593750000000002e-05,0.006483683,0.1,7.593750000000002e-05,0.44762003775686027,0.9232491850852966,24.728896807134152,0.0001604390356078511,0.09005653113126755,0.2,0.2770835876464844
175,19.921977996826172,516.18,22937600,2158,10627,0.8004574179649353,1740,7.593750000000002e-05,0.0064195944,0.1,7.593750000000002e-05,0.47296132049523293,0.9172626733779907,24.648359045386314,8.075185460256761e-05,0.09033741056919098,0.2,0.2691680908203125
176,21.365148544311523,559.1,23068672,2158,10686,0.6501671671867371,1750,7.593750000000002e-05,0.006251576,0.1,7.593750000000002e-05,0.45042657006997616,0.9223625063896179,24.572836451232433,0.0003044597104235436,0.09061780571937561,0.2,0.2701423645019531
177,21.450979232788086,562.56,23199744,2159,10745,0.6977101564407349,1760,7.593750000000002e-05,0.006270364,0.1,7.593750000000002e-05,0.4443462899653241,0.918616533279419,24.484348787367345,0.00024816151913000797,0.0909280776977539,0.2,0.26949386596679686
178,21.11688995361328,545.18,23330816,2159,10803,0.6499881744384766,1770,7.593750000000002e-05,0.00632883,0.1,7.593750000000002e-05,0.444942017365247,0.9184990525245667,24.392430894076824,0.0003016662768459355,0.09128280729055405,0.2,0.2726753234863281
179,21.469554901123047,554.55,23461888,2160,10861,0.6824498176574707,1780,7.593750000000002e-05,0.0062145954,0.1,7.593750000000002e-05,0.4471779989311472,0.915368378162384,24.297260870039462,0.00018031136805802818,0.0916137769818306,0.2,0.27120285034179686
180,20.028526306152344,518.51,23592960,2160,10920,0.76865553855896,1790,7.593750000000002e-05,0.0062411097,0.1,7.593750000000002e-05,0.46239747738000003,0.9180832505226135,24.209357987344266,0.00023588806648149329,0.09194289147853851,0.2,0.2709327697753906
181,21.066364288330078,545.02,23724032,2160,10978,0.6905906200408936,1800,7.593750000000002e-05,0.0062796865,0.1,7.593750000000002e-05,0.46414358727633953,0.9141726493835449,24.123227444291114,0.00019263843910266587,0.09225999563932419,0.2,0.270587158203125
182,19.36730194091797,505.43,23855104,2161,11037,0.6306106448173523,1810,7.593750000000002e-05,0.00639978,0.1,7.593750000000002e-05,0.4517869216157123,0.9200605750083923,24.03960055410862,-8.987512628664263e-05,0.09256860613822937,0.2,0.2727142333984375
183,21.691692352294922,563.95,23986176,2161,11097,0.7421830296516418,1820,7.593750000000002e-05,0.0062871096,0.1,7.593750000000002e-05,0.4652657821774483,0.9173654317855835,23.959349167346954,-0.00033181228136527354,0.09285745024681091,0.2,0.2764869689941406
184,19.037673950195312,496.34,24117248,2161,11155,0.694695770740509,1830,7.593750000000002e-05,0.0064310967,0.1,7.593750000000002e-05,0.4679832204710692,0.9170048236846924,23.87169596105814,-2.3730420571155265e-05,0.09319348633289337,0.2,0.2732513427734375
185,19.521467208862305,508.05,24248320,2162,11214,0.7494943141937256,1840,7.593750000000002e-05,0.006309429,0.1,7.593750000000002e-05,0.48382954187691213,0.9174118041992188,23.778078438341616,3.952323413614067e-05,0.09354656934738159,0.2,0.2743522644042969
186,18.414413452148438,474.18,24379392,2162,11273,0.6302146911621094,1850,7.593750000000002e-05,0.006347781,0.1,7.593750000000002e-05,0.4637325905729085,0.9191173315048218,23.694751019775868,-3.2659466523909944e-05,0.09384724497795105,0.2,0.27280426025390625
187,19.558433532714844,504.99,24510464,2162,11331,0.6437535881996155,1860,7.593750000000002e-05,0.006328861,0.1,7.593750000000002e-05,0.47504615420475604,0.9163156747817993,23.618642574548723,0.0002385899108958256,0.09413192421197891,0.2,0.2731414794921875
188,19.13579559326172,489.13,24641536,2163,11390,0.7656315565109253,1870,7.593750000000002e-05,0.0064124344,0.1,7.593750000000002e-05,0.4735579483909532,0.914941668510437,23.533381731808184,-1.7254154818147073e-05,0.09446635097265244,0.2,0.2729331970214844
189,19.375869750976562,504.78,24772608,2163,11449,0.6685552000999451,1880,7.593750000000002e-05,0.0063390946,0.1,7.593750000000002e-05,0.4440789823653176,0.919851541519165,23.442243710160255,2.1031109167779504e-05,0.09481248259544373,0.2,0.2734703063964844
190,20.05335235595703,522.65,24903680,2164,11507,0.7343429327011108,1890,7.593750000000002e-05,0.006429271,0.1,7.593750000000002e-05,0.4588799988850951,0.9193562269210815,23.362476646900177,1.7405539165338268e-05,0.09509213268756866,0.2,0.27118988037109376
191,21.27117919921875,557.09,25034752,2164,11566,0.5766437649726868,1900,7.593750000000002e-05,0.005920411,0.1,7.593750000000002e-05,0.42207450687419623,0.916879415512085,23.280297738313674,-2.3840027506594196e-05,0.09542704373598099,0.2,0.26803054809570315
192,20.2103271484375,523.89,25165824,2164,11625,0.6099967956542969,1910,7.593750000000002e-05,0.006234766,0.1,7.593750000000002e-05,0.464912000624463,0.9132899641990662,23.197550766170025,6.322127983366954e-05,0.09573496878147125,0.2,0.26685256958007814
193,21.401269912719727,556.45,25296896,2165,11683,0.6082392334938049,1920,7.593750000000002e-05,0.0062296335,0.1,7.593750000000002e-05,0.419379701372236,0.9232732057571411,23.11825550496578,-0.0003220779851744737,0.09604225307703018,0.2,0.2713035583496094
194,21.183801651000977,549.67,25427968,2165,11741,0.6020523309707642,1930,7.593750000000002e-05,0.006090953,0.1,7.593750000000002e-05,0.42644562039058653,0.9176353812217712,23.034814935922622,-0.00036405343221304067,0.09636113792657852,0.2,0.2690391540527344
195,21.870534896850586,561.2,25559040,2165,11800,0.5966304540634155,1940,7.593750000000002e-05,0.006119838,0.1,7.593750000000002e-05,0.411477307532914,0.9137424826622009,22.942867527902127,-0.00019046865586460626,0.09672405570745468,0.2,0.2707855224609375
196,22.200166702270508,570.74,25690112,2165,11862,0.6190909147262573,1950,7.593750000000002e-05,0.0059001376,0.1,7.593750000000002e-05,0.4082297809887677,0.9190747141838074,22.855609929561616,-0.0002702033154946548,0.09705565124750137,0.2,0.26695785522460935
197,21.9307861328125,570.62,25821184,2165,11923,0.6152953505516052,1960,7.593750000000002e-05,0.0060879206,0.1,7.593750000000002e-05,0.4195433506509289,0.9175571203231812,22.77244329601526,-0.0002522018657600711,0.09737524390220642,0.2,0.2653160095214844
