time/time_elapsed,rollout/ep_len_mean,train/action_std_19,time/iterations,train/action_std_16,train/action_std_22,rollout/episodes_right,train/action_std_00,train/action_std_07,rollout/action_saturation_fraction,time/total_timesteps,rollout/episodes_up,rollout/episodes_left,rollout/episodes_fwd,train/action_std_08,rollout/recovery_back,train/action_std_01,train/action_std_10,train/action_std_15,train/action_std_13,train/action_std_23,train/action_std_02,rollout/force_onset_mean,train/action_std_14,train/std_max,train/action_std_21,rollout/force_requested_impulse_mean,rollout/recovery_up,time/fps,train/action_std_04,rollout/force_direction_mean,rollout/recovery_left,train/action_std_17,rollout/recovery_fwd,train/std_min,train/action_std_24,train/action_std_09,rollout/is_timeout_mean,train/action_std_03,train/action_std_06,train/action_std_12,rollout/episodes_back,rollout/recovery_right,train/action_std_18,train/action_std_05,train/action_std_11,rollout/ep_rew_mean,train/action_std_20,rollout/is_fall_mean,train/learning_rate,train/loss,train/entropy_loss,train/policy_gradient_loss,train/clip_fraction,rollout/recovery_down,train/clip_range,train/approx_kl,rollout/timeout_without_onset_fraction,rollout/episodes_down,train/clip_range_vf,train/value_loss,train/std,rollout/episodes_noforce,train/explained_variance,train/n_updates,rollout/timeouts,rollout/recovery_noforce
22,295.45454545454544,0.05000000074505806,1,0.05000000074505806,0.05000000074505806,5,0.05000000074505806,0.05000000074505806,0.0,131072,1,3,5,0.05000000074505806,0.0,0.05000000074505806,0.05000000074505806,0.05000000074505806,0.05000000074505806,0.05000000074505806,0.05000000074505806,1.3932727272727286,0.05000000074505806,0.05000000074505806,0.05000000074505806,1.733974167013126,0.0,5889,0.05000000074505806,1.5,0.0,0.05000000074505806,0.0,0.05000000074505806,0.05000000074505806,0.05000000074505806,0.0,0.05000000074505806,0.05000000074505806,0.05000000074505806,8,0.0,0.05000000074505806,0.05000000074505806,0.05000000074505806,197.26512145996094,0.05000000074505806,1.0,,,,,,,,,,,,,,,,,,
48,1000.0,0.05008983239531517,2,0.05007173493504524,0.050078559666872025,31,0.05012737214565277,0.05013872683048248,0.0,262144,37,28,32,0.0500982403755188,0.8536585365853658,0.05010771378874779,0.05007900297641754,0.05012127384543419,0.05010811984539032,0.05011862516403198,0.05011746287345886,1.4051744680851075,0.05008349195122719,0.050154998898506165,0.05008154362440109,1.059749861815282,1.0,5403,0.05007798969745636,1.7957446808510638,0.9642857142857143,0.0501166395843029,0.96875,0.050026532262563705,0.050112172961235046,0.050154998898506165,0.9404255319148936,0.05005805194377899,0.05015252158045769,0.05004633218050003,41,0.8064516129032258,0.05010950565338135,0.05007997900247574,0.050026532262563705,729.4862670898438,0.050081174820661545,0.059574468085106386,1e-05,3.8363046646118164,39.392829278111456,-0.002339867297450837,0.12112197875976563,1.0,0.1,0.0024093427,0.0,25,0.2,2.949630729947239,0.0500975027680397,41,-0.16326534748077393,10,221,1.0
74,882.58,0.05018816515803337,3,0.05017031729221344,0.05013205483555794,7,0.050223562866449356,0.050179410725831985,0.0,393216,3,8,4,0.05021042749285698,0.4,0.05016757547855377,0.050173163414001465,0.050152771174907684,0.05021997168660164,0.050252728164196014,0.0501713827252388,1.3635000000000008,0.050166670233011246,0.05026823282241821,0.05019255727529526,1.3489889726277307,1.0,5303,0.0501524843275547,1.875,0.625,0.0502343513071537,0.5,0.050127074122428894,0.05021767318248749,0.05024169757962227,0.575,0.05018329992890358,0.05026823282241821,0.05015247315168381,10,0.2857142857142857,0.05017465725541115,0.05015135183930397,0.050139594823122025,643.3241577148438,0.050127074122428894,0.425,1e-05,1.616934061050415,39.34591216742992,-0.0017883618940686575,0.10863189697265625,1.0,0.1,0.0022012761,0.0,4,0.2,1.2670140784233808,0.05018574744462967,4,-1.175065040588379,20,23,0.75
100,1000.0,0.0503019355237484,4,0.05026344209909439,0.05027046054601669,28,0.05026337876915932,0.05027874559164047,0.0,524288,20,22,37,0.05028241127729416,0.8518518518518519,0.05028634890913963,0.050216201692819595,0.05020063742995262,0.05029943957924843,0.05031251534819603,0.05027182772755623,1.3925818181818193,0.050179287791252136,0.05042664334177971,0.05028235539793968,1.0611116980377,1.0,5210,0.05026949197053909,1.8772727272727272,1.0,0.05031700059771538,0.8918918918918919,0.050179287791252136,0.05035606399178505,0.05033589527010918,0.9272727272727272,0.050309404730796814,0.05042664334177971,0.05027775093913078,27,0.8214285714285714,0.05030139535665512,0.05023881793022156,0.050289809703826904,728.8563842773438,0.05019766837358475,0.07272727272727272,1e-05,1.6008433103561401,39.299981471896174,-0.001576975567422778,0.10408248901367187,0.9545454545454546,0.1,0.002111934,0.0,44,0.2,1.2503836755640805,0.05028115585446358,42,-1.7782049179077148,30,204,0.9761904761904762
126,899.78,0.05041059851646423,5,0.05036843195557594,0.050357669591903687,6,0.05035213753581047,0.05037524178624153,0.0,655360,6,9,10,0.05038700997829437,0.5555555555555556,0.05037166178226471,0.05032026022672653,0.050243958830833435,0.05041688308119774,0.05040496215224266,0.05029431730508804,1.3579622641509443,0.05020177364349365,0.050526317209005356,0.05033060535788536,0.998631201871978,0.8333333333333334,5180,0.05028855428099632,1.3962264150943395,0.8888888888888888,0.05040891468524933,0.6,0.05020177364349365,0.050526317209005356,0.05040932446718216,0.6792452830188679,0.050435617566108704,0.05049674212932587,0.05038226768374443,9,0.0,0.05042813718318939,0.050290804356336594,0.05034664273262024,655.4375610351562,0.05028459429740906,0.32075471698113206,1e-05,1.6262056827545166,39.25588330030441,-0.0020860669837020397,0.11122055053710937,1.0,0.1,0.0022438355,0.0,3,0.2,1.2951572737656534,0.05036533623933792,10,-1.0749835968017578,40,36,0.9
153,981.72,0.050517402589321136,6,0.05052642524242401,0.050490815192461014,24,0.050503503531217575,0.05048669874668121,0.0,786432,26,26,39,0.05053934082388878,0.8666666666666667,0.05048659071326256,0.05037996172904968,0.050414372235536575,0.050494235008955,0.050496526062488556,0.05035503953695297,1.3842830188679254,0.050286322832107544,0.05062311887741089,0.0504356287419796,0.9977590562345758,1.0,5136,0.050411343574523926,1.6084905660377358,0.8461538461538461,0.050453562289476395,0.9230769230769231,0.050286322832107544,0.05057425796985626,0.050572365522384644,0.9198113207547169,0.0506012998521328,0.05062311887741089,0.05055905878543854,30,0.875,0.05055851489305496,0.05036384239792824,0.05042816326022148,722.5726318359375,0.05037679150700569,0.08018867924528301,1e-05,1.6620163917541504,39.206310990452764,-0.0019892840586180683,0.10572738647460937,1.0,0.1,0.0022090436,0.0,25,0.2,1.2527584572322668,0.05047740414738655,42,-1.1133122444152832,50,195,0.9285714285714286
179,888.25,0.05060423165559769,7,0.05065517500042915,0.05061900243163109,7,0.050651103258132935,0.05059109628200531,0.0,917504,7,9,11,0.05066857114434242,0.4166666666666667,0.05057915672659874,0.05045049265027046,0.05057329311966896,0.05056801810860634,0.050611693412065506,0.05041508376598358,1.352593750000001,0.050383348017930984,0.05078566446900368,0.05054512247443199,1.132570343760436,1.0,5121,0.050524353981018066,1.703125,1.0,0.050527531653642654,0.7272727272727273,0.050383348017930984,0.05064099654555321,0.05070594698190689,0.75,0.05075228214263916,0.05078566446900368,0.050648968666791916,12,0.42857142857142855,0.05066882073879242,0.05048154667019844,0.05055633559823036,645.6939086914062,0.05051321163773537,0.25,1e-05,1.563573956489563,39.15092269480228,-0.0018312747655727436,0.1053680419921875,0.875,0.1,0.0021268248,0.0,8,0.2,1.1587077211588621,0.050588835030794144,10,-0.8127633333206177,60,48,0.9
205,990.47,0.05069747194647789,8,0.05073371157050133,0.05070817098021507,23,0.05071054399013519,0.050636205822229385,0.0,1048576,30,33,24,0.05074528604745865,0.9705882352941176,0.05065988376736641,0.050557807087898254,0.05066730082035065,0.05060548707842827,0.050753239542245865,0.05049093812704086,1.3972636815920407,0.05047788843512535,0.05092521011829376,0.05065135657787323,0.9963390058186249,1.0,5093,0.050612788647413254,1.8109452736318408,0.9393939393939394,0.05064971372485161,0.875,0.05047788843512535,0.05068890377879143,0.05077412724494934,0.9402985074626866,0.05086361989378929,0.05092521011829376,0.050730492919683456,34,0.8260869565217391,0.050754014402627945,0.05053607374429703,0.050666116178035736,721.7931518554688,0.050603169947862625,0.05970149253731343,1e-05,1.5561491250991821,39.1027074187994,-0.001830219597377436,0.10719757080078125,0.9545454545454546,0.1,0.0021500993,0.0,22,0.2,1.13892518915236,0.05067598074674606,35,-0.9382617473602295,70,189,0.9714285714285714
232,902.62,0.050818052142858505,9,0.0508088693022728,0.05079846829175949,22,0.05081239715218544,0.050689879804849625,0.0,1179648,7,5,14,0.05080398917198181,0.6666666666666666,0.050765544176101685,0.050656743347644806,0.050722744315862656,0.05075199156999588,0.05082396790385246,0.05062083899974823,1.407943661971832,0.05057070404291153,0.051057372242212296,0.050744928419589996,1.172414441258628,1.0,5081,0.05066070333123207,1.8169014084507042,0.6,0.050773970782756805,0.7142857142857143,0.05057070404291153,0.05078534036874771,0.05085068196058273,0.7887323943661971,0.05095101520419121,0.051057372242212296,0.05076000466942787,9,0.7272727272727273,0.05081641674041748,0.05058048292994499,0.05069822072982788,657.2848510742188,0.05068347603082657,0.2112676056338028,1e-05,1.471745491027832,39.06040710806847,-0.002031453948438866,0.11120681762695313,1.0,0.1,0.0022384396,0.0,5,0.2,1.06792440158315,0.05076027289032936,9,-0.8391069173812866,80,56,1.0
258,1000.0,0.05091571807861328,10,0.05089174583554268,0.05089287459850311,25,0.05089271813631058,0.0507487989962101,0.0,1310720,26,24,35,0.05092953145503998,0.8275862068965517,0.05082887411117554,0.050754182040691376,0.050774767994880676,0.050822075456380844,0.05088980495929718,0.05078542232513428,1.3839685863874354,0.050627920776605606,0.051116637885570526,0.05083298310637474,1.1347032921657167,1.0,5062,0.05076277628540993,1.8219895287958114,0.9166666666666666,0.050816308706998825,0.9714285714285714,0.050627920776605606,0.05089303478598595,0.05095433071255684,0.9267015706806283,0.05108559504151344,0.051116637885570526,0.05087989196181297,29,0.76,0.05090755969285965,0.05068333446979523,0.050755903124809265,724.62939453125,0.05075327679514885,0.07329842931937172,1e-05,1.4359712600708008,39.018107363581656,-0.001961055144420243,0.1061279296875,1.0,0.1,0.0021224092,0.0,24,0.2,1.0567363631911575,0.05084783956408501,28,-0.9461205005645752,90,177,1.0
285,918.71,0.0509551465511322,11,0.05098680406808853,0.05099234730005264,12,0.05099033936858177,0.05086800828576088,0.0,1441792,7,13,14,0.05105912312865257,0.5833333333333334,0.05088100954890251,0.05084261670708656,0.05084322392940521,0.05088076740503311,0.051008518785238266,0.05092790350317955,1.4117721518987352,0.05073260888457298,0.05116168037056923,0.05097033455967903,1.0701155721571898,1.0,5057,0.050860948860645294,1.4050632911392404,1.0,0.050844207406044006,0.6428571428571429,0.05073260888457298,0.05090194195508957,0.05109865218400955,0.8227848101265823,0.05116168037056923,0.05115610361099243,0.05096966400742531,12,0.6666666666666666,0.05100709944963455,0.05079394951462746,0.05085742101073265,665.056884765625,0.050867654383182526,0.17721518987341772,1e-05,1.3357088565826416,38.974279657006264,-0.0018894898114922398,0.1052093505859375,1.0,0.1,0.002118777,0.0,5,0.2,0.953758032573387,0.05093831941485405,16,-0.6358866691589355,100,65,1.0
311,982.4,0.051054973155260086,12,0.05110761895775795,0.0510433092713356,24,0.051005080342292786,0.05095706507563591,0.0,1572864,28,23,25,0.05113590881228447,0.75,0.05096840113401413,0.05093635618686676,0.05091911181807518,0.05094379186630249,0.051137201488018036,0.05102412402629852,1.4004042553191498,0.05075043439865112,0.05125037208199501,0.05101742222905159,0.9663234645753567,1.0,5042,0.05091780424118042,1.7127659574468086,0.8695652173913043,0.05091140419244766,0.76,0.05075043439865112,0.05094120278954506,0.051198698580265045,0.898936170212766,0.05122676119208336,0.05125037208199501,0.05109385401010513,24,0.875,0.05106416344642639,0.05087811127305031,0.05095847696065903,715.288818359375,0.05098231881856918,0.10106382978723404,1e-05,1.3281896114349365,38.93323945403099,-0.002130686640703061,0.10578842163085937,1.0,0.1,0.0021217181,0.0,22,0.2,0.9201149724889547,0.051016952842473984,42,-0.6102900505065918,110,169,0.9761904761904762
338,915.58,0.0511365681886673,13,0.05121929943561554,0.05116681382060051,6,0.05104660987854004,0.05100684240460396,0.0,1703936,15,8,13,0.051204975694417953,0.6470588235294118,0.05108233168721199,0.05103863775730133,0.05104091390967369,0.05106865614652634,0.05122469365596771,0.05118882656097412,1.3973493975903624,0.050767119973897934,0.05132458731532097,0.051074039191007614,1.209176471072691,1.0,5039,0.05101042613387108,1.6987951807228916,0.75,0.05101373791694641,0.7692307692307693,0.050767119973897934,0.05100586637854576,0.05132458731532097,0.8674698795180723,0.05128980800509453,0.051316890865564346,0.05118083208799362,17,1.0,0.05116865411400795,0.05105404555797577,0.05109945684671402,666.079345703125,0.05108639970421791,0.13253012048192772,1e-05,1.2280919551849365,38.89001500308514,-0.0021345606157410655,0.1062347412109375,1.0,0.1,0.0021744962,0.0,9,0.2,0.8692978030070663,0.05111267790198326,15,-0.3518904447555542,120,72,1.0
364,987.98,0.05127986893057823,14,0.05133543908596039,0.051230289041996,35,0.05112325772643089,0.0510702021420002,0.0,1835008,28,17,28,0.05126284807920456,0.8695652173913043,0.05117402598261833,0.051147714257240295,0.051161251962184906,0.0511944517493248,0.05136782303452492,0.05125918611884117,1.3954078212290513,0.05090977996587753,0.05144702270627022,0.05114732310175896,1.0258557216307047,1.0,5027,0.05107370764017105,1.9664804469273742,0.9411764705882353,0.05114523693919182,0.9642857142857143,0.05090977996587753,0.0510718934237957,0.05140671133995056,0.9385474860335196,0.05144702270627022,0.051434583961963654,0.05127934366464615,23,0.8285714285714286,0.051206450909376144,0.05113716423511505,0.051178134977817535,723.2493896484375,0.05119859054684639,0.061452513966480445,1e-05,1.1995052099227905,38.84260940253735,-0.002189995123171684,0.10921478271484375,1.0,0.1,0.002200953,0.0,21,0.2,0.8280387721024454,0.05120968818664551,27,-0.6402344703674316,130,168,1.0
391,912.79,0.051381323486566544,15,0.051472947001457214,0.051387667655944824,13,0.05125358700752258,0.051161933690309525,0.0,1966080,11,13,10,0.05133979767560959,0.8333333333333334,0.05127010866999626,0.05128862336277962,0.05126345157623291,0.0512094683945179,0.05148884281516075,0.05136663466691971,1.353298969072166,0.05101417377591133,0.051578622311353683,0.051207613199949265,0.9925011709415762,1.0,5024,0.05118547007441521,1.597938144329897,0.7692307692307693,0.0511818453669548,0.9,0.05101417377591133,0.051234737038612366,0.05151750147342682,0.8556701030927835,0.05152294412255287,0.051578622311353683,0.051435764878988266,18,0.6153846153846154,0.05129734054207802,0.05127716436982155,0.05129609629511833,665.706298828125,0.05130491405725479,0.14432989690721648,1e-05,1.1713465452194214,38.792277571558955,-0.002161977026207751,0.10848541259765625,1.0,0.1,0.0021719877,0.0,10,0.2,0.772228911332786,0.05131754279136658,22,-0.38408970832824707,140,83,0.9090909090909091
418,993.95,0.051536645740270615,16,0.051567886024713516,0.05149682238698006,26,0.051300693303346634,0.05132221058011055,0.0,2097152,16,28,28,0.05141948536038399,0.85,0.051377203315496445,0.05140974000096321,0.051382239907979965,0.05131823569536209,0.05158590152859688,0.05144603177905083,1.3960118343195276,0.05111773684620857,0.051689084619283676,0.0512540265917778,0.9878171588306608,1.0,5015,0.051247648894786835,1.6627218934911243,0.9642857142857143,0.051310621201992035,0.9285714285714286,0.05111773684620857,0.05133763328194618,0.05157411843538284,0.9467455621301775,0.051656078547239304,0.051689084619283676,0.05149856582283974,20,0.9230769230769231,0.0514293871819973,0.05141546204686165,0.051373761147260666,721.2169799804688,0.05139520391821861,0.05325443786982249,1e-05,1.1047475337982178,38.74174562096596,-0.0022875451545587566,0.10909957885742187,0.9473684210526315,0.1,0.0021527465,0.0,19,0.2,0.7104616737924516,0.051418498158454895,32,-0.3003988265991211,150,160,1.0
444,907.02,0.05162634700536728,17,0.05163487419486046,0.051545530557632446,20,0.05139235779643059,0.05141783878207207,0.0,2228224,6,13,16,0.05147796869277954,0.55,0.051549363881349564,0.05154641345143318,0.05148248374462128,0.05136820301413536,0.05169103294610977,0.05155359208583832,1.3960183486238544,0.05120011791586876,0.051748692989349365,0.05132515728473663,1.1991923631630372,1.0,5012,0.0513751246035099,1.81651376146789,0.9230769230769231,0.05144290253520012,0.6875,0.05120011791586876,0.05140998587012291,0.0517205074429512,0.8073394495412844,0.051748692989349365,0.0517272911965847,0.05156652256846428,20,0.75,0.05157134309411049,0.051498930901288986,0.05145833641290665,654.9085693359375,0.05149725079536438,0.1926605504587156,1e-05,1.0426205396652222,38.694295117259024,-0.0021334943418878536,0.10830764770507813,0.9411764705882353,0.1,0.0021818173,0.0,17,0.2,0.6636775155551732,0.051513127982616425,17,-0.333935022354126,160,88,1.0
471,957.98,0.05173828825354576,18,0.05171487107872963,0.05161771550774574,27,0.05154234170913696,0.05149739980697632,0.0,2359296,21,18,39,0.051573172211647034,0.8,0.05166280269622803,0.05156635120511055,0.05155506730079651,0.05149305239319801,0.05176077410578728,0.05161837115883827,1.4044166666666678,0.051296886056661606,0.05188286677002907,0.05138014629483223,1.0032284197727728,1.0,5003,0.05148100107908249,1.630952380952381,1.0,0.05150735750794411,0.8974358974358975,0.051296886056661606,0.051456619054079056,0.05184613913297653,0.9107142857142857,0.05188286677002907,0.05181214585900307,0.051670439541339874,20,0.8148148148148148,0.05162934958934784,0.05169777199625969,0.05157479643821716,693.3850708007812,0.05161115899682045,0.08928571428571429,1e-05,1.017256259918213,38.64884144961834,-0.002614125293530378,0.11106414794921875,0.875,0.1,0.0022097747,0.0,16,0.2,0.6374843057245017,0.05160747468471527,27,-0.0020829439163208008,170,153,1.0
497,928.96,0.0518406517803669,19,0.05184353515505791,0.05167568102478981,20,0.05162757635116577,0.051544394344091415,0.0,2490368,8,10,16,0.05164487287402153,0.7619047619047619,0.05175793170928955,0.05165407434105873,0.0517028383910656,0.051588792353868484,0.0519050732254982,0.05169643089175224,1.3809824561403519,0.051401536911726,0.05198760703206062,0.05150068923830986,1.0551423186112696,1.0,5001,0.051527269184589386,1.5614035087719298,1.0,0.05162618309259415,0.75,0.051401536911726,0.05158093571662903,0.05191671848297119,0.8508771929824561,0.05198760703206062,0.05182120203971863,0.05178388953208923,21,0.7,0.05172921344637871,0.05182761326432228,0.05167296901345253,670.5504150390625,0.05168753117322922,0.14912280701754385,1e-05,0.9408284425735474,38.603462907671926,-0.0020662713658566646,0.10447845458984376,0.9285714285714286,0.1,0.0021232506,0.0,14,0.2,0.5748707691673189,0.051701806485652924,25,0.045355379581451416,180,97,0.96
524,987.32,0.05191770941019058,20,0.05193754658102989,0.05180966481566429,27,0.05172712728381157,0.05160737782716751,0.0,2621440,22,17,19,0.05176457017660141,0.896551724137931,0.05184353515505791,0.05166672170162201,0.05180825665593147,0.05168896168470383,0.051956381648778915,0.051793891936540604,1.3871354838709686,0.05148349329829216,0.052135612815618515,0.05161057040095329,0.9724886570088056,1.0,4996,0.05165819823741913,1.8129032258064517,0.9411764705882353,0.051751554012298584,1.0,0.05148349329829216,0.05172353982925415,0.05207064375281334,0.9419354838709677,0.052135612815618515,0.05190863832831383,0.05189954489469528,29,0.8518518518518519,0.051834672689437866,0.05188114568591118,0.05179131031036377,719.5332641601562,0.05176344886422157,0.05806451612903226,1e-05,0.9337949752807617,38.555960363149644,-0.0025009554768985255,0.11047515869140626,1.0,0.1,0.002267627,0.0,15,0.2,0.5450886644190177,0.05180136486887932,26,0.0031411051750183105,190,146,0.9615384615384616
551,929.35,0.05207999423146248,21,0.05202171579003334,0.05186690017580986,17,0.05183926597237587,0.051716871559619904,0.0,2752512,20,23,14,0.051869090646505356,0.7222222222222222,0.051936790347099304,0.051709357649087906,0.05189552158117294,0.05178782716393471,0.052049681544303894,0.05192410945892334,1.3887540983606568,0.051565758883953094,0.05225672572851181,0.05169244855642319,0.9916544029551942,1.0,4993,0.05175177380442619,2.040983606557377,0.8695652173913043,0.05178004130721092,0.7142857142857143,0.051565758883953094,0.05183475837111473,0.05225672572851181,0.8688524590163934,0.05218983441591263,0.05206181854009628,0.05197282135486603,18,0.7647058823529411,0.05196952819824219,0.05193999409675598,0.05188983306288719,674.2835083007812,0.051885686814785004,0.13114754098360656,1e-05,0.8703435063362122,38.50821731984615,-0.0019646592186290945,0.10435791015625,1.0,0.1,0.0021071811,0.0,14,0.2,0.49123457621317357,0.05189952626824379,16,-0.12971341609954834,200,106,1.0
578,957.85,0.05219869688153267,22,0.05208788812160492,0.051939044147729874,26,0.05192360281944275,0.051833026111125946,0.0,2883584,24,16,22,0.05192543566226959,0.76,0.05210752785205841,0.05184903368353844,0.0519787073135376,0.05194416642189026,0.05216945707798004,0.05195994675159454,1.3938136645962744,0.05165782943367958,0.05236747860908508,0.05181591585278511,1.0827925092816937,1.0,4988,0.0518941730260849,1.9937888198757765,0.9375,0.05188761651515961,0.8181818181818182,0.05165782943367958,0.05196798965334892,0.05236747860908508,0.8819875776397516,0.05224468931555748,0.05215071886777878,0.052057165652513504,25,0.6923076923076923,0.05197122320532799,0.05208919569849968,0.05201283469796181,694.692626953125,0.05204091966152191,0.11801242236024845,1e-05,0.8659544587135315,38.459396383166315,-0.002256899548410729,0.10269317626953126,1.0,0.1,0.002154368,0.0,23,0.2,0.4642640129197389,0.05200297385454178,25,0.1484103798866272,210,142,1.0
604,945.95,0.05225512757897377,23,0.052218638360500336,0.0520562082529068,15,0.05207318812608719,0.051987841725349426,0.0,3014656,12,15,15,0.05197928100824356,0.7333333333333333,0.05221312493085861,0.05194774642586708,0.05207540839910507,0.05203251913189888,0.05226397514343262,0.05210109055042267,1.4030608695652185,0.05179348587989807,0.05245383456349373,0.051875099539756775,1.004294623134582,0.9166666666666666,4986,0.05200931429862976,1.7130434782608697,0.9333333333333333,0.051974691450595856,0.8,0.05179348587989807,0.05203549936413765,0.05245383456349373,0.8782608695652174,0.0523558035492897,0.05225815623998642,0.05217631161212921,15,0.7333333333333333,0.05212532356381416,0.05211396515369415,0.05208822712302208,685.4104614257812,0.05218571797013283,0.12173913043478261,1e-05,0.8112059831619263,38.410055828094485,-0.0026995731064744176,0.11058273315429687,1.0,0.1,0.0022386624,0.0,17,0.2,0.4226136892335489,0.05210597813129425,26,0.33005332946777344,220,101,0.9615384615384616
631,959.27,0.05236153304576874,24,0.05238242447376251,0.05210796371102333,24,0.05217284336686134,0.052042942494153976,0.0,3145728,21,18,20,0.05208144709467888,0.8636363636363636,0.05226857587695122,0.051969822496175766,0.05217020586133003,0.05208225175738335,0.05232016369700432,0.05215095728635788,1.3890394736842115,0.05196047201752663,0.05253445729613304,0.05194435641169548,1.0413280555454698,1.0,4982,0.05209337919950485,1.769736842105263,0.9444444444444444,0.05204286798834801,0.95,0.05194435641169548,0.0521184504032135,0.05253445729613304,0.9078947368421053,0.052468594163656235,0.05233382806181908,0.05225528031587601,22,0.6666666666666666,0.05225455388426781,0.052238933742046356,0.052196208387613297,694.989501953125,0.05230326950550079,0.09210526315789473,1e-05,0.7436970472335815,38.364530459046364,-0.002296876099626388,0.10762405395507812,1.0,0.1,0.0020935046,0.0,17,0.2,0.36327677571680395,0.05219423025846481,30,0.3113906979560852,230,138,0.9666666666666667
657,974.0,0.052454859018325806,25,0.052403774112463,0.052170753479003906,16,0.052270665764808655,0.05205786973237991,0.0,3276800,12,26,18,0.05218344181776047,0.5555555555555556,0.052344948053359985,0.05204705893993378,0.052261270582675934,0.052120141685009,0.05243593081831932,0.05220997333526611,1.4002280701754397,0.05204286798834801,0.052652399986982346,0.0520586259663105,1.0089759671532257,1.0,4982,0.05225025862455368,1.9298245614035088,0.9615384615384616,0.05214475095272064,0.7777777777777778,0.05204286798834801,0.05223435163497925,0.0526377409696579,0.9122807017543859,0.052652399986982346,0.05239749699831009,0.05235671624541283,9,0.9375,0.05243440344929695,0.05237310752272606,0.052262429147958755,708.1828002929688,0.05238806828856468,0.08771929824561403,1e-05,0.7208513021469116,38.32081443667412,-0.0025249503318264034,0.10600433349609376,1.0,0.1,0.0022044154,0.0,16,0.2,0.3549316078657284,0.0522877536714077,17,0.32381671667099,240,104,1.0
684,971.84,0.0525740385055542,26,0.05251661315560341,0.052218325436115265,19,0.05242227762937546,0.05218644067645073,0.0,3407872,19,21,20,0.05228521302342415,0.88,0.05240818113088608,0.05220131203532219,0.05234407261013985,0.0521816723048687,0.05257328972220421,0.05227619782090187,1.4034838709677429,0.05213811248540878,0.052765779197216034,0.05211794003844261,0.9827888517511695,1.0,4978,0.05238731950521469,1.8516129032258064,1.0,0.05214175209403038,0.9,0.05211794003844261,0.052357763051986694,0.05272577702999115,0.9290322580645162,0.052765779197216034,0.05251195281744003,0.052422989159822464,25,0.7368421052631579,0.052518341690301895,0.052494559437036514,0.05233496055006981,706.6676025390625,0.052469268441200256,0.07096774193548387,1e-05,0.6842929720878601,38.27542657852173,-0.0025951882282242876,0.11270523071289062,0.9565217391304348,0.1,0.0022566812,0.0,23,0.2,0.3119051848305389,0.05238296464085579,28,0.27351438999176025,250,144,1.0
711,947.46,0.05263783037662506,27,0.05262688547372818,0.052285537123680115,19,0.052526894956827164,0.05226808786392212,0.0,3538944,14,19,24,0.05239502713084221,0.7894736842105263,0.052508898079395294,0.05233550816774368,0.052473034709692,0.05230303108692169,0.05269594117999077,0.05238834396004677,1.3970400000000014,0.052244625985622406,0.05288412794470787,0.052233681082725525,1.1159649344695852,1.0,4976,0.05244150385260582,1.84,0.9473684210526315,0.0522497221827507,0.75,0.052233681082725525,0.052400123327970505,0.05288412794470787,0.864,0.05285024642944336,0.05259395018219948,0.05249006301164627,19,0.7894736842105263,0.05257745087146759,0.05251777917146683,0.052425917237997055,685.5819702148438,0.052571460604667664,0.136,1e-05,0.6632384657859802,38.23053435385227,-0.00245726431858202,0.10798721313476563,0.8666666666666667,0.1,0.002151078,0.0,15,0.2,0.29415393274975943,0.052477024495601654,15,0.427478551864624,260,108,1.0
737,959.6,0.05273611471056938,28,0.05265868082642555,0.05239155516028404,18,0.05262191966176033,0.052362386137247086,0.0,3670016,14,15,23,0.0524880588054657,0.6666666666666666,0.05256439372897148,0.05239097774028778,0.05261621251702309,0.052423618733882904,0.05283184349536896,0.05246696621179581,1.3990958904109598,0.05238134041428566,0.05302608013153076,0.05236079543828964,0.9650187785952116,0.9285714285714286,4973,0.052562374621629715,1.5890410958904109,1.0,0.052338141947984695,0.6956521739130435,0.052338141947984695,0.0525486022233963,0.05302608013153076,0.8835616438356164,0.05294153094291687,0.05263384059071541,0.052597299218177795,18,0.8333333333333334,0.05263972654938698,0.05257786437869072,0.052566997706890106,692.15478515625,0.05267778038978577,0.11643835616438356,1e-05,0.6444731950759888,38.18449257314205,-0.0028922418930960704,0.11250991821289062,1.0,0.1,0.0022192975,0.0,22,0.2,0.27961250219959766,0.052576206624507904,36,0.48050594329833984,270,129,1.0
764,933.8,0.052789777517318726,29,0.052685074508190155,0.05250114947557449,22,0.052787989377975464,0.052474260330200195,0.0,3801088,14,15,18,0.05255550518631935,0.72,0.052672792226076126,0.052428264170885086,0.05271158739924431,0.05254213511943817,0.052939195185899734,0.052533820271492004,1.3941654135338357,0.052470121532678604,0.053097911179065704,0.05244709551334381,1.017129668053075,0.9285714285714286,4972,0.05263032764196396,1.849624060150376,0.9333333333333333,0.05252841114997864,0.6666666666666666,0.052428264170885086,0.05261944606900215,0.053097911179065704,0.8345864661654135,0.05309748277068138,0.05271387845277786,0.05271924287080765,25,0.7272727272727273,0.052766863256692886,0.05269099399447441,0.052637454122304916,674.3473510742188,0.05278651788830757,0.16541353383458646,1e-05,0.6209036111831665,38.138136157393454,-0.0027047582486375175,0.11378860473632812,0.9444444444444444,0.1,0.0022951742,0.0,18,0.2,0.2638624788960442,0.0526730902493,21,0.5665823817253113,280,111,1.0
791,958.01,0.05285118147730827,30,0.052822988480329514,0.052574943751096725,25,0.052922073751688004,0.05260428413748741,0.0,3932160,14,20,19,0.05263392627239227,0.8260869565217391,0.05276098847389221,0.05248066782951355,0.05283838137984276,0.05264054238796234,0.052994903177022934,0.05264269933104515,1.3911733333333345,0.05251319333910942,0.05324786901473999,0.0526273250579834,1.0515643608534924,1.0,4970,0.05267200618982315,1.7666666666666666,0.85,0.05261621251702309,0.7894736842105263,0.05248066782951355,0.052746910601854324,0.05324786901473999,0.88,0.05316844582557678,0.05282299965620041,0.052864037454128265,23,0.76,0.05293085426092148,0.0527283176779747,0.052754323929548264,693.6920166015625,0.05286429077386856,0.12,1e-05,0.6399950981140137,38.09140447378159,-0.002871486793264921,0.11603546142578125,1.0,0.1,0.0022883122,0.0,20,0.2,0.2919966441346332,0.052772969007492065,29,0.5253301858901978,290,132,0.9655172413793104
817,980.21,0.053004439920186996,31,0.0529559887945652,0.0526723675429821,13,0.05305333063006401,0.05268925800919533,0.0,4063232,14,21,12,0.05266346037387848,0.9230769230769231,0.052881963551044464,0.05256803706288338,0.05292156711220741,0.05270833149552345,0.05314250662922859,0.052734918892383575,1.399296000000001,0.05266999453306198,0.05331334471702576,0.05264666676521301,0.9809223627781453,1.0,4968,0.05272983759641647,2.08,0.9047619047619048,0.052734073251485825,0.8333333333333334,0.05256803706288338,0.05289094150066376,0.05331334471702576,0.912,0.05326469615101814,0.05296368896961212,0.05300910398364067,13,0.6153846153846154,0.05298930034041405,0.052822940051555634,0.05287163704633713,713.1690063476562,0.0529806986451149,0.088,1e-05,0.5388463735580444,38.043577653169635,-0.002953813086151058,0.11229934692382812,0.9629629629629629,0.1,0.0022636838,0.0,27,0.2,0.21031993980286642,0.052875325083732605,25,0.5907333493232727,300,114,1.0
844,941.07,0.05310749635100365,32,0.05308765918016434,0.05269325524568558,26,0.05315270274877548,0.05278767645359039,0.0,4194304,21,22,19,0.05278869718313217,0.8181818181818182,0.05291337892413139,0.0526580885052681,0.05300666391849518,0.05275069922208786,0.05323189124464989,0.052873969078063965,1.401160000000001,0.052747439593076706,0.053398650139570236,0.0527615025639534,0.9646610851307483,1.0,4966,0.05286174267530441,1.8533333333333333,0.9545454545454546,0.05287545546889305,0.7368421052631579,0.0526580885052681,0.05296896770596504,0.05332699790596962,0.8933333333333333,0.053398650139570236,0.05311933532357216,0.053121261298656464,22,0.7692307692307693,0.05309611186385155,0.052891846746206284,0.05301375687122345,684.881591796875,0.053066276013851166,0.10666666666666667,1e-05,0.5605415105819702,37.99712747037411,-0.00278125235108746,0.1132659912109375,1.0,0.1,0.0022311443,0.0,15,0.2,0.21263909749686719,0.052972059696912766,25,0.5784528255462646,310,134,1.0
871,967.2,0.053213492035865784,33,0.05323611572384834,0.052801016718149185,15,0.053186845034360886,0.05288718268275261,0.0,4325376,16,18,20,0.05289462208747864,0.7857142857142857,0.05300450325012207,0.05278291553258896,0.053104888647794724,0.052858125418424606,0.053345877677202225,0.05299149826169014,1.3962184873949588,0.05286935716867447,0.053502194583415985,0.052807148545980453,1.0309411564220263,1.0,4965,0.052964948117733,1.9411764705882353,0.8888888888888888,0.052943259477615356,0.85,0.05278291553258896,0.05312221124768257,0.05344376340508461,0.9243697478991597,0.053502194583415985,0.05323469266295433,0.05323482304811478,14,0.9333333333333333,0.05319250747561455,0.05297447368502617,0.05314065143465996,699.0557861328125,0.053166620433330536,0.07563025210084033,1e-05,0.5713061094284058,37.94925419986248,-0.0025758556821529055,0.11751480102539062,1.0,0.1,0.002281502,0.0,18,0.2,0.22749450380215422,0.05307614803314209,18,0.5987681150436401,320,110,1.0
897,971.49,0.05331334471702576,34,0.053303416818380356,0.05291856452822685,18,0.05330393463373184,0.05297302082180977,0.0,4456448,14,19,29,0.05302836745977402,0.9130434782608695,0.05309583619236946,0.05288549140095711,0.053118981420993805,0.05293838679790497,0.05347666144371033,0.05312216281890869,1.3878255033557059,0.05296535789966583,0.05361684039235115,0.0528702512383461,1.1029587359640765,1.0,4963,0.05308038368821144,1.8456375838926173,0.9473684210526315,0.053082533180713654,1.0,0.0528702512383461,0.05323157459497452,0.053546346724033356,0.9530201342281879,0.05361684039235115,0.05332845821976662,0.05336594209074974,23,0.8888888888888888,0.05335377901792526,0.053125783801078796,0.053214240819215775,701.434814453125,0.05323247238993645,0.04697986577181208,1e-05,0.5753145217895508,37.90031571090221,-0.0027068905147643817,0.11814422607421875,0.96,0.1,0.0023051763,0.0,25,0.2,0.18150953691219912,0.05317968130111694,21,0.5886121988296509,330,142,0.9523809523809523
924,972.08,0.053451500833034515,35,0.05339420586824417,0.053070805966854095,15,0.05338098108768463,0.053114257752895355,0.0,4587520,19,14,23,0.0531029999256134,0.7058823529411765,0.053199995309114456,0.05293003097176552,0.053248416632413864,0.05306340381503105,0.0535007119178772,0.05313019081950188,1.3968548387096784,0.05303380638360977,0.05371687188744545,0.052960194647312164,1.052231758969591,1.0,4962,0.05321456864476204,1.6290322580645162,0.9285714285714286,0.05315617844462395,0.8260869565217391,0.05293003097176552,0.0533280111849308,0.0536644384264946,0.9032258064516129,0.05371687188744545,0.05341662839055061,0.053432539105415344,17,0.8666666666666667,0.053498852998018265,0.053176864981651306,0.05331132188439369,701.292236328125,0.053293149918317795,0.0967741935483871,1e-05,0.5537356734275818,37.85455990731716,-0.0028139563672993973,0.11626968383789063,1.0,0.1,0.0023163296,0.0,12,0.2,0.15846629346488045,0.05327163636684418,24,0.5995463132858276,340,112,1.0
951,973.99,0.05351817607879639,36,0.053487662225961685,0.05319298058748245,13,0.0535043366253376,0.053239379078149796,0.0,4718592,24,24,20,0.05323479324579239,0.9444444444444444,0.05332554876804352,0.05298791453242302,0.05335495248436928,0.05317053943872452,0.05363262817263603,0.053280699998140335,1.3895664335664346,0.05315922945737839,0.05380302667617798,0.0531093068420887,0.9642487002351833,1.0,4961,0.05335487052798271,1.7272727272727273,0.9583333333333334,0.05323847755789757,0.9,0.05298791453242302,0.0534663088619709,0.05377039313316345,0.9440559440559441,0.05380302667617798,0.053483981639146805,0.05352259427309036,18,0.6923076923076923,0.053592707961797714,0.053317029029130936,0.05340566486120224,707.0918579101562,0.0534212701022625,0.055944055944055944,1e-05,0.5329908728599548,37.80693780183792,-0.0028801216580177425,0.1216400146484375,1.0,0.1,0.0023480502,0.0,15,0.2,0.18275187462568282,0.05338297784328461,29,0.6140749454498291,350,135,1.0
977,953.64,0.053705766797065735,37,0.05363652855157852,0.053267959505319595,27,0.053531769663095474,0.05339931324124336,0.0,4849664,8,17,25,0.05334285646677017,0.8125,0.053397733718156815,0.05308424308896065,0.0534561388194561,0.05337708815932274,0.053734034299850464,0.05347219854593277,1.3820458015267185,0.05328656733036041,0.05392497777938843,0.053211361169815063,1.0853734030327353,1.0,4960,0.05340401083230972,1.6870229007633588,0.9411764705882353,0.053385067731142044,0.92,0.05308424308896065,0.05361258238554001,0.053903140127658844,0.9007633587786259,0.05392497777938843,0.05364224314689636,0.053638409823179245,16,0.7777777777777778,0.05366625636816025,0.05338112264871597,0.05346183851361275,689.9281005859375,0.05344877019524574,0.09923664122137404,1e-05,0.5331805944442749,37.754439148306844,-0.002637449718895368,0.11937103271484376,0.9375,0.1,0.002318204,0.0,16,0.2,0.1443162088340614,0.053494878113269806,22,0.5817519426345825,360,118,1.0
1004,919.86,0.05381924659013748,38,0.05375814065337181,0.05338240787386894,22,0.05365598201751709,0.053480688482522964,0.0,4980736,20,28,22,0.05346076190471649,0.7368421052631579,0.053521521389484406,0.05316836014389992,0.053599175065755844,0.05343875661492348,0.05386264622211456,0.05354766547679901,1.3871836734693888,0.053412798792123795,0.0540199838578701,0.053330693393945694,1.0039946775705701,1.0,4958,0.05346722528338432,1.7891156462585034,0.9285714285714286,0.05351830646395683,0.7272727272727273,0.05316836014389992,0.05375950038433075,0.0540199838578701,0.8775510204081632,0.05398020148277283,0.05370159447193146,0.05380233749747276,19,0.8181818181818182,0.05376472696661949,0.05351169779896736,0.05356638506054878,667.4559326171875,0.053591713309288025,0.12244897959183673,1e-05,0.5797661542892456,37.70297576785087,-0.003179229248962656,0.12339248657226562,0.9230769230769231,0.1,0.002386009,0.0,13,0.2,0.16930726970313117,0.05360490083694458,23,0.7007474899291992,370,129,1.0
1031,953.17,0.053989239037036896,39,0.05383417010307312,0.05347590893507004,23,0.05375662446022034,0.053575921803712845,0.0,5111808,16,19,22,0.053621042519807816,0.7368421052631579,0.053687818348407745,0.053255755454301834,0.053768571466207504,0.05365050584077835,0.05401023477315903,0.05368630588054657,1.3792640000000014,0.05354997515678406,0.05416688323020935,0.053405120968818665,1.0855688729908106,1.0,4957,0.05362963676452637,1.648,0.8947368421052632,0.05361508950591087,0.8181818181818182,0.053255755454301834,0.0539274737238884,0.05416688323020935,0.88,0.054129235446453094,0.0538439117372036,0.05392630025744438,19,0.8695652173913043,0.05383259057998657,0.05363482981920242,0.053707584738731384,689.357666015625,0.053751613944768906,0.12,1e-05,0.5820552110671997,37.645917078852655,-0.003029751874237263,0.12497711181640625,1.0,0.1,0.002441463,0.0,7,0.2,0.18461099079577253,0.053737297654151917,19,0.6863834857940674,380,110,0.9473684210526315
1057,958.48,0.054094117134809494,40,0.05397219583392143,0.05357201397418976,29,0.053831808269023895,0.05374816805124283,0.0,5242880,19,20,29,0.05377373844385147,0.9047619047619048,0.05381536856293678,0.05332732945680618,0.05386531725525856,0.053717151284217834,0.05410014092922211,0.05382371321320534,1.3981200000000011,0.0536930151283741,0.05429466441273689,0.05345553904771805,1.0636213573310591,1.0,4955,0.05372730642557144,1.88,0.95,0.053743813186883926,0.896551724137931,0.05332732945680618,0.0540294386446476,0.05429466441273689,0.9,0.054216984659433365,0.05396803095936775,0.05408046022057533,21,0.7586206896551724,0.053992412984371185,0.05373368784785271,0.05378248170018196,694.85400390625,0.05385772883892059,0.1,1e-05,0.5444846153259277,37.59015190601349,-0.00335508748448774,0.12274322509765626,0.8666666666666667,0.1,0.0024260667,0.0,15,0.2,0.16071483772830106,0.053848665207624435,17,0.7200419902801514,390,135,1.0
1084,908.88,0.054224636405706406,41,0.05413195863366127,0.05367604270577431,33,0.05388377606868744,0.053888268768787384,0.0,5373952,14,9,17,0.053885072469711304,0.8095238095238095,0.05391182750463486,0.053419992327690125,0.053950078785419464,0.05380210652947426,0.054262373596429825,0.053942568600177765,1.4063211678832128,0.05382978543639183,0.05444902926683426,0.053635697811841965,1.0477032181467727,1.0,4954,0.05378475412726402,1.9343065693430657,0.8888888888888888,0.05383621156215668,0.5882352941176471,0.053419992327690125,0.0541544035077095,0.05444902926683426,0.8102189781021898,0.05436035990715027,0.05407019704580307,0.05419367179274559,21,0.6666666666666666,0.05409134179353714,0.05389484018087387,0.053933121263980865,654.2031860351562,0.05397869646549225,0.1897810218978102,1e-05,0.5461636781692505,37.53618980050087,-0.003194020231603645,0.12628707885742188,0.9473684210526315,0.1,0.0024732437,0.0,19,0.2,0.16713423490873539,0.05396763235330582,24,0.7283049821853638,400,111,0.9166666666666666
1111,962.69,0.054348140954971313,42,0.05420517176389694,0.05379113927483559,25,0.05397815257310867,0.05398702248930931,0.0,5505024,18,27,13,0.05398489907383919,0.8235294117647058,0.05401626229286194,0.053571783006191254,0.05407485365867615,0.053985532373189926,0.05442988499999046,0.0540742464363575,1.3926293706293718,0.053924888372421265,0.054629359394311905,0.053737688809633255,0.9836294504258155,1.0,4953,0.05389505624771118,1.8111888111888113,0.9629629629629629,0.05394941195845604,0.7692307692307693,0.053571783006191254,0.05434156954288483,0.054629359394311905,0.8811188811188811,0.05448276549577713,0.0541970431804657,0.054286856204271317,17,0.68,0.05419045314192772,0.05402576923370361,0.054005831480026245,695.2346801757812,0.0541086308658123,0.11888111888111888,1e-05,0.5470113754272461,37.48101740181446,-0.003773348686263489,0.1286224365234375,0.9285714285714286,0.1,0.0025915792,0.0,14,0.2,0.22919042962021194,0.05408889800310135,29,0.7519664168357849,410,126,0.9655172413793104
1138,961.06,0.05455584451556206,43,0.05438061058521271,0.053922947496175766,24,0.05418143421411514,0.05414809286594391,0.0,5636096,16,21,17,0.05417576804757118,0.8235294117647058,0.054131507873535156,0.05364876985549927,0.05426318943500519,0.05408385396003723,0.054547715932130814,0.05425814166665077,1.393250000000001,0.05403086915612221,0.054794471710920334,0.05394994094967842,1.0336264672009756,1.0,4952,0.05400079861283302,2.0555555555555554,0.8571428571428571,0.054025087505578995,0.9411764705882353,0.05364876985549927,0.05446944013237953,0.054794471710920334,0.9166666666666666,0.054641444236040115,0.054346390068531036,0.05446615442633629,17,0.7916666666666666,0.054289110004901886,0.054153114557266235,0.054125670343637466,691.377685546875,0.05430465564131737,0.08333333333333333,1e-05,0.5872330665588379,37.418185487389565,-0.0033413716725590346,0.12304534912109374,1.0,0.1,0.002445104,0.0,25,0.2,0.1659985986945685,0.054235801100730896,24,0.7069581747055054,420,132,1.0
1164,965.78,0.054660651832818985,44,0.05454232916235924,0.054037462919950485,17,0.054277192801237106,0.05433392524719238,0.0,5767168,15,15,24,0.054225631058216095,0.8125,0.05426890775561333,0.05374183878302574,0.05438431724905968,0.05423559993505478,0.054636262357234955,0.05430019274353981,1.3870307692307702,0.05411413684487343,0.05481432005763054,0.05413467809557915,0.9925508044884463,1.0,4951,0.054089296609163284,1.7076923076923076,0.8666666666666667,0.05417541787028313,0.9166666666666666,0.05374183878302574,0.05459314584732056,0.05481432005763054,0.9076923076923077,0.054764214903116226,0.054480984807014465,0.05463782325387001,16,0.7058823529411765,0.05435328185558319,0.054203230887651443,0.0542420819401741,697.0025024414062,0.05441660061478615,0.09230769230769231,1e-05,0.528436005115509,37.35899948477745,-0.0032020028513215946,0.12695465087890626,1.0,0.1,0.0024728258,0.0,18,0.2,0.14180996754439548,0.05434654280543327,25,0.7179367542266846,430,118,1.0
1191,955.33,0.054807160049676895,45,0.05461142957210541,0.05413149297237396,24,0.05438021942973137,0.05447562038898468,0.0,5898240,13,18,14,0.05442473292350769,0.8333333333333334,0.054394662380218506,0.05387584865093231,0.05453333258628845,0.05436632037162781,0.054796915501356125,0.05435947701334953,1.405296551724139,0.054234668612480164,0.05494273826479912,0.05421583354473114,0.8368817363313967,1.0,4950,0.0542537085711956,1.7379310344827585,0.9444444444444444,0.05426192283630371,0.8571428571428571,0.05387584865093231,0.054713234305381775,0.05494273826479912,0.9103448275862069,0.05494004115462303,0.05461393669247627,0.05474057048559189,18,0.7083333333333334,0.05450652912259102,0.05435308814048767,0.05436616390943527,693.1095581054688,0.054573431611061096,0.0896551724137931,1e-05,0.5225294232368469,37.30407400429249,-0.00322826156307201,0.12564315795898437,1.0,0.1,0.0024353627,0.0,22,0.2,0.12947910535731352,0.05447492375969887,36,0.7239269018173218,440,132,1.0
1218,949.67,0.05489823594689369,46,0.054678574204444885,0.05423729494214058,21,0.054555464535951614,0.05460229888558388,0.0,6029312,19,17,15,0.0545157827436924,0.9473684210526315,0.0545407310128212,0.05401022359728813,0.054615993052721024,0.05447632446885109,0.05488103628158569,0.0545479990541935,1.3954240000000009,0.05437992140650749,0.05507363751530647,0.05435856804251671,0.969502980629181,1.0,4949,0.054320767521858215,1.984,0.8235294117647058,0.05444377288222313,1.0,0.05401022359728813,0.05483348295092583,0.05500264838337898,0.936,0.05507363751530647,0.054736457765102386,0.05478504300117493,19,0.8571428571428571,0.05460602045059204,0.05451062694191933,0.054485663771629333,686.5488891601562,0.054740726947784424,0.064,1e-05,0.47615760564804077,37.2476031601429,-0.0031291108620280284,0.12575836181640626,0.9333333333333333,0.1,0.0024780417,0.0,15,0.2,0.14054592049797066,0.054593488574028015,19,0.7520120143890381,450,117,1.0
1244,957.66,0.055058449506759644,47,0.05482573062181473,0.054382096976041794,24,0.05463187396526337,0.05468031018972397,0.0,6160384,17,16,32,0.05463980510830879,0.7619047619047619,0.05465453863143921,0.05419805273413658,0.05469818040728569,0.054549772292375565,0.05507517606019974,0.05463029444217682,1.4055600000000013,0.054535411298274994,0.05521506443619728,0.05456464737653732,1.0583049858870444,1.0,4949,0.05445118248462677,1.66,0.875,0.054597027599811554,0.875,0.05419805273413658,0.054901767522096634,0.05513304844498634,0.9,0.05521506443619728,0.05482078716158867,0.0549461729824543,21,0.8333333333333334,0.05462631955742836,0.05464204400777817,0.054508596658706665,689.792724609375,0.0548369437456131,0.1,1e-05,0.5115503072738647,37.19321646988392,-0.0035063198849456965,0.12841949462890626,1.0,0.1,0.0024555228,0.0,16,0.2,0.11441312015231234,0.05471213161945343,24,0.7226889133453369,460,135,1.0
1271,943.3,0.05526285991072655,48,0.05502249300479889,0.05450797080993652,26,0.05468103662133217,0.05483536049723625,0.0,6291456,20,12,15,0.05475886911153793,0.7894736842105263,0.054793842136859894,0.054324690252542496,0.05481687933206558,0.054615605622529984,0.0551360584795475,0.05479759722948074,1.3911627906976756,0.05465150624513626,0.055302612483501434,0.05463092029094696,1.110378792684557,0.9,4948,0.05452355742454529,2.294573643410853,0.6666666666666666,0.05465356260538101,0.9333333333333333,0.054324690252542496,0.05496140941977501,0.05527017265558243,0.8682170542635659,0.055302612483501434,0.054988931864500046,0.05500305816531181,19,0.7692307692307693,0.05470762401819229,0.05474075302481651,0.05459420010447502,682.5720825195312,0.05491439998149872,0.13178294573643412,1e-05,0.45395296812057495,37.142521667480466,-0.003452085614480893,0.1270843505859375,1.0,0.1,0.0024983492,0.0,22,0.2,0.1480091203993652,0.05481984093785286,15,0.7605230212211609,470,112,1.0
1298,973.5,0.05539202690124512,49,0.05511737987399101,0.05459913611412048,25,0.054829731583595276,0.05495881289243698,0.0,6422528,13,19,20,0.054903797805309296,0.75,0.05489683523774147,0.05450550466775894,0.05501387640833855,0.05465742200613022,0.05533760413527489,0.05496760457754135,1.3902446043165477,0.05474092438817024,0.05545993521809578,0.05475270748138428,0.9861402706431562,1.0,4947,0.05462362617254257,1.589928057553957,0.9473684210526315,0.05478203669190407,0.75,0.05450550466775894,0.055019620805978775,0.05544988811016083,0.8705035971223022,0.05545993521809578,0.05514134094119072,0.05508396029472351,20,0.76,0.0548502579331398,0.05481238663196564,0.0547260083258152,702.236328125,0.055023789405822754,0.12949640287769784,1e-05,0.498684287071228,37.08859179317951,-0.0038460698064227473,0.12769012451171874,0.9230769230769231,0.1,0.0024591559,0.0,13,0.2,0.16492501567699946,0.054945848882198334,29,0.7551831603050232,480,121,1.0
1325,949.29,0.055535558611154556,50,0.055249735713005066,0.05476115643978119,23,0.05495044216513634,0.055099789053201675,0.0,6553600,11,20,22,0.05502729490399361,0.8421052631578947,0.05510701611638069,0.05464344099164009,0.05519677326083183,0.054777659475803375,0.055452097207307816,0.05515417456626892,1.3903970588235302,0.05482928827404976,0.05559369921684265,0.0548635832965374,1.0149199892073977,1.0,4945,0.05471585690975189,1.6691176470588236,1.0,0.054861489683389664,0.8636363636363636,0.05464344099164009,0.055146247148513794,0.055557847023010254,0.8897058823529411,0.05559369921684265,0.055307306349277496,0.055238235741853714,19,0.6956521739130435,0.054948728531599045,0.054941169917583466,0.05482310429215431,685.33837890625,0.05517841503024101,0.11029411764705882,1e-05,0.5615106821060181,37.02973793148995,-0.0036008650889925776,0.12957916259765626,0.875,0.1,0.0025458252,0.0,16,0.2,0.1719246111053508,0.055078402161598206,25,0.7214808464050293,490,121,1.0
1352,968.33,0.05568883195519447,51,0.05541298910975456,0.05494288355112076,25,0.055125001817941666,0.05526234582066536,0.0,6684672,14,20,21,0.055201295763254166,0.8333333333333334,0.05522961542010307,0.0547950454056263,0.05529215931892395,0.05486657842993736,0.055595993995666504,0.055284932255744934,1.3946074074074084,0.05495082214474678,0.05575932562351227,0.055055323988199234,1.0399559785186954,1.0,4944,0.05487699434161186,1.6592592592592592,0.85,0.05500723794102669,0.9047619047619048,0.0547950454056263,0.05529585853219032,0.0557551383972168,0.8888888888888888,0.05575932562351227,0.05538790673017502,0.05542518198490143,24,0.76,0.05505221337080002,0.05499602481722832,0.05501657351851463,700.099853515625,0.05533575639128685,0.1111111111111111,1e-05,0.5129953622817993,36.966202688217166,-0.0030350158658620785,0.13316268920898439,1.0,0.1,0.0025728536,0.0,10,0.2,0.156001369736623,0.055224478244781494,21,0.7668824195861816,500,120,1.0
1378,965.92,0.05579908564686775,52,0.05559099465608597,0.055087730288505554,16,0.05520984157919884,0.05545827001333237,0.0,6815744,19,17,29,0.05524510145187378,0.8095238095238095,0.055393386632204056,0.05479569733142853,0.055443212389945984,0.054954804480075836,0.055734988301992416,0.055404454469680786,1.3949333333333345,0.05510272830724716,0.055875264108181,0.05518125742673874,1.0570658873543362,0.9473684210526315,4943,0.054975077509880066,1.6592592592592592,0.9411764705882353,0.05515993386507034,0.8620689655172413,0.05479569733142853,0.055454354733228683,0.055875264108181,0.9111111111111111,0.05584139749407768,0.05555438995361328,0.055564772337675095,21,0.875,0.05518769100308418,0.05515880137681961,0.055144812911748886,697.8088989257812,0.05551454797387123,0.08888888888888889,1e-05,0.5048478841781616,36.90384182333946,-0.0032432867439638356,0.12769622802734376,1.0,0.1,0.0025203226,0.0,13,0.2,0.1400202318385709,0.055353302508592606,20,0.778203010559082,510,123,1.0
1405,966.72,0.05596078559756279,53,0.05573643743991852,0.05523613467812538,20,0.05532874912023544,0.055575888603925705,0.0,6946816,18,25,17,0.05537618324160576,0.9411764705882353,0.05554765835404396,0.054872963577508926,0.05556749179959297,0.05505577102303505,0.05587005242705345,0.055587153881788254,1.402581560283689,0.05516920983791351,0.056007638573646545,0.055284105241298676,0.9862380869126456,0.9444444444444444,4942,0.05504218861460686,1.9929078014184398,0.96,0.05528939887881279,0.8823529411764706,0.054872963577508926,0.05560605600476265,0.056007638573646545,0.9219858156028369,0.05597870796918869,0.05564653128385544,0.05568854138255119,17,0.7,0.05518659949302673,0.0553075447678566,0.05519667640328407,698.01123046875,0.05558786541223526,0.07801418439716312,1e-05,0.4940311908721924,36.84904510974884,-0.003180485043230874,0.12760391235351562,1.0,0.1,0.0024853062,0.0,21,0.2,0.12247041432419792,0.055468253791332245,23,0.7581101655960083,520,130,1.0
1432,971.21,0.056098997592926025,54,0.05588020384311676,0.05536329373717308,17,0.0554070845246315,0.05566692724823952,0.0,7077888,18,14,15,0.055519141256809235,0.7647058823529411,0.05573960021138191,0.054966848343610764,0.05571701377630234,0.05512659251689911,0.05600590258836746,0.05570913478732109,1.410078125000001,0.055224597454071045,0.05612244829535484,0.055436957627534866,1.0105962203283179,1.0,4942,0.055197954177856445,1.6953125,0.9285714285714286,0.055425290018320084,1.0,0.054966848343610764,0.05570908263325691,0.05609756335616112,0.9296875,0.05612244829535484,0.05574426427483559,0.05577849969267845,17,0.7647058823529411,0.05528324469923973,0.05541215464472771,0.05535231530666351,704.7114868164062,0.05568091571331024,0.0703125,1e-05,0.5199105739593506,36.796933284401895,-0.0037287988518073687,0.12466201782226563,1.0,0.1,0.0024660288,0.0,16,0.2,0.11928765857010148,0.055586643517017365,31,0.7812402248382568,530,119,1.0
1458,947.83,0.056311361491680145,55,0.055991414934396744,0.05550013855099678,20,0.0554766021668911,0.0557718500494957,0.0,7208960,17,19,21,0.055599045008420944,0.7,0.05586960166692734,0.05512323975563049,0.055819205939769745,0.055200207978487015,0.05617746710777283,0.0558624230325222,1.3983916083916095,0.055294476449489594,0.056311361491680145,0.05550091713666916,1.2379024655764757,1.0,4941,0.05532814562320709,2.2797202797202796,1.0,0.05551191419363022,0.7619047619047619,0.05512323975563049,0.05583994835615158,0.05622900277376175,0.8881118881118881,0.056204088032245636,0.05593438819050789,0.055897582322359085,20,0.85,0.05538288876414299,0.05555127561092377,0.055534325540065765,682.8739013671875,0.055812712758779526,0.11188811188811189,1e-05,0.4469330608844757,36.7419352054596,-0.003123770725687791,0.1266998291015625,0.9354838709677419,0.1,0.0024826839,0.0,31,0.2,0.11326438991236501,0.05570897087454796,15,0.6865105628967285,540,127,1.0
1485,930.88,0.05649382993578911,56,0.056154392659664154,0.0555887445807457,16,0.055652912706136703,0.05591750890016556,0.0,7340032,17,24,19,0.05571252480149269,0.8181818181818182,0.05602297931909561,0.055234394967556,0.05592256411910057,0.055323053151369095,0.056237101554870605,0.056000132113695145,1.4063649635036506,0.05543253570795059,0.05649382993578911,0.05562695488333702,1.1122633952741856,1.0,4941,0.05545106530189514,1.7737226277372262,0.875,0.055649492889642715,0.7894736842105263,0.055234394967556,0.05592193454504013,0.05637301877140999,0.8978102189781022,0.05632564797997475,0.056119780987501144,0.05601295083761215,22,0.8125,0.05552399903535843,0.05568578839302063,0.0556568019092083,677.4024047851562,0.0558747835457325,0.10218978102189781,1e-05,0.5867927074432373,36.68680489063263,-0.0035770413274804013,0.141436767578125,1.0,0.1,0.00259039,0.0,16,0.2,0.1555133813089924,0.055836595594882965,23,0.7381405234336853,550,123,1.0
1512,920.0,0.056606922298669815,57,0.05639844015240669,0.05570151284337044,20,0.05572034791111946,0.05599881336092949,0.0,7471104,16,22,14,0.055808696895837784,0.75,0.05610920116305351,0.05531588941812515,0.056002989411354065,0.05546695739030838,0.056333716958761215,0.0560414157807827,1.3480283687943273,0.05550483241677284,0.056606922298669815,0.05580650269985199,1.0060309335121647,0.9375,4940,0.05555977672338486,1.6808510638297873,1.0,0.05575091391801834,0.7857142857142857,0.05531588941812515,0.05608496814966202,0.05655284225940704,0.8865248226950354,0.056441474705934525,0.05630513280630112,0.056147314608097076,24,0.8,0.05563807860016823,0.05575498938560486,0.0558043010532856,662.2984619140625,0.05603024736046791,0.11347517730496454,1e-05,0.5227773785591125,36.631506469845775,-0.003355077185915434,0.13610153198242186,1.0,0.1,0.0025776927,0.0,15,0.2,0.1445848416653462,0.055955447256565094,30,0.7518641948699951,560,125,0.9333333333333333
1538,967.88,0.056729208678007126,58,0.05649910867214203,0.05582321435213089,17,0.05588989332318306,0.05616858974099159,0.0,7602176,17,18,15,0.05584459379315376,0.7619047619047619,0.056238804012537,0.055460453033447266,0.05612470582127571,0.05556759610772133,0.05645890161395073,0.05616090074181557,1.3998923076923089,0.05564429238438606,0.056729208678007126,0.05595175549387932,1.0217370241589283,1.0,4940,0.055601153522729874,1.8153846153846154,0.8888888888888888,0.0558435432612896,0.9333333333333333,0.055460453033447266,0.05623759329319,0.05671369656920433,0.9307692307692308,0.056569214910268784,0.05638601630926132,0.05631769821047783,21,0.9411764705882353,0.0557909719645977,0.05593178793787956,0.05590109899640083,700.163330078125,0.05618956312537193,0.06923076923076923,1e-05,0.5002253651618958,36.576977375149724,-0.0032325008423867985,0.1269500732421875,1.0,0.1,0.0025068284,0.0,17,0.2,0.1690360077074729,0.05608177185058594,25,0.7671793699264526,570,121,1.0
1565,936.96,0.05680110305547714,59,0.05668285861611366,0.055996645241975784,24,0.05604740232229233,0.05634624883532524,0.0,7733248,16,20,16,0.05599488690495491,0.8235294117647058,0.05639650672674179,0.055546246469020844,0.056210219860076904,0.05563098564743996,0.05659721791744232,0.05629173666238785,1.4049496402877706,0.05572298914194107,0.05681842565536499,0.05608773231506348,0.9661547686763928,1.0,4939,0.05569617450237274,1.7482014388489209,1.0,0.05601508915424347,0.6875,0.055546246469020844,0.0563841350376606,0.05681842565536499,0.8920863309352518,0.05666402727365494,0.05656543746590614,0.056462228298187256,17,0.7083333333333334,0.05590200796723366,0.0560726635158062,0.05608294531702995,679.237548828125,0.05637502297759056,0.1079136690647482,1e-05,0.49503007531166077,36.518427178263664,-0.0028786592746655516,0.12847824096679689,1.0,0.1,0.0024548376,0.0,16,0.2,0.1086611900915159,0.05621563270688057,30,0.7328418493270874,580,124,1.0
1592,968.16,0.056944143027067184,60,0.056845903396606445,0.05612583085894585,24,0.056201621890068054,0.0565614178776741,0.0,7864320,16,17,15,0.05608617886900902,0.7777777777777778,0.05656546354293823,0.05567286163568497,0.056301627308130264,0.05573505535721779,0.056779369711875916,0.056451618671417236,1.3799097744360913,0.05583944171667099,0.056944143027067184,0.05623866990208626,1.0522224017193729,1.0,4938,0.0558287650346756,2.037593984962406,0.9411764705882353,0.05614001676440239,1.0,0.05567286163568497,0.05655623972415924,0.056875985115766525,0.9323308270676691,0.05683548375964165,0.056696053594350815,0.05657634511590004,18,0.8333333333333334,0.05598269775509834,0.05620799586176872,0.05619825795292854,693.4837646484375,0.056513793766498566,0.06766917293233082,1e-05,0.46931830048561096,36.458799719810486,-0.00340465299987045,0.13026199340820313,1.0,0.1,0.0025396566,0.0,21,0.2,0.1485981939942576,0.056350428611040115,22,0.7433488965034485,590,124,1.0
1619,954.2,0.057091448456048965,61,0.05693502724170685,0.05624210089445114,27,0.05636432394385338,0.056694064289331436,0.0,7995392,17,17,18,0.05619678273797035,0.7916666666666666,0.05668679252266884,0.05581887438893318,0.056495364755392075,0.05585833266377449,0.05692095309495926,0.05659523606300354,1.3919703703703714,0.055985353887081146,0.057091448456048965,0.0563555508852005,1.0506312625159342,1.0,4938,0.055964842438697815,1.874074074074074,1.0,0.05630694702267647,0.8333333333333334,0.05581887438893318,0.05670398846268654,0.057044338434934616,0.8740740740740741,0.05699712410569191,0.056857913732528687,0.056730832904577255,24,0.6666666666666666,0.05617362633347511,0.05634506046772003,0.05635540187358856,690.402587890625,0.05668037384748459,0.1259259259259259,1e-05,0.5245425701141357,36.396165284514424,-0.003454185046211933,0.13255538940429687,1.0,0.1,0.0026187757,0.0,13,0.2,0.11959591857739724,0.0564960241317749,19,0.7300865054130554,600,118,1.0
1645,980.43,0.05713529512286186,62,0.05702482908964157,0.056302085518836975,12,0.05648728460073471,0.056819021701812744,0.0,8126464,19,21,20,0.05630354955792427,0.875,0.056824516505002975,0.05590961501002312,0.05661192908883095,0.05600431561470032,0.05700995400547981,0.056779179722070694,1.3911851851851862,0.056138355284929276,0.057170186191797256,0.05653277039527893,0.9549788131960649,1.0,4937,0.05612212046980858,1.8888888888888888,0.9047619047619048,0.05650278925895691,0.85,0.05590961501002312,0.056858308613300323,0.057170186191797256,0.9407407407407408,0.057136356830596924,0.0570417195558548,0.05689039081335068,16,0.9166666666666666,0.05630740150809288,0.056459128856658936,0.05649629607796669,704.6905517578125,0.05681702867150307,0.05925925925925926,1e-05,0.5081019401550293,36.33526140749454,-0.0033388940208169517,0.1328826904296875,1.0,0.1,0.002622243,0.0,22,0.2,0.15612313212477602,0.05662737786769867,25,0.7747081518173218,610,127,1.0
