time/total_timesteps,time/fps,rollout/ep_len_mean,rollout/ep_rew_mean,time/iterations,time/time_elapsed,train/n_updates,train/clip_fraction,train/clip_range,train/policy_gradient_loss,train/learning_rate,train/loss,train/std,train/explained_variance,train/clip_range_vf,train/entropy_loss,train/value_loss,train/approx_kl
131072,15034,291.37,8.483704566955566,1,8,,,,,,,,,,,,
262144,12846,763.9,29.207111358642578,2,20,1540,0.01078033447265625,0.1,-0.0012969063813216054,1e-06,0.8317614793777466,0.17681662738323212,0.8661454916000366,0.2,7.542132199928164,0.5248547470662743,0.0007830407
393216,12336,486.19,17.002296447753906,3,31,1550,0.01086578369140625,0.1,-0.0013099975629302207,1e-06,0.9751907587051392,0.17698511481285095,0.8400711417198181,0.2,7.519397239387035,0.618973814882338,0.0008382806
524288,12159,582.37,21.150094985961914,4,43,1560,0.010483551025390624,0.1,-0.0014453205969402916,1e-06,1.0216482877731323,0.17715677618980408,0.843870997428894,0.2,7.496300260722637,0.6623975967522711,0.0009312462
655360,11980,470.3,16.3507080078125,5,54,1570,0.00802764892578125,0.1,-0.0012585786746967642,1e-06,1.0532891750335693,0.17732225358486176,0.8454278111457825,0.2,7.4735651325434445,0.6394315391080454,0.00078610005
786432,11776,441.89,14.753120422363281,6,66,1580,0.0091400146484375,0.1,-0.001451239920424996,1e-06,1.0012342929840088,0.1774895191192627,0.8536031246185303,0.2,7.451000344753266,0.6209106247406453,0.0008908973
917504,11574,435.47,14.042803764343262,7,79,1590,0.006574249267578125,0.1,-0.0013768746033747449,1e-06,0.9150623083114624,0.17765283584594727,0.8800724744796753,0.2,7.428642962500453,0.5818276199512183,0.0008542841
1048576,11371,469.55,15.468267440795898,8,92,1600,0.0053802490234375,0.1,-0.0012894333936856127,1e-06,0.9261993765830994,0.17782360315322876,0.8848223090171814,0.2,7.406063250079751,0.5517847459763289,0.00081700424
1179648,11352,402.58,12.795058250427246,9,103,1610,0.0072021484375,0.1,-0.001375897182697372,1e-06,0.9345600008964539,0.17798763513565063,0.8739517331123352,0.2,7.383494252711534,0.5815331372665241,0.0008959208
1310720,11366,531.02,18.719526290893555,10,115,1620,0.006816864013671875,0.1,-0.0013998265229020034,1e-06,0.9362884759902954,0.17815671861171722,0.8855474591255188,0.2,7.360978642478585,0.5374910672428086,0.00086795015
1441792,11349,561.3,19.680316925048828,11,127,1630,0.009938812255859375,0.1,-0.0015041735680824786,1e-06,0.8714953064918518,0.1783302277326584,0.8614310026168823,0.2,7.3378603253513575,0.5510751012479886,0.0009502152
1572864,11325,514.79,17.304729461669922,12,138,1640,0.00899810791015625,0.1,-0.0014226900667381414,1e-06,1.0274862051010132,0.17849671840667725,0.8724439144134521,0.2,7.315052996948362,0.5657884753774851,0.00093026005
1703936,11321,518.16,17.722959518432617,13,150,1650,0.00478363037109375,0.1,-0.0013538131544919452,1e-06,0.7752985954284668,0.1786632239818573,0.8930326700210571,0.2,7.292709740996361,0.5106656745076179,0.00080939784
1835008,11329,529.1,18.558504104614258,14,161,1660,0.008509063720703125,0.1,-0.001536756355108082,1e-06,0.7760066986083984,0.178831547498703,0.8971801996231079,0.2,7.270170965045691,0.47125532291829586,0.00092761684
1966080,11331,524.94,18.512481689453125,15,173,1670,0.00671539306640625,0.1,-0.0013535195517761166,1e-06,0.981147289276123,0.17900168895721436,0.8818122148513794,0.2,7.247406203299761,0.5326604553498328,0.0008862317
2097152,11340,583.54,21.077234268188477,16,184,1680,0.008316802978515624,0.1,-0.001361643726249895,1e-06,0.9263582229614258,0.17916777729988098,0.8660655617713928,0.2,7.224892315268517,0.5619495385326445,0.00091385253
2228224,11358,583.92,20.961278915405273,17,196,1690,0.008739471435546875,0.1,-0.001403036082865583,1e-06,0.8770684599876404,0.1793389767408371,0.8779581785202026,0.2,7.2023220479488375,0.5384902064222843,0.0009343751
2359296,11372,519.31,18.61188507080078,18,207,1700,0.009571075439453125,0.1,-0.0015106678209122037,1e-06,0.882144570350647,0.17950990796089172,0.8767728805541992,0.2,7.1794536877423525,0.5514513458358123,0.0009708593
2490368,11350,525.96,19.145450592041016,19,219,1710,0.008802032470703125,0.1,-0.001404345143600949,1e-06,0.9238035082817078,0.1796802133321762,0.871123194694519,0.2,7.156607456877827,0.5493340970948338,0.0009850885
2621440,11354,550.86,20.152889251708984,20,230,1720,0.00500030517578125,0.1,-0.0011942526504753915,1e-06,0.8354066610336304,0.17984971404075623,0.8680223226547241,0.2,7.133949708938599,0.5995828472776339,0.0008418723
2752512,11368,646.79,23.705873489379883,21,242,1730,0.00710296630859375,0.1,-0.001354487157186668,1e-06,0.8454709053039551,0.18002256751060486,0.866743803024292,0.2,7.11110653243959,0.5818759022979065,0.0008999361
2883584,11358,588.48,21.385692596435547,22,253,1740,0.0068695068359375,0.1,-0.001237671595572465,1e-06,0.8019852638244629,0.18018707633018494,0.8683243989944458,0.2,7.088647580146789,0.5742652824614197,0.00088371994
3014656,11350,539.0,19.057199478149414,23,265,1750,0.005657196044921875,0.1,-0.001204099872848019,1e-06,1.0704902410507202,0.18035730719566345,0.8744770288467407,0.2,7.0663384452462195,0.5613817442674189,0.0008238768
3145728,11366,588.72,21.25247573852539,24,276,1760,0.0091552734375,0.1,-0.0014200164783687796,1e-06,1.0031943321228027,0.18053147196769714,0.8708043694496155,0.2,7.043404595926404,0.564461464388296,0.00095399027
3276800,11372,658.3,24.19772720336914,25,288,1770,0.006624603271484375,0.1,-0.0012410642869326693,1e-06,0.7812642455101013,0.1807028353214264,0.8745174407958984,0.2,7.020467691496014,0.5427615445572883,0.0008615417
3407872,11376,580.8,21.72182846069336,26,299,1780,0.009751129150390624,0.1,-0.0013840027697369806,1e-06,0.9661539793014526,0.18087516725063324,0.8586824536323547,0.2,6.997642797976733,0.6003208186710254,0.0009372109
3538944,11359,573.44,20.64496421813965,27,311,1790,0.00799560546875,0.1,-0.0013981534473714418,1e-06,1.0910154581069946,0.1810489147901535,0.8407962322235107,0.2,6.9746563147753475,0.6066056226613,0.00096785865
3670016,11364,551.17,19.447467803955078,28,322,1800,0.004666900634765625,0.1,-0.0011997364530543565,1e-06,1.0127594470977783,0.18121746182441711,0.875109076499939,0.2,6.952040279656648,0.5638897044816986,0.00081847754
3801088,11369,483.06,16.135807037353516,29,334,1810,0.009343719482421875,0.1,-0.0014331604342260108,1e-06,0.9712412357330322,0.181388258934021,0.8816158771514893,0.2,6.929558792710305,0.5627704974962399,0.0009510071
3932160,11375,582.58,20.492172241210938,30,345,1820,0.004931640625,0.1,-0.0012403319021359494,1e-06,0.7862045764923096,0.1815546154975891,0.8955751657485962,0.2,6.907292447984219,0.5163981355261058,0.00083139015
4063232,11362,615.37,22.1123046875,31,357,1830,0.00560455322265625,0.1,-0.0012580010579767986,1e-06,0.8727144002914429,0.18173083662986755,0.8701019287109375,0.2,6.884547991678119,0.5538805452175438,0.00088100054
4194304,11328,607.79,22.377887725830078,32,370,1840,0.0047607421875,0.1,-0.001153856161272415,1e-06,1.0114200115203857,0.18190038204193115,0.8551223278045654,0.2,6.8617525022476915,0.5940192092675716,0.0008568553
4325376,11296,596.34,21.415353775024414,33,382,1850,0.007508087158203125,0.1,-0.0013283799619784986,1e-06,0.8904680013656616,0.1820710152387619,0.8553902506828308,0.2,6.839309898763895,0.5979900686768815,0.0009663579
4456448,11280,578.65,19.823257446289062,34,395,1860,0.00724945068359375,0.1,-0.001426358682783757,1e-06,0.8845452666282654,0.1822410523891449,0.8683252334594727,0.2,6.816917475685477,0.5377306031063199,0.00092747406
4587520,11248,524.2,17.66545867919922,35,407,1870,0.00507049560546875,0.1,-0.0012817112386983355,1e-06,0.9463897943496704,0.1824108064174652,0.8705649971961975,0.2,6.794532162323594,0.5682369946502149,0.0008570423
4718592,11229,540.05,18.86699867248535,36,420,1880,0.008343505859375,0.1,-0.0015129430311390025,1e-06,0.8965330719947815,0.18258261680603027,0.8843950629234314,0.2,6.772039727121592,0.4924486133502796,0.0009757305
4849664,11219,557.75,19.58110809326172,37,432,1890,0.006900787353515625,0.1,-0.0012526577264907247,1e-06,0.9078460931777954,0.18275976181030273,0.8704559206962585,0.2,6.749072733521461,0.5145894134417176,0.00091254595
4980736,11202,497.22,17.14501953125,38,444,1900,0.005112457275390625,0.1,-0.0013279122086714778,1e-06,0.953610897064209,0.18293070793151855,0.8636840581893921,0.2,6.726260013505817,0.6147285789018497,0.00088210445
5111808,11192,637.79,23.330608367919922,39,456,1910,0.005670928955078125,0.1,-0.001344869960394135,1e-06,0.8716126680374146,0.18310537934303284,0.8874232769012451,0.2,6.703587172552943,0.5075860981829464,0.0008669294
5242880,11186,606.66,21.99066734313965,40,468,1920,0.00521087646484375,0.1,-0.0011717786908775451,1e-06,0.8333680629730225,0.18327920138835907,0.8560607433319092,0.2,6.680742155760527,0.5483875279547646,0.00083570473
5373952,11175,622.31,22.869922637939453,41,480,1930,0.007025146484375,0.1,-0.0012871623217506566,1e-06,0.9104255437850952,0.1834489405155182,0.8559542894363403,0.2,6.65829553231597,0.5471863976214081,0.0009187883
5505024,11175,541.12,18.731029510498047,42,492,1940,0.004108428955078125,0.1,-0.001145553332844429,1e-06,0.9570332765579224,0.18362557888031006,0.8539932370185852,0.2,6.635579532384872,0.6036230377387255,0.00081062
5636096,11168,616.54,22.31882095336914,43,504,1950,0.006206512451171875,0.1,-0.0014092383802562836,1e-06,0.8969737887382507,0.18379506468772888,0.8898906707763672,0.2,6.613031309098005,0.5084697479149327,0.0009004745
5767168,11165,595.05,21.096261978149414,44,516,1960,0.006707763671875,0.1,-0.0012539858760646893,1e-06,0.7705460786819458,0.18396630883216858,0.8654075860977173,0.2,6.590747921913862,0.5323775968747213,0.0009542418
5898240,11163,571.07,20.225793838500977,45,528,1970,0.005377197265625,0.1,-0.0013477637566211343,1e-06,0.875419020652771,0.18414096534252167,0.8619663715362549,0.2,6.568216904997826,0.5819259081501513,0.00087909284
6029312,11168,566.92,20.19219207763672,46,539,1980,0.004895782470703125,0.1,-0.001251909738948598,1e-06,0.8342347145080566,0.18431448936462402,0.8653347492218018,0.2,6.545538736134768,0.5373210326069966,0.0008645061
6160384,11159,525.51,18.831405639648438,47,552,1990,0.006372833251953125,0.1,-0.0012876988214884477,1e-06,0.9170950651168823,0.1844915747642517,0.8609017133712769,0.2,6.522683053463697,0.5817797151859849,0.000893753
6291456,11153,524.11,18.571874618530273,48,564,2000,0.005020904541015625,0.1,-0.0012083713974789135,1e-06,0.7753944993019104,0.18466797471046448,0.8708980679512024,0.2,6.499726819992065,0.5705308334203437,0.0008133469
6422528,11157,587.34,21.323143005371094,49,575,2010,0.00350799560546875,0.1,-0.0012178627858702384,1e-06,0.8789143562316895,0.18484239280223846,0.8775720000267029,0.2,6.476923613622785,0.5541260490892455,0.00080393674
6553600,11168,613.83,22.848072052001953,50,586,2020,0.008429718017578126,0.1,-0.0012538145302642078,1e-06,1.0405607223510742,0.18501603603363037,0.8582972288131714,0.2,6.454317154362798,0.5771720737917349,0.00093601464
6684672,11173,673.17,24.953527450561523,51,598,2030,0.007115936279296875,0.1,-0.0012504178687777312,1e-06,0.8116309642791748,0.18519121408462524,0.8624832034111023,0.2,6.43170367218554,0.5455868893535808,0.00089552643
6815744,11183,557.31,19.879602432250977,52,609,2040,0.00374603271484375,0.1,-0.0012422867828718153,1e-06,0.9142686128616333,0.18536922335624695,0.8582620620727539,0.2,6.40881316177547,0.6219282544916496,0.0008100509
6946816,11192,636.68,23.143362045288086,53,620,2050,0.005028533935546875,0.1,-0.001222820816656167,1e-06,0.7583001852035522,0.1855452060699463,0.8713417053222656,0.2,6.385893053933978,0.5078060204396024,0.00086170214
7077888,11202,598.35,21.732372283935547,54,631,2060,0.0059417724609375,0.1,-0.001266385242524848,1e-06,0.8608757257461548,0.18571750819683075,0.8641340732574463,0.2,6.3633979927748445,0.5542182616889477,0.0009117677
7208960,11213,642.35,23.603130340576172,55,642,2070,0.002664947509765625,0.1,-0.001065330379333318,1e-06,1.0180798768997192,0.1858939826488495,0.8437594175338745,0.2,6.340857902541757,0.5824982933932915,0.00072394166
7340032,11224,607.93,21.736207962036133,56,653,2080,0.007096099853515625,0.1,-0.0013291778561324464,1e-06,0.918599545955658,0.18606680631637573,0.855021595954895,0.2,6.318320479243994,0.5950082686264068,0.00088789035
7471104,11234,624.39,22.327320098876953,57,665,2090,0.005275726318359375,0.1,-0.0011994853352916834,1e-06,0.7244088053703308,0.18624328076839447,0.8710682392120361,0.2,6.295791056007147,0.5167793527012691,0.00085679325
7602176,11244,560.11,19.27950668334961,58,676,2100,0.005414581298828125,0.1,-0.0012746367707222816,1e-06,0.9429113268852234,0.18641698360443115,0.8656409978866577,0.2,6.273227860406041,0.563192956475541,0.0008742154
7733248,11253,645.34,23.201194763183594,59,687,2110,0.006337738037109375,0.1,-0.0013185978602450632,1e-06,0.8158460259437561,0.18658730387687683,0.8806343674659729,0.2,6.251102647557855,0.5392657209420577,0.0008978679
7864320,11259,549.78,19.252822875976562,60,698,2120,0.00647125244140625,0.1,-0.0013552348949815497,1e-06,0.8953652381896973,0.18677298724651337,0.8652997016906738,0.2,6.228104774281382,0.5443204545415938,0.0009268428
7995392,11265,624.63,23.2679386138916,61,709,2130,0.006322479248046875,0.1,-0.0013337172076717252,1e-06,0.8693522810935974,0.18694692850112915,0.8740405440330505,0.2,6.205108124017715,0.5373028672067448,0.000875742
8126464,11268,558.54,20.042570114135742,62,721,2140,0.006383514404296875,0.1,-0.0012246227626746986,1e-06,0.7471636533737183,0.18712282180786133,0.8598833084106445,0.2,6.182630863413214,0.5625104075530544,0.00091106014
8257536,11261,623.04,22.71502685546875,63,733,2150,0.0058074951171875,0.1,-0.0012755312696754117,1e-06,0.8276205062866211,0.18730196356773376,0.8572041988372803,0.2,6.159841267392039,0.5570943497586995,0.00089975854
8388608,11247,615.69,22.405183792114258,64,745,2160,0.007314300537109375,0.1,-0.001282745548633102,1e-06,0.9458808898925781,0.187482088804245,0.8588728904724121,0.2,6.1368259258568285,0.5997275291243568,0.00093725236
8519680,11246,593.64,21.07110595703125,65,757,2170,0.005002593994140625,0.1,-0.0011542162641489996,1e-06,0.8166953325271606,0.18765714764595032,0.8740856647491455,0.2,6.114145069569349,0.5231709074927494,0.00082933356
8650752,11248,620.69,22.007551193237305,66,769,2180,0.003974151611328125,0.1,-0.0011921305090254464,1e-06,0.7622144222259521,0.18783476948738098,0.8608034253120422,0.2,6.09157758615911,0.5703518954804168,0.00082315295
8781824,11252,621.76,22.35873031616211,67,780,2190,0.00550079345703125,0.1,-0.0011926365347790125,1e-06,0.9867824912071228,0.18800759315490723,0.8711397051811218,0.2,6.069235740974546,0.5496063420083374,0.0008824586
8912896,11251,608.78,21.824440002441406,68,792,2200,0.00695343017578125,0.1,-0.0012594320220159715,1e-06,1.0700762271881104,0.1881851851940155,0.8676135540008545,0.2,6.046821988746524,0.567449047928676,0.0009296035
9043968,11247,568.2,20.68303871154785,69,804,2210,0.006362152099609375,0.1,-0.001282430235096399,1e-06,0.9072231650352478,0.18836066126823425,0.8719991445541382,0.2,6.024319971352815,0.5342997882515192,0.00092524436
9175040,11249,623.37,22.719629287719727,70,815,2220,0.006017303466796875,0.1,-0.0013140430774001288,1e-06,0.8720148801803589,0.18854348361492157,0.8642723560333252,0.2,6.00144760645926,0.5911696017254144,0.00090853084
9306112,11241,616.61,22.058813095092773,71,827,2230,0.004686737060546875,0.1,-0.001102224897567794,1e-06,0.7563073635101318,0.1887197196483612,0.861794114112854,0.2,5.978660808503628,0.5683333827182651,0.0008644323
9437184,11237,538.35,18.202342987060547,72,839,2240,0.00522613525390625,0.1,-0.0013045415846136166,1e-06,0.8675376176834106,0.1888938844203949,0.8635340929031372,0.2,5.956414566189051,0.5658677062951029,0.00084602355
9568256,11241,559.64,19.44829750061035,73,851,2250,0.002852630615234375,0.1,-0.0011127557063446147,1e-06,1.0326206684112549,0.18907169997692108,0.8671966791152954,0.2,5.934060994163156,0.619145491742529,0.0007270196
9699328,11242,583.73,20.446287155151367,74,862,2260,0.00744476318359375,0.1,-0.001375520513556694,1e-06,0.7415083646774292,0.18924307823181152,0.891860842704773,0.2,5.911899273097515,0.50287158889696,0.0009418243
9830400,11244,597.67,21.055198669433594,75,874,2270,0.00547943115234375,0.1,-0.0012673256339439832,1e-06,0.7200669050216675,0.18942320346832275,0.873026430606842,0.2,5.889538128301501,0.5133682417683303,0.000900458
9961472,11244,639.77,22.79052734375,76,885,2280,0.00705413818359375,0.1,-0.0012637357314815745,1e-06,0.7921361923217773,0.1896066665649414,0.866172730922699,0.2,5.866508292406797,0.5522417812375352,0.00091924437
10092544,11228,576.85,20.31938934326172,77,898,2290,0.004935455322265625,0.1,-0.0011892881082530948,1e-06,0.9257484674453735,0.18979088962078094,0.859247624874115,0.2,5.84325432702899,0.5543872610898688,0.00085056364
10223616,11222,566.26,19.51417350769043,78,910,2300,0.005464935302734375,0.1,-0.001265534225240117,1e-06,0.8740954399108887,0.18997041881084442,0.8642143607139587,0.2,5.820289686322212,0.5470688066445291,0.00088467967
10354688,11224,572.51,20.36764144897461,79,922,2310,0.008126068115234374,0.1,-0.0013717930753955442,1e-06,0.8231387734413147,0.19015201926231384,0.8753477334976196,0.2,5.797466007992625,0.5367571176029742,0.00094569044
10485760,11225,674.48,24.91501235961914,80,934,2320,0.00570068359375,0.1,-0.0012459526502425432,1e-06,0.7541639804840088,0.19032637774944305,0.8749923706054688,0.2,5.7750525087118145,0.5303344015032053,0.00088659674
10616832,11228,635.58,23.47589874267578,81,945,2330,0.0043731689453125,0.1,-0.0011168849273417436,1e-06,0.9156005382537842,0.19050991535186768,0.8594820499420166,0.2,5.752417052164674,0.5642143336357549,0.00084122224
10747904,11231,639.39,23.5633487701416,82,956,2340,0.004451751708984375,0.1,-0.0011493120493469178,1e-06,0.7497977018356323,0.19068948924541473,0.8634750843048096,0.2,5.729592454060912,0.5494618084980175,0.0008255326
10878976,11225,543.15,19.72522735595703,83,969,2350,0.006159210205078125,0.1,-0.0012196231451525818,1e-06,0.8275750875473022,0.19086894392967224,0.8596184849739075,0.2,5.707014454528689,0.5691234123660251,0.00091700244
11010048,11230,607.54,21.82647705078125,84,980,2360,0.00617218017578125,0.1,-0.0011867495109981973,1e-06,0.9050140380859375,0.19104886054992676,0.8569746017456055,0.2,5.684395219758153,0.562828190298751,0.00090413797
11141120,11228,604.84,21.3195743560791,85,992,2370,0.009980010986328124,0.1,-0.0013498827238436206,1e-06,0.7866208553314209,0.19123224914073944,0.8569149971008301,0.2,5.6615790642797945,0.5782029862748459,0.0010167598
11272192,11228,581.85,20.570051193237305,86,1003,2380,0.00276947021484375,0.1,-0.001104821705212089,1e-06,0.7951306104660034,0.19140705466270447,0.8666329383850098,0.2,5.639172999933362,0.5688378426944837,0.000752362
11403264,11230,633.82,22.590314865112305,87,1015,2390,0.00528717041015625,0.1,-0.0012270817565877223,1e-06,0.7546297907829285,0.1915888488292694,0.8797829151153564,0.2,5.616782770305872,0.505764388665557,0.0008406778
11534336,11231,601.98,21.963987350463867,88,1026,2400,0.00547027587890625,0.1,-0.0011811189727268356,1e-06,0.8092725276947021,0.1917693018913269,0.8693909049034119,0.2,5.59407647922635,0.5440363612491638,0.0008658233
11665408,11236,688.22,25.562646865844727,89,1038,2410,0.005847930908203125,0.1,-0.001308538800367387,1e-06,0.8840301036834717,0.1919504851102829,0.8524414896965027,0.2,5.571467469632625,0.5932116567855701,0.0008876541
11796480,11238,582.75,20.57138442993164,90,1049,2420,0.004286956787109375,0.1,-0.0011218738602110534,1e-06,0.8284842371940613,0.1921350657939911,0.8650704622268677,0.2,5.54855126105249,0.5572623672196642,0.00084254565
11927552,11236,537.46,18.450115203857422,91,1061,2430,0.006215667724609375,0.1,-0.0012666643307966297,1e-06,0.8624986410140991,0.19231359660625458,0.8688843846321106,0.2,5.525970468297601,0.5706661534495652,0.00092310575
12058624,11234,591.45,20.637897491455078,92,1073,2440,0.00416259765625,0.1,-0.0011416986872063717,1e-06,0.8259865641593933,0.19249330461025238,0.8760278224945068,0.2,5.503606342896819,0.5332567657809705,0.00082585996
12189696,11232,598.12,21.33600616455078,93,1085,2450,0.0053497314453125,0.1,-0.0012930029985909642,1e-06,0.7757841348648071,0.19267277419567108,0.884181022644043,0.2,5.481203769519925,0.5263313692994416,0.0008537426
12320768,11219,595.21,21.295225143432617,94,1098,2460,0.008107757568359375,0.1,-0.0013578176138253184,1e-06,0.7196885347366333,0.19285833835601807,0.8462079763412476,0.2,5.458410512283445,0.5572041278006509,0.0010076149
12451840,11214,606.62,21.942819595336914,95,1110,2470,0.005175018310546875,0.1,-0.0011504538078952464,1e-06,1.0633131265640259,0.19304296374320984,0.8537644147872925,0.2,5.43540038280189,0.5972619226202369,0.0008590765
12582912,11214,598.83,21.501567840576172,96,1122,2480,0.004491424560546875,0.1,-0.0011213201195459988,1e-06,0.8066195845603943,0.19322428107261658,0.8663599491119385,0.2,5.412674594670534,0.559672341030091,0.0008258404
12713984,11216,630.51,22.86420249938965,97,1133,2490,0.00785064697265625,0.1,-0.0013512120730410971,1e-06,0.712393581867218,0.19340471923351288,0.8721879124641418,0.2,5.390217654779553,0.5201257281238213,0.0009776517
12845056,11218,670.53,24.82854652404785,98,1145,2500,0.00600433349609375,0.1,-0.0012568521133289323,1e-06,0.8817358613014221,0.19358742237091064,0.8675052523612976,0.2,5.367687071859836,0.5556741745211184,0.0008993207
12976128,11220,667.02,25.133756637573242,99,1156,2510,0.004764556884765625,0.1,-0.0011171874564752215,1e-06,0.8568735122680664,0.193776935338974,0.8685239553451538,0.2,5.344554606825113,0.5316662901546806,0.0008428961
13107200,11224,666.85,25.15435218811035,100,1167,2520,0.004630279541015625,0.1,-0.0010363304688326025,1e-06,0.8143836259841919,0.1939552277326584,0.8453402519226074,0.2,5.32189883030951,0.5850977438734845,0.0008168261
13238272,11220,579.92,21.223369598388672,101,1179,2530,0.00536651611328125,0.1,-0.001108904605916905,1e-06,0.7086614370346069,0.19413791596889496,0.852224588394165,0.2,5.299517314881086,0.5813314947998152,0.0008830553
13369344,11219,607.17,21.989086151123047,102,1191,2540,0.00758056640625,0.1,-0.0012935127771925182,1e-06,0.7655983567237854,0.19431881606578827,0.8771637678146362,0.2,5.277104924991727,0.5510326493298635,0.00093830354
13500416,11218,633.12,22.834716796875,103,1203,2550,0.0066802978515625,0.1,-0.00126108222093535,1e-06,0.8826603889465332,0.19449657201766968,0.873916506767273,0.2,5.254966777935624,0.5548265286721289,0.0009120923
13631488,11216,634.62,22.935087203979492,104,1215,2560,0.007678985595703125,0.1,-0.001312775312908343,1e-06,0.7990409135818481,0.19468140602111816,0.8704652190208435,0.2,5.2325423989444975,0.5287996528903023,0.0009650435
13762560,11215,680.55,24.77826499938965,105,1227,2570,0.002855682373046875,0.1,-0.0010529433315241477,1e-06,0.9128562211990356,0.19486449658870697,0.8498827815055847,0.2,5.209860164299608,0.5939489110838622,0.0007460488
13893632,11213,669.85,24.396255493164062,106,1238,2580,0.006645965576171875,0.1,-0.001307375307987968,1e-06,0.7847082614898682,0.19504599273204803,0.8549133539199829,0.2,5.1874453913420435,0.56694314123597,0.00092841045
14024704,11214,601.33,21.549062728881836,107,1250,2590,0.006468963623046875,0.1,-0.001324559627664712,1e-06,0.9183636903762817,0.19523295760154724,0.8545102477073669,0.2,5.16473142914474,0.561290022614412,0.00094639027
14155776,11212,626.51,22.436668395996094,108,1262,2600,0.0026611328125,0.1,-0.0010701798220907222,1e-06,0.8340436220169067,0.19541773200035095,0.8525255918502808,0.2,5.141905879974365,0.5754806302720681,0.0007564404
14286848,11211,636.69,23.46772003173828,109,1274,2610,0.007201385498046875,0.1,-0.0013523206902391395,1e-06,0.7303017377853394,0.19560013711452484,0.8512380123138428,0.2,5.119381375983357,0.5441777407424524,0.0009514702
14417920,11209,642.18,23.747753143310547,110,1286,2620,0.00503387451171875,0.1,-0.0011899745956725383,1e-06,0.7394347786903381,0.1957862377166748,0.8538324236869812,0.2,5.096758352965116,0.6117603275924921,0.0008642059
14548992,11212,620.53,22.743568420410156,111,1297,2630,0.005283355712890625,0.1,-0.0012238022309247754,1e-06,0.9272032976150513,0.19596891105175018,0.865474283695221,0.2,5.074161030724644,0.5526172468671575,0.0009171787
14680064,11217,620.1,22.094118118286133,112,1308,2640,0.006268310546875,0.1,-0.0012081671661690052,1e-06,0.8189094066619873,0.19614844024181366,0.8554516434669495,0.2,5.0520253125578165,0.5879486087709666,0.00090842304
14811136,11215,599.02,21.436269760131836,113,1320,2650,0.005352020263671875,0.1,-0.0013346724304028612,1e-06,0.7466917634010315,0.19633615016937256,0.8698033094406128,0.2,5.0295263335108755,0.514665157836862,0.00089932885
14942208,11213,628.17,22.493242263793945,114,1332,2660,0.006927490234375,0.1,-0.001217910967534408,1e-06,0.8575208187103271,0.19652459025382996,0.8529146313667297,0.2,5.0065503783524035,0.5961926333373413,0.0009303271
15073280,11209,636.04,22.85590171813965,115,1344,2670,0.007378387451171875,0.1,-0.0013110078210957,1e-06,0.7435468435287476,0.19670788943767548,0.875652551651001,0.2,4.98386960029602,0.5212241199798882,0.0009796079
15204352,11209,645.26,23.650880813598633,116,1356,2680,0.0061737060546875,0.1,-0.001203890413944464,1e-06,0.7589229345321655,0.19689755141735077,0.8676852583885193,0.2,4.961104990169406,0.5617114301305264,0.0008957224
15335424,11208,628.83,23.188705444335938,117,1368,2690,0.00577392578125,0.1,-0.0012452363981537927,1e-06,0.8052821755409241,0.1970839500427246,0.8568742275238037,0.2,4.938228133693338,0.5495490155881271,0.0009184598
15466496,11209,595.76,21.57391357421875,118,1379,2700,0.00589447021484375,0.1,-0.0011991758061412837,1e-06,0.7133520841598511,0.1972656548023224,0.864788830280304,0.2,4.915827237069607,0.599685403262265,0.00089993514
15597568,11211,614.83,22.346689224243164,119,1391,2710,0.01015777587890625,0.1,-0.0013595485945188557,1e-06,0.7973639369010925,0.19744914770126343,0.8862340450286865,0.2,4.89360581561923,0.5076923277927563,0.0010137181
15728640,11213,586.09,20.50307846069336,120,1402,2720,0.00517578125,0.1,-0.001113418923887366,1e-06,0.7586826086044312,0.19763314723968506,0.8544849157333374,0.2,4.871254800260067,0.6094401608686895,0.0008562433
15859712,11212,622.96,22.452926635742188,121,1414,2730,0.004498291015625,0.1,-0.001200704276561737,1e-06,0.7543870210647583,0.1978105753660202,0.8735307455062866,0.2,4.849336702749133,0.5371336335781962,0.0008492166
15990784,11217,555.26,19.42462921142578,122,1425,2740,0.006285858154296875,0.1,-0.0011791954130785597,1e-06,1.0331993103027344,0.1979975402355194,0.8635615110397339,0.2,4.8271943718194965,0.5922924409154803,0.0009377046
16121856,11220,678.06,24.525497436523438,123,1436,2750,0.006667327880859375,0.1,-0.0012373586547255399,1e-06,0.8426029086112976,0.19819003343582153,0.8691489696502686,0.2,4.804161858931184,0.55039529313799,0.00093921355
16252928,11223,649.38,23.278419494628906,124,1448,2760,0.0059478759765625,0.1,-0.0012435171934157552,1e-06,0.7932382225990295,0.19837960600852966,0.8631719350814819,0.2,4.781075262278319,0.5393810903187841,0.0008720722
16384000,11224,654.87,23.872411727905273,125,1459,2770,0.008094024658203126,0.1,-0.0014325132277008378,1e-06,0.7387097477912903,0.19857017695903778,0.864202082157135,0.2,4.7581056706607345,0.534551100875251,0.0010111581
16515072,11227,601.42,21.520858764648438,126,1470,2780,0.006472015380859375,0.1,-0.0012224134411553678,1e-06,0.7549229264259338,0.19875656068325043,0.8602662086486816,0.2,4.735324582830072,0.5557767542777583,0.00092162204
16646144,11229,655.35,23.496383666992188,127,1482,2790,0.003697967529296875,0.1,-0.0010579401237919227,1e-06,0.7730405330657959,0.19894394278526306,0.8621423840522766,0.2,4.712777759134769,0.530453045363538,0.00078197895
16777216,11233,610.21,21.405637741088867,128,1493,2800,0.00515594482421875,0.1,-0.0012201933706819546,1e-06,0.8850182890892029,0.19912776350975037,0.8652651309967041,0.2,4.690429663658142,0.5623724124161527,0.0008739361
16908288,11237,649.67,23.413745880126953,129,1504,2810,0.003558349609375,0.1,-0.0011144981125653431,1e-06,0.6675149202346802,0.19931356608867645,0.8798057436943054,0.2,4.668136603012681,0.4958994410466403,0.00081960525
17039360,11240,624.96,23.13829803466797,130,1515,2820,0.010292816162109374,0.1,-0.001285427674156381,1e-06,0.8357104659080505,0.19950418174266815,0.8632540106773376,0.2,4.645402020215988,0.5817876788089051,0.0010406128
17170432,11241,605.88,22.107009887695312,131,1527,2830,0.00583038330078125,0.1,-0.0011310281081023277,1e-06,0.7876964807510376,0.19969259202480316,0.8568241596221924,0.2,4.62262649834156,0.5610282600857317,0.00087670534
17301504,11244,604.36,21.616518020629883,132,1538,2840,0.00670166015625,0.1,-0.001267384765560564,1e-06,0.7676122784614563,0.19988319277763367,0.8590689897537231,0.2,4.599883450567722,0.5965770358918234,0.0009527587
17432576,11249,567.69,20.33559226989746,133,1549,2850,0.00420379638671875,0.1,-0.0012736771775053058,1e-06,0.8202673196792603,0.20006859302520752,0.8764960169792175,0.2,4.577356419712305,0.5618824773002415,0.00085252733
17563648,11252,656.72,24.232866287231445,134,1560,2860,0.004904937744140625,0.1,-0.0012160981139459181,1e-06,0.6764017343521118,0.20025615394115448,0.8696926832199097,0.2,4.554956486821174,0.54256847940851,0.00088074186
17694720,11257,616.42,22.759075164794922,135,1571,2870,0.005733489990234375,0.1,-0.0012280074058253377,1e-06,0.805112361907959,0.20044676959514618,0.8633158206939697,0.2,4.53225008957088,0.5568187374388799,0.000876045
17825792,11257,632.77,23.067161560058594,136,1583,2880,0.0079498291015625,0.1,-0.0012711366106486822,1e-06,0.7432863712310791,0.2006322145462036,0.8586569428443909,0.2,4.509787230566144,0.5502557935658843,0.00096237106
17956864,11260,647.72,24.2320613861084,137,1594,2890,0.008293914794921874,0.1,-0.0012881429942353862,1e-06,1.041355848312378,0.20082202553749084,0.8569504022598267,0.2,4.487321607768536,0.5909077228279784,0.0009328106
18087936,11262,709.24,26.41705894470215,138,1605,2900,0.0054656982421875,0.1,-0.0011382171930563346,1e-06,0.8658519983291626,0.20101016759872437,0.8500118255615234,0.2,4.464761191606522,0.5756489370716735,0.0008997171
18219008,11265,678.49,25.066068649291992,139,1617,2910,0.00663299560546875,0.1,-0.001178176849771262,1e-06,0.9165961742401123,0.20120319724082947,0.8528553247451782,0.2,4.4419735364615915,0.5581144912634045,0.0009425897
18350080,11267,613.38,22.162385940551758,140,1628,2920,0.007633209228515625,0.1,-0.0012382538426209066,1e-06,0.7377434968948364,0.20139257609844208,0.8503749370574951,0.2,4.419211039692163,0.60940166329965,0.0009732095
18481152,11272,677.59,25.14592933654785,141,1639,2930,0.00527496337890625,0.1,-0.0011943660391807499,1e-06,0.9688888192176819,0.20158575475215912,0.8717798590660095,0.2,4.396412402391434,0.5616742224432528,0.00089364295
18612224,11273,657.84,24.222187042236328,142,1650,2940,0.00586700439453125,0.1,-0.0011187039965079749,1e-06,0.7434722185134888,0.20177076756954193,0.850581705570221,0.2,4.373928315937519,0.543515898170881,0.0009135762
18743296,11274,536.89,18.7806453704834,143,1662,2950,0.00813751220703125,0.1,-0.0012864536754932487,1e-06,0.8919241428375244,0.20195649564266205,0.8462440967559814,0.2,4.351862865313888,0.6123319471953437,0.000976733
18874368,11275,639.46,23.210693359375,144,1673,2960,0.006697845458984375,0.1,-0.001285131328040734,1e-06,0.7869851589202881,0.20214438438415527,0.8776132464408875,0.2,4.329675285518169,0.5549908310174942,0.0008858544
19005440,11273,637.71,23.361207962036133,145,1685,2970,0.0049285888671875,0.1,-0.001191279182330618,1e-06,0.6120582818984985,0.2023395299911499,0.8744574785232544,0.2,4.306910346448421,0.5322885856498033,0.0008671025
19136512,11275,683.4,26.134977340698242,146,1697,2980,0.007263946533203125,0.1,-0.001183760133517353,1e-06,0.8040040731430054,0.20253142714500427,0.8516510128974915,0.2,4.283972164615989,0.5869442313211038,0.00095394347
19267584,11278,615.8,22.698711395263672,147,1708,2990,0.005808258056640625,0.1,-0.001077139450899267,1e-06,0.9022966027259827,0.2027195692062378,0.8302767276763916,0.2,4.261458134278655,0.6216542470967397,0.0008914984
19398656,11279,642.87,24.341203689575195,148,1719,3000,0.0062225341796875,0.1,-0.0011718901134372573,1e-06,0.9507052898406982,0.20291516184806824,0.8467258810997009,0.2,4.238701567798853,0.6661036388715729,0.0009222239
19529728,11282,695.3,26.40924072265625,149,1730,3010,0.006909942626953125,0.1,-0.001170431468744937,1e-06,0.7322666049003601,0.20310567319393158,0.860622763633728,0.2,4.215944753214717,0.5292527124285697,0.00090593676
19660800,11288,686.47,25.802011489868164,150,1741,3020,0.0037445068359375,0.1,-0.0010833486996489228,1e-06,0.7648484706878662,0.2032988965511322,0.8304559588432312,0.2,4.19323283098638,0.6059514249442145,0.000810288
19791872,11291,628.13,22.507902145385742,151,1752,3030,0.00506134033203125,0.1,-0.0010665260371752084,1e-06,0.8202755451202393,0.20348823070526123,0.852946400642395,0.2,4.170705720409751,0.5834490754408762,0.0008760056
19922944,11293,615.12,21.852275848388672,152,1764,3040,0.00689849853515625,0.1,-0.0011880447877956613,1e-06,0.7310022115707397,0.2036823034286499,0.8641398549079895,0.2,4.148069380223751,0.5864460416371002,0.00095228665
20054016,11296,644.58,22.801563262939453,153,1775,3050,0.006644439697265625,0.1,-0.0012074755187313712,1e-06,0.6993347406387329,0.20387613773345947,0.8663491606712341,0.2,4.1252056486904625,0.5459877511952073,0.00092879386
