rollout/action_saturation_fraction,train/std_max,train/action_std_22,rollout/recovery_noforce,train/action_std_05,train/action_std_09,time/time_elapsed,train/action_std_17,rollout/is_fall_mean,train/action_std_08,time/total_timesteps,train/action_std_01,train/action_std_07,train/action_std_15,train/action_std_18,rollout/ep_rew_mean,train/action_std_00,time/iterations,rollout/ep_len_mean,train/action_std_21,train/action_std_24,train/action_std_02,train/action_std_23,rollout/force_onset_mean,train/action_std_03,train/action_std_06,train/action_std_12,train/action_std_19,rollout/is_timeout_mean,train/action_std_20,train/action_std_16,train/action_std_04,train/action_std_11,train/action_std_13,rollout/force_requested_impulse_mean,time/fps,rollout/episodes_noforce,train/action_std_10,rollout/force_direction_mean,train/std_min,train/action_std_14,train/n_updates,train/approx_kl,train/clip_fraction,train/loss,train/explained_variance,train/learning_rate,train/value_loss,train/clip_range_vf,train/entropy_loss,train/clip_range,train/policy_gradient_loss,rollout/timeouts,rollout/timeout_without_onset_fraction,train/std
0.0,0.07071298360824585,0.06864029914140701,0.0,0.06998593360185623,0.07056094706058502,24,0.0690905973315239,1.0,0.06925796717405319,131072,0.06985492259263992,0.06856831163167953,0.07018686830997467,0.06952881813049316,220.53802490234375,0.06889551132917404,1,334.6666666666667,0.06991540640592575,0.0689486563205719,0.0686921626329422,0.0696580559015274,1.3566666666666678,0.07042857259511948,0.06977751851081848,0.068776935338974,0.06939713656902313,0.0,0.06924869120121002,0.06852850317955017,0.07071298360824585,0.06925184279680252,0.06915237009525299,0.0,5451,9,0.06946025788784027,-1.0,0.06852850317955017,0.06966207921504974,,,,,,,,,,,,,,
0.0,0.07073662430047989,0.06866887956857681,0.9635627530364372,0.07000268995761871,0.07058369368314743,53,0.06909405440092087,0.03643724696356275,0.06927572190761566,262144,0.06986604630947113,0.06859390437602997,0.07020235061645508,0.06955566257238388,681.553955078125,0.06892246007919312,2,1000.0,0.06994664669036865,0.06897436827421188,0.0687083974480629,0.06966669112443924,1.3999190283400818,0.07045720517635345,0.06978630274534225,0.06879249960184097,0.06941232830286026,0.9635627530364372,0.06927991658449173,0.06855128705501556,0.07073662430047989,0.06927356868982315,0.06917224079370499,0.0,4931,247,0.06948967278003693,-1.0,0.06855128705501556,0.0696825236082077,1540,0.001321143,0.02993316650390625,0.3907316327095032,0.8167112469673157,1e-06,0.09844266622967553,0.2,31.20359729230404,0.1,-0.0025766709239178455,238,0.0,0.06946782767772675
0.0,0.07076315581798553,0.0686858594417572,0.4444444444444444,0.07001926004886627,0.07059932500123978,81,0.06911182403564453,0.5555555555555556,0.0693022683262825,393216,0.06989068537950516,0.06860761344432831,0.07023293524980545,0.0695730447769165,639.7592163085938,0.06893683224916458,3,941.35,0.06996680796146393,0.06899591535329819,0.06872960180044174,0.06969975680112839,1.4096666666666677,0.07047075778245926,0.06979700177907944,0.06880956143140793,0.06943710893392563,0.4444444444444444,0.06930319219827652,0.06856509298086166,0.07076315581798553,0.06927648186683655,0.06918798387050629,0.0,4821,18,0.06950569897890091,-1.0,0.06856509298086166,0.06969504803419113,1550,0.0012900281,0.028017425537109376,0.43032583594322205,0.8046389818191528,1e-06,0.11942474916868377,0.2,31.19647566229105,0.1,-0.002382616511749802,8,0.0,0.06948651373386383
0.0,0.07077427208423615,0.06869905441999435,0.9416666666666667,0.07004577666521072,0.07061222195625305,111,0.06912803649902344,0.058333333333333334,0.06933583319187164,524288,0.06991688907146454,0.0686303973197937,0.07025306671857834,0.06958432495594025,681.404541015625,0.06896120309829712,4,995.29,0.06998614966869354,0.06901457160711288,0.06874393671751022,0.06972352415323257,1.3940833333333342,0.07047542184591293,0.06981022655963898,0.06881850212812424,0.06946276128292084,0.9416666666666667,0.06932016462087631,0.06858734786510468,0.07077427208423615,0.06930144131183624,0.0692058578133583,0.0,4718,240,0.06951025128364563,-1.0,0.06858734786510468,0.06972632557153702,1560,0.0013256642,0.028993988037109376,0.42425256967544556,0.827117383480072,1e-06,0.11188718897756189,0.2,31.18976961374283,0.1,-0.0022958503715017286,226,0.0,0.06950509548187256
0.0,0.0707816481590271,0.06872907280921936,0.6,0.07007507234811783,0.07065106928348541,139,0.06914491951465607,0.4,0.06935855001211166,655360,0.06993589550256729,0.06865627318620682,0.07028089463710785,0.06960532814264297,640.489990234375,0.0689769983291626,5,935.85,0.06999856233596802,0.06904546916484833,0.06876355409622192,0.06974519789218903,1.3846400000000012,0.07048945128917694,0.06983230262994766,0.06882909685373306,0.0694756805896759,0.6,0.06934555619955063,0.0685989111661911,0.0707816481590271,0.06933408230543137,0.06920748949050903,0.0,4685,25,0.06952524185180664,-1.0,0.0685989111661911,0.06973811239004135,1570,0.0013133229,0.02545318603515625,0.5016685128211975,0.8134475350379944,1e-06,0.15941411940439137,0.2,31.182834807038308,0.1,-0.002200970961621351,15,0.0,0.06952498108148575
0.0,0.07079611718654633,0.06874261051416397,0.9525862068965517,0.07009278982877731,0.07064621895551682,169,0.06916876137256622,0.04741379310344827,0.06936756521463394,786432,0.06994569301605225,0.06868160516023636,0.07029453665018082,0.06962823122739792,682.0792236328125,0.06900400668382645,6,1000.0,0.07001031935214996,0.06906014680862427,0.068781279027462,0.06976491212844849,1.3893620689655182,0.07051114737987518,0.06984607875347137,0.06884515285491943,0.06948558241128922,0.9525862068965517,0.06937454640865326,0.06862176209688187,0.07079611718654633,0.06935061514377594,0.06921938806772232,0.0,4637,232,0.06953523308038712,-1.0,0.06862176209688187,0.06974980980157852,1580,0.001323189,0.02778472900390625,0.44860026240348816,0.8174234628677368,1e-06,0.11629910539486446,0.2,31.1763976842165,0.1,-0.002404721008315391,221,0.0,0.06954096257686615
0.0,0.07081726938486099,0.06876618415117264,0.7352941176470589,0.07010772824287415,0.07066620141267776,198,0.06919781863689423,0.2647058823529412,0.06938054412603378,917504,0.06996621191501617,0.06870497018098831,0.07030992209911346,0.06963960826396942,643.3927001953125,0.06903369724750519,7,943.95,0.07002273201942444,0.06908661127090454,0.06879352033138275,0.06979309022426605,1.3925294117647071,0.07054246217012405,0.06986401230096817,0.06886575371026993,0.06949183344841003,0.7352941176470589,0.06939909607172012,0.06864265352487564,0.07081726938486099,0.06936880201101303,0.06923273950815201,0.0,4619,34,0.06955586373806,-1.0,0.06864265352487564,0.06975723803043365,1590,0.0013536584,0.02911224365234375,0.43368250131607056,0.8405768275260925,1e-06,0.11225285565014928,0.2,31.1700934574008,0.1,-0.002391981285290967,25,0.0,0.06956026703119278
0.0,0.07083802670240402,0.06878422200679779,0.9605263157894737,0.0701262503862381,0.07066633552312851,228,0.06921281665563583,0.039473684210526314,0.06939882785081863,1048576,0.06999611109495163,0.06874111294746399,0.070323146879673,0.06966589391231537,681.7803955078125,0.0690457671880722,8,997.74,0.0700407326221466,0.06910747289657593,0.0688195526599884,0.06980452686548233,1.3896403508771942,0.07055182754993439,0.06988056749105453,0.06888055056333542,0.06950400769710541,0.9605263157894737,0.06942415982484818,0.06865902245044708,0.07083802670240402,0.06937851011753082,0.06924469769001007,0.0,4589,228,0.06956559419631958,-1.0,0.06865902245044708,0.06978001445531845,1600,0.0013721283,0.030927276611328124,0.3722948431968689,0.8225694298744202,1e-06,0.10614816303132102,0.2,31.16346053034067,0.1,-0.0023473148088669405,219,0.0,0.06957758963108063
0.0,0.07085687667131424,0.06879161298274994,0.7380952380952381,0.07014777511358261,0.07068869471549988,257,0.06923427432775497,0.2619047619047619,0.06942373514175415,1179648,0.07001667469739914,0.0687652975320816,0.07034283876419067,0.06969577819108963,638.4304809570312,0.06905222684144974,9,937.54,0.07005447894334793,0.06911715865135193,0.0688256248831749,0.06981918960809708,1.388095238095239,0.07055526971817017,0.06990431994199753,0.06890036165714264,0.06951610743999481,0.7380952380952381,0.06944212317466736,0.06867880374193192,0.07085687667131424,0.0693959966301918,0.06927061825990677,0.0,4576,42,0.06959066540002823,-1.0,0.06867880374193192,0.06979821622371674,1610,0.0013781429,0.031331634521484374,0.46235713362693787,0.8233413696289062,1e-06,0.09791089067584835,0.2,31.157190907001496,0.1,-0.002389800345827098,31,0.0,0.06959538906812668
0.0,0.07087386399507523,0.06880857795476913,0.9541284403669725,0.07016786187887192,0.07071851193904877,287,0.06926702708005905,0.045871559633027525,0.06945013999938965,1310720,0.07004078477621078,0.06879040598869324,0.0703602135181427,0.06971573829650879,685.2916259765625,0.0690770298242569,10,999.08,0.07007542997598648,0.0691380575299263,0.06883960217237473,0.06983615458011627,1.3824036697247712,0.07057511061429977,0.06992807239294052,0.06890502572059631,0.06953317672014236,0.9541284403669725,0.06946620345115662,0.06870685517787933,0.07087386399507523,0.0694044753909111,0.06928523629903793,0.0,4551,218,0.06960483640432358,-1.0,0.06870685517787933,0.06982240080833435,1620,0.0013281628,0.029021453857421876,0.4379795789718628,0.7696589231491089,1e-06,0.14586192016722635,0.2,31.150326377153398,0.1,-0.002283907132823515,208,0.0,0.06961563229560852
0.0,0.0708891972899437,0.06883322447538376,0.75,0.07019878178834915,0.07073225826025009,317,0.06928455829620361,0.25,0.06946521252393723,1441792,0.07006615400314331,0.06879787892103195,0.07037289440631866,0.0697285383939743,636.2725219726562,0.06908225268125534,11,930.24,0.07009308785200119,0.0691596195101738,0.06884825974702835,0.06985392421483994,1.3737692307692317,0.07059869915246964,0.06996174156665802,0.06892615556716919,0.069551981985569,0.75,0.06948276609182358,0.06872855126857758,0.0708891972899437,0.06942398101091385,0.06929988414049149,0.0,4544,52,0.069614477455616,-1.0,0.06872855126857758,0.06983793526887894,1630,0.0013340176,0.028969573974609374,0.44958871603012085,0.8186925649642944,1e-06,0.10579468218056717,0.2,31.14355014413595,0.1,-0.0022789302201999817,39,0.0,0.06963327527046204
0.0,0.07091409713029861,0.06884684413671494,0.9707317073170731,0.07023268193006516,0.07075185328722,347,0.06929512321949005,0.02926829268292683,0.0694834440946579,1572864,0.07008107751607895,0.06880736351013184,0.07039600610733032,0.06974396854639053,683.7047729492188,0.06909935921430588,12,997.5,0.0701066255569458,0.06918369978666306,0.06885866075754166,0.06987908482551575,1.3865853658536593,0.07061143219470978,0.06998391449451447,0.06893550604581833,0.069569893181324,0.9707317073170731,0.06950094550848007,0.0687490701675415,0.07091409713029861,0.06944040209054947,0.06932198256254196,0.0,4526,205,0.06963275372982025,-1.0,0.0687490701675415,0.0698576495051384,1640,0.0013405327,0.02943115234375,0.5193004608154297,0.7955008745193481,1e-06,0.14974907818250358,0.2,31.13713055551052,0.1,-0.0022800256228947546,199,0.0,0.06965133547782898
0.0,0.07092764228582382,0.06887546181678772,0.8833333333333333,0.07024909555912018,0.07076769322156906,376,0.06929653137922287,0.11666666666666667,0.06950821727514267,1703936,0.07009968906641006,0.06881549954414368,0.07042576372623444,0.06976256519556046,653.9822387695312,0.06910007447004318,13,959.6,0.0701267197728157,0.06920064240694046,0.06887928396463394,0.06990010291337967,1.3977000000000008,0.07062991708517075,0.07001518458127975,0.0689520388841629,0.06958287954330444,0.8833333333333333,0.06950874626636505,0.06875709444284439,0.07092764228582382,0.06946811079978943,0.06934665888547897,0.0,4523,60,0.06964892148971558,-1.0,0.06875709444284439,0.0698823556303978,1650,0.0012907053,0.02753143310546875,0.38053447008132935,0.8236590623855591,1e-06,0.08183275439223507,0.2,31.13065564185381,0.1,-0.00218667305443887,53,0.0,0.06966907531023026
0.0,0.07095357030630112,0.06889570504426956,0.949748743718593,0.07026675343513489,0.07079149037599564,406,0.06931803375482559,0.05025125628140704,0.06952548772096634,1835008,0.07012970000505447,0.06881856918334961,0.07044665515422821,0.06977645307779312,676.4996948242188,0.06911072880029678,14,992.14,0.07015299052000046,0.06922305375337601,0.06889522075653076,0.06991380453109741,1.3921206030150763,0.07064545899629593,0.07003767788410187,0.0689726248383522,0.0696132630109787,0.949748743718593,0.06953079253435135,0.06878659129142761,0.07095357030630112,0.06948985904455185,0.06935372203588486,0.0,4508,199,0.06966441124677658,-1.0,0.06878659129142761,0.06989623606204987,1660,0.0013409068,0.03040771484375,0.40974339842796326,0.7898804545402527,1e-06,0.09976905741496012,0.2,31.12403272986412,0.1,-0.002271393595583504,189,0.0,0.0696883574128151
0.0,0.07097546756267548,0.06891459226608276,0.8676470588235294,0.07029064744710922,0.07081756740808487,436,0.0693337693810463,0.1323529411764706,0.06954111903905869,1966080,0.07015237212181091,0.06883328408002853,0.07046426087617874,0.0697835385799408,644.0427856445312,0.0691240131855011,15,943.34,0.07017221301794052,0.06924784928560257,0.06892005354166031,0.0699286088347435,1.3783823529411778,0.07067042589187622,0.07006443291902542,0.06898622959852219,0.06962858885526657,0.8676470588235294,0.06955314427614212,0.0687924474477768,0.07097546756267548,0.06950490176677704,0.06937981396913528,0.0,4507,68,0.06968782097101212,-1.0,0.0687924474477768,0.06992260366678238,1670,0.0013983299,0.0311004638671875,0.40873005986213684,0.8275877833366394,1e-06,0.11455601335183019,0.2,31.117155550420286,0.1,-0.00233450046453072,59,0.0,0.06970758736133575
0.0,0.07099983841180801,0.06893619894981384,0.9581151832460733,0.0703110620379448,0.07083643227815628,466,0.06934208422899246,0.041884816753926704,0.06956081837415695,2097152,0.07016440480947495,0.06885521858930588,0.07047618925571442,0.0697900578379631,674.5382690429688,0.06913486123085022,16,988.7,0.0701872706413269,0.06927284598350525,0.06893560290336609,0.06993500888347626,1.405350785340315,0.07068770378828049,0.07008664309978485,0.06900905817747116,0.06965677440166473,0.9581151832460733,0.06956931203603745,0.06881069391965866,0.07099983841180801,0.06951242685317993,0.06940776109695435,0.0,4495,191,0.06970937550067902,-1.0,0.06881069391965866,0.06994399428367615,1680,0.0013167792,0.029114532470703124,0.460099995136261,0.755211591720581,1e-06,0.11697471151710488,0.2,31.110592415928842,0.1,-0.0024339473304280544,183,0.0,0.06972526758909225
0.0,0.07102614641189575,0.06895164400339127,0.8481012658227848,0.07033119350671768,0.07084698975086212,495,0.06935478001832962,0.1518987341772152,0.06958110630512238,2228224,0.07019428163766861,0.06888342648744583,0.07048822194337845,0.06979608535766602,631.2200927734375,0.06915061920881271,17,924.1,0.07020252197980881,0.06928582489490509,0.0689653605222702,0.0699499323964119,1.3954430379746847,0.07069673389196396,0.07010891288518906,0.06903489679098129,0.06966491788625717,0.8481012658227848,0.06959407776594162,0.06883542239665985,0.07102614641189575,0.06952926516532898,0.06941400468349457,0.0,4495,79,0.06972139328718185,-1.0,0.06883542239665985,0.06994785368442535,1690,0.0013974621,0.031444549560546875,0.4393802583217621,0.8053345680236816,1e-06,0.11513525067130104,0.2,31.104355630278587,0.1,-0.0023531096489023185,67,0.0,0.06974221765995026
0.0,0.07105430960655212,0.06896989792585373,0.9725274725274725,0.07035323232412338,0.07087977975606918,526,0.06937570124864578,0.027472527472527472,0.06961318105459213,2359296,0.07020531594753265,0.0689077377319336,0.0705052986741066,0.06981462240219116,675.5077514648438,0.06916846334934235,18,987.55,0.0702294334769249,0.0693051740527153,0.06899475306272507,0.0699649453163147,1.4115714285714298,0.07072155177593231,0.07012628763914108,0.06906457990407944,0.06968067586421967,0.9725274725274725,0.06961333006620407,0.06885097920894623,0.07105430960655212,0.06955317407846451,0.06942743062973022,0.0,4484,182,0.06973309814929962,-1.0,0.06885097920894623,0.0699729472398758,1700,0.001357911,0.03000030517578125,0.4378315508365631,0.7825381755828857,1e-06,0.14409096206654795,0.2,31.097553981840612,0.1,-0.0023725049550193944,177,0.0,0.0697634294629097
0.0,0.0710708498954773,0.06899090111255646,0.9135802469135802,0.07038267701864243,0.07091112434864044,555,0.06940276175737381,0.08641975308641975,0.06964367628097534,2490368,0.07023666799068451,0.0689283087849617,0.07052174210548401,0.06983231753110886,659.6296997070312,0.06919019669294357,19,962.99,0.07024551182985306,0.06933280825614929,0.06902243942022324,0.06998815387487411,1.4005925925925935,0.07073672860860825,0.07013716548681259,0.06908564269542694,0.06971286237239838,0.9135802469135802,0.06963671743869781,0.06885545700788498,0.0710708498954773,0.06956622749567032,0.06944833695888519,0.0,4483,81,0.06974669545888901,-1.0,0.06885545700788498,0.07000172138214111,1710,0.0013061782,0.03012542724609375,0.3846625089645386,0.8407973647117615,1e-06,0.08568155879911502,0.2,31.089753368496893,0.1,-0.0024895499404919974,74,0.0,0.06978511065244675
0.0,0.07108753174543381,0.06901866942644119,0.9405405405405406,0.07041311264038086,0.07094382494688034,585,0.06942537426948547,0.05945945945945946,0.0696786642074585,2621440,0.07025989890098572,0.06895143538713455,0.07054289430379868,0.06984540820121765,677.1883544921875,0.06920641660690308,20,982.27,0.07026948034763336,0.06935110688209534,0.06903507560491562,0.07000561058521271,1.3869621621621633,0.07076295465230942,0.0701594352722168,0.06911083310842514,0.06973017007112503,0.9405405405405406,0.06964439153671265,0.06887146830558777,0.07108753174543381,0.0695798322558403,0.06947050988674164,0.0,4474,185,0.06976734101772308,-1.0,0.06887146830558777,0.07002502679824829,1720,0.0012960944,0.027692413330078124,0.36853352189064026,0.7848957777023315,1e-06,0.09692872823216021,0.2,31.08214561343193,0.1,-0.0022486424848466415,174,0.0,0.06980626285076141
0.0,0.07110076397657394,0.06904367357492447,0.9047619047619048,0.0704297423362732,0.07097223401069641,615,0.06944457441568375,0.09523809523809523,0.06969797611236572,2752512,0.07028042525053024,0.06897129118442535,0.07055626064538956,0.0698566883802414,643.7589111328125,0.06922855228185654,21,942.3,0.07027292251586914,0.06937581300735474,0.06905297189950943,0.07001223415136337,1.4064523809523821,0.07079020887613297,0.07016823440790176,0.06913220882415771,0.06974774599075317,0.9047619047619048,0.06965675950050354,0.06889572739601135,0.07110076397657394,0.069590263068676,0.06949473172426224,0.0,4473,84,0.06978724896907806,-1.0,0.06889572739601135,0.07003306597471237,1730,0.0013753844,0.030698394775390624,0.39457055926322937,0.8586724996566772,1e-06,0.0989365899353288,0.2,31.075231835246086,0.1,-0.0024450436567349243,76,0.0,0.06982368975877762
0.0,0.07112322747707367,0.0690561980009079,0.9491525423728814,0.07044314593076706,0.07097455114126205,645,0.0694543644785881,0.05084745762711865,0.06970319151878357,2883584,0.0702994167804718,0.06899391114711761,0.07057192921638489,0.06987742334604263,686.3560791015625,0.06923521310091019,22,998.02,0.07028709352016449,0.06940606981515884,0.06907407939434052,0.07003282010555267,1.3882824858757072,0.07080696523189545,0.07018730789422989,0.0691538006067276,0.06976956129074097,0.9491525423728814,0.06966923177242279,0.06890410929918289,0.07112322747707367,0.06962008774280548,0.0695016011595726,0.0,4466,177,0.06981369853019714,-1.0,0.06890410929918289,0.07004889845848083,1740,0.0014110159,0.030670928955078124,0.43944475054740906,0.7888461947441101,1e-06,0.1260075915022753,0.2,31.069139349460603,0.1,-0.002458688581100432,168,0.0,0.06984031200408936
0.0,0.07115073502063751,0.06907131522893906,0.8421052631578947,0.07044798880815506,0.07099728286266327,675,0.06947686523199081,0.15789473684210525,0.06973103433847427,3014656,0.07031770050525665,0.06899987906217575,0.07058257609605789,0.06989255547523499,634.843505859375,0.06926478445529938,23,926.64,0.07029438018798828,0.06941976398229599,0.06910890340805054,0.07004604488611221,1.3985684210526326,0.07083109766244888,0.07020249962806702,0.06918033212423325,0.06979713588953018,0.8421052631578947,0.06968556344509125,0.06891398131847382,0.07115073502063751,0.06963152438402176,0.0695180743932724,0.0,4465,95,0.0698232352733612,-1.0,0.06891398131847382,0.07007890194654465,1750,0.0013439765,0.03227081298828125,0.4736759066581726,0.8541388511657715,1e-06,0.10196857286500745,0.2,31.062893144786358,0.1,-0.0023879009735537694,80,0.0,0.06985855847597122
0.0,0.0711728110909462,0.06909346580505371,0.953757225433526,0.07045682519674301,0.07103242725133896,705,0.06949459761381149,0.046242774566473986,0.06976138055324554,3145728,0.07034990936517715,0.06901613622903824,0.07058614492416382,0.06991248577833176,667.4989013671875,0.06927725672721863,24,968.75,0.07032281905412674,0.06946247816085815,0.06914247572422028,0.07007806748151779,1.405815028901735,0.07085318863391876,0.07021025568246841,0.06920148432254791,0.06982313841581345,0.953757225433526,0.06971278041601181,0.06893044710159302,0.0711728110909462,0.06965843588113785,0.06952632963657379,0.0,4458,173,0.06984391063451767,-1.0,0.06893044710159302,0.0700908675789833,1760,0.0013681389,0.028730010986328124,0.4722093641757965,0.8114275336265564,1e-06,0.14900871899153573,0.2,31.055714552104472,0.1,-0.002295393750864605,165,0.0,0.0698803961277008
0.0,0.07118450105190277,0.06909874081611633,0.9285714285714286,0.07046988606452942,0.07104462385177612,735,0.06951556354761124,0.07142857142857142,0.0697769820690155,3276800,0.07036348432302475,0.06904014945030212,0.07059600949287415,0.06992165744304657,670.6878051757812,0.06928686797618866,25,975.94,0.0703447163105011,0.06947887688875198,0.06916085630655289,0.07010085880756378,1.3970408163265318,0.07087206095457077,0.07023345679044724,0.06922867894172668,0.06984265893697739,0.9285714285714286,0.06972835212945938,0.0689370334148407,0.07118450105190277,0.06967572867870331,0.06953881680965424,0.0,4457,98,0.06986456364393234,-1.0,0.0689370334148407,0.07011079043149948,1770,0.0013541742,0.028359222412109374,0.3824426531791687,0.8504393100738525,1e-06,0.0854218545166077,0.2,31.048891513049604,0.1,-0.0025569965243448676,91,0.0,0.0698966383934021
0.0,0.07121473550796509,0.06910865753889084,0.953757225433526,0.07049551606178284,0.07105980068445206,765,0.06953921169042587,0.046242774566473986,0.06979460269212723,3407872,0.07037628442049026,0.06905364990234375,0.07060404121875763,0.06993827223777771,673.053955078125,0.06929893046617508,26,980.4,0.07036915421485901,0.06949390470981598,0.0691853016614914,0.07011580467224121,1.3752254335260126,0.07089191675186157,0.0702470913529396,0.06925784796476364,0.06986679136753082,0.953757225433526,0.06975056976079941,0.06895791739225388,0.07121473550796509,0.06969518214464188,0.06955136358737946,0.0,4452,173,0.06987864524126053,-1.0,0.06895791739225388,0.07011651992797852,1780,0.0013873542,0.031629180908203124,0.42355895042419434,0.8291987180709839,1e-06,0.09967842313053552,0.2,31.042789950966835,0.1,-0.0023870156379416584,165,0.0,0.06991446763277054
0.0,0.07123134285211563,0.06912561506032944,0.88,0.07052364200353622,0.07108566164970398,794,0.0695539265871048,0.12,0.06981737166643143,3538944,0.07038877159357071,0.06906484812498093,0.07063630223274231,0.06995836645364761,656.2135009765625,0.0693044513463974,27,953.13,0.07037975639104843,0.06950828433036804,0.0691995844244957,0.07012728601694107,1.3969400000000007,0.07089629769325256,0.07025065273046494,0.06927420198917389,0.06987704336643219,0.88,0.06976216286420822,0.06896963715553284,0.07123134285211563,0.06971324980258942,0.0695769414305687,0.0,4451,100,0.06991405040025711,-1.0,0.06896963715553284,0.07012537866830826,1790,0.0013589726,0.03069305419921875,0.44351130723953247,0.7893118858337402,1e-06,0.10643186095403508,0.2,31.036760780215264,0.1,-0.00249425285783218,88,0.0,0.06993059068918228
0.0,0.0712508112192154,0.0691484585404396,0.975609756097561,0.07054533064365387,0.07111240923404694,825,0.06956977397203445,0.024390243902439025,0.0698406994342804,3670016,0.07040951400995255,0.06908562779426575,0.07065308839082718,0.06997863948345184,675.47412109375,0.06932470947504044,28,984.83,0.07039598375558853,0.06952624768018723,0.06922699511051178,0.0701514482498169,1.4052682926829279,0.07092813402414322,0.07026366889476776,0.06930482387542725,0.06989847123622894,0.975609756097561,0.06979204714298248,0.06899221241474152,0.0712508112192154,0.06974656134843826,0.06958956271409988,0.0,4447,164,0.06992623955011368,-1.0,0.06899221241474152,0.07015165686607361,1800,0.0013926948,0.03138046264648438,0.4803367257118225,0.7968366146087646,1e-06,0.13022758433653508,0.2,31.029942859709262,0.1,-0.0024506014822691215,160,0.0,0.06995252519845963
0.0,0.07126008719205856,0.06916637718677521,0.9150943396226415,0.07055918127298355,0.07112646847963333,854,0.0695832148194313,0.08490566037735849,0.06986169517040253,3801088,0.07042472809553146,0.06909459084272385,0.07068159431219101,0.06998308002948761,666.6654663085938,0.06934131681919098,29,966.49,0.07041260600090027,0.06954819709062576,0.0692453384399414,0.0701703205704689,1.4010754716981142,0.07093919813632965,0.07028144598007202,0.06932035088539124,0.06991363316774368,0.9150943396226415,0.06981299072504044,0.06901360303163528,0.07126008719205856,0.06976567208766937,0.06960684061050415,0.0,4446,106,0.06994546204805374,-1.0,0.06901360303163528,0.07017219066619873,1810,0.001295627,0.029715728759765626,0.3627704977989197,0.8021245002746582,1e-06,0.07551462246919982,0.2,31.022990007698535,0.1,-0.002349374023378914,97,0.0,0.06996920704841614
0.0,0.07128956913948059,0.06918977200984955,0.9625,0.07056841254234314,0.07113885134458542,884,0.06960851699113846,0.0375,0.06987649202346802,3932160,0.07044195383787155,0.06911793351173401,0.07070239633321762,0.07000328600406647,669.728271484375,0.06937198340892792,30,973.18,0.07042863965034485,0.06956493109464645,0.0692664384841919,0.07019025087356567,1.3925000000000012,0.07096632570028305,0.07029242068529129,0.0693492740392685,0.06994174420833588,0.9625,0.06982579827308655,0.06904298067092896,0.07128956913948059,0.06979986280202866,0.06962171196937561,0.0,4443,160,0.06995315104722977,-1.0,0.06904298067092896,0.0702013447880745,1820,0.0013786303,0.03135223388671875,0.4259209632873535,0.790708065032959,1e-06,0.11055645735759753,0.2,31.01625576019287,0.1,-0.0024326582089997826,154,0.0,0.06999015808105469
0.0,0.07130685448646545,0.06920895725488663,0.9357798165137615,0.07057194411754608,0.07115818560123444,914,0.06962800770998001,0.06422018348623854,0.06989868730306625,4063232,0.07043994218111038,0.0691380724310875,0.07070238143205643,0.070015087723732,661.5245361328125,0.06938666850328445,31,964.75,0.07044476270675659,0.06958984583616257,0.06927568465471268,0.07021678239107132,1.3949908256880745,0.07098231464624405,0.07031907141208649,0.06936972588300705,0.06995910406112671,0.9357798165137615,0.06985220313072205,0.06906130164861679,0.07130685448646545,0.06982336938381195,0.06964917480945587,0.0,4441,109,0.06996212899684906,-1.0,0.06906130164861679,0.07021576166152954,1830,0.0013398891,0.02950897216796875,0.3577548563480377,0.7501780986785889,1e-06,0.11021687268803362,0.2,31.009546193480492,0.1,-0.002380091228224046,102,0.0,0.07000703364610672
0.0,0.0713285505771637,0.0692259892821312,0.9567901234567902,0.07058458775281906,0.07118692994117737,945,0.06964115053415298,0.043209876543209874,0.06991270184516907,4194304,0.07045828551054001,0.06916286796331406,0.07071428000926971,0.07002702355384827,670.652587890625,0.06940072774887085,32,972.64,0.07046407461166382,0.06960148364305496,0.0692850649356842,0.07022886723279953,1.402395061728396,0.07100497931241989,0.07034120708703995,0.06939627975225449,0.06997498869895935,0.9567901234567902,0.0698775053024292,0.06907670199871063,0.0713285505771637,0.06984230130910873,0.0696759968996048,0.0,4438,162,0.06998803466558456,-1.0,0.06907670199871063,0.0702306404709816,1840,0.0012796521,0.027053070068359376,0.3591664731502533,0.7741975784301758,1e-06,0.10111415229039267,0.2,31.003324830532073,0.1,-0.002423144520162168,155,0.0,0.0700252428650856
0.0,0.07136483490467072,0.06924065947532654,0.9326923076923077,0.070606529712677,0.07120225578546524,974,0.06966802477836609,0.0673076923076923,0.06993549317121506,4325376,0.07047534734010696,0.06918671727180481,0.07073431462049484,0.07004311680793762,674.45849609375,0.0694195106625557,33,978.35,0.07048953324556351,0.06961673498153687,0.06930293887853622,0.07024233043193817,1.3942115384615394,0.0710068792104721,0.0703597143292427,0.06941107660531998,0.0699944719672203,0.9326923076923077,0.06990336626768112,0.0690876692533493,0.07136483490467072,0.06987457722425461,0.06968468427658081,0.0,4437,104,0.07000409066677094,-1.0,0.0690876692533493,0.0702478364109993,1850,0.00133923,0.029064178466796875,0.4030037522315979,0.8137650489807129,1e-06,0.09407596681558061,0.2,30.996671988070013,0.1,-0.0024670269483976883,97,0.0,0.07004410773515701
0.0,0.07137899845838547,0.06926201283931732,0.9457831325301205,0.07062353193759918,0.07122280448675156,1004,0.06968599557876587,0.05421686746987952,0.06995802372694016,4456448,0.07050783932209015,0.06921149790287018,0.07076127082109451,0.07004791498184204,661.993408203125,0.0694526731967926,34,960.58,0.0705164298415184,0.06965236365795135,0.0693272054195404,0.0702625960111618,1.394144578313254,0.07103102654218674,0.07037623226642609,0.06943197548389435,0.0700220987200737,0.9457831325301205,0.06992213428020477,0.06910425424575806,0.07137899845838547,0.06989053636789322,0.06970594823360443,0.0,4435,166,0.07002056390047073,-1.0,0.06910425424575806,0.0702664852142334,1860,0.0014100242,0.03290252685546875,0.3612726032733917,0.833832859992981,1e-06,0.08206389140541433,0.2,30.989430229365826,0.1,-0.0025602709136364867,157,0.0,0.0700656995177269
0.0,0.07139664143323898,0.06928247213363647,0.9223300970873787,0.07063136249780655,0.07125123590230942,1034,0.0697089433670044,0.07766990291262135,0.06997999548912048,4587520,0.07051350176334381,0.06923777610063553,0.07077386975288391,0.07006587088108063,676.7568969726562,0.06947201490402222,35,980.85,0.07052293419837952,0.06966108083724976,0.06934479624032974,0.0702870786190033,1.3813980582524286,0.07105258852243423,0.07039341330528259,0.06943908333778381,0.07003302127122879,0.9223300970873787,0.06995119899511337,0.06912719458341599,0.07139664143323898,0.06991026550531387,0.06972210854291916,0.0,4434,103,0.07004179060459137,-1.0,0.06912719458341599,0.07028423249721527,1870,0.0013634842,0.02841644287109375,0.41496461629867554,0.8352056741714478,1e-06,0.12558390101767145,0.2,30.98241018354893,0.1,-0.0022734802649210907,95,0.0,0.0700833797454834
0.0,0.07142093777656555,0.06930418312549591,0.95,0.07065586745738983,0.0712658241391182,1064,0.06972666084766388,0.05,0.07000604271888733,4718592,0.07054309546947479,0.069261834025383,0.07079039514064789,0.07008720934391022,675.9310302734375,0.0694986879825592,36,977.34,0.07053667306900024,0.0696679875254631,0.06936470419168472,0.07030916959047318,1.405600000000001,0.07107178121805191,0.07041654735803604,0.06946158409118652,0.07004687935113907,0.95,0.06997355073690414,0.06915894150733948,0.07142093777656555,0.0699257031083107,0.0697498545050621,0.0,4432,160,0.07006797939538956,-1.0,0.06915894150733948,0.07030373811721802,1880,0.0012670311,0.02685699462890625,0.514788806438446,0.7524601221084595,1e-06,0.10499517610587646,0.2,30.97550566792488,0.1,-0.002339589147686638,152,0.0,0.07010463625192642
0.0,0.07144024968147278,0.06932966411113739,0.9351851851851852,0.07066916674375534,0.07127411663532257,1094,0.06974615156650543,0.06481481481481481,0.07002455741167068,4849664,0.07055468112230301,0.06928122043609619,0.07081058621406555,0.07010604441165924,677.2513427734375,0.0695243775844574,37,983.01,0.07055764645338058,0.06968674063682556,0.06938486546278,0.07033393532037735,1.3960185185185194,0.0710950568318367,0.07043750584125519,0.06947603821754456,0.07007552683353424,0.9351851851851852,0.0699891671538353,0.0691726803779602,0.07144024968147278,0.06994754821062088,0.06976562738418579,0.0,4431,108,0.07007447630167007,-1.0,0.0691726803779602,0.07032971829175949,1890,0.0013736212,0.030294036865234374,0.4007584750652313,0.7775158286094666,1e-06,0.10466431955137523,0.2,30.96838172227144,0.1,-0.002465478560861811,101,0.0,0.07012348622083664
0.0,0.07146183401346207,0.06935787200927734,0.9325153374233128,0.07068599760532379,0.0713033527135849,1124,0.06975919008255005,0.06748466257668712,0.0700506716966629,4980736,0.07058145105838776,0.06930477917194366,0.07084359973669052,0.07011912763118744,665.6525268554688,0.06953072547912598,38,966.41,0.07056775689125061,0.06970299035310745,0.06940139085054398,0.0703614205121994,1.4050061349693261,0.07111512124538422,0.0704583153128624,0.06949947029352188,0.07010462135076523,0.9325153374233128,0.07001006603240967,0.0691884309053421,0.07146183401346207,0.06996074318885803,0.06978137791156769,0.0,4429,163,0.07009553164243698,-1.0,0.0691884309053421,0.07034648954868317,1900,0.0013406846,0.030646514892578126,0.4107845723628998,0.7936177253723145,1e-06,0.09733069723297376,0.2,30.961356787383558,0.1,-0.002423800097130879,152,0.0,0.0701436921954155
0.0,0.07148923724889755,0.06937315315008163,0.9252336448598131,0.07069768011569977,0.07132788747549057,1154,0.06978044658899307,0.07476635514018691,0.07008606940507889,5111808,0.07059597969055176,0.06932064890861511,0.07086660712957382,0.07012856006622314,674.906494140625,0.06955176591873169,39,975.49,0.07059365510940552,0.06971366703510284,0.0694143995642662,0.07038397341966629,1.4007476635514031,0.07114521414041519,0.07048075646162033,0.06949636340141296,0.07013043761253357,0.9252336448598131,0.07002802938222885,0.06920406222343445,0.07148923724889755,0.06998945027589798,0.0697994977235794,0.0,4428,107,0.0701056718826294,-1.0,0.06920406222343445,0.07036132365465164,1910,0.0013783535,0.03132553100585937,0.4093274176120758,0.8029724359512329,1e-06,0.1348681391449645,0.2,30.95443228036165,0.1,-0.0023912887031656282,99,0.0,0.0701625794172287
0.0,0.0715145543217659,0.06937650591135025,0.9625,0.07072433084249496,0.07135111838579178,1184,0.06980864703655243,0.0375,0.07011578977108002,5242880,0.07061265408992767,0.06933831423521042,0.07087743282318115,0.07013869285583496,671.796142578125,0.06957880407571793,40,974.12,0.070609912276268,0.06974415481090546,0.06944464147090912,0.07039957493543625,1.404887500000001,0.07116729766130447,0.07050755620002747,0.06951635330915451,0.07014207541942596,0.9625,0.07004400342702866,0.06922264397144318,0.0715145543217659,0.07000822573900223,0.06982291489839554,0.0,4426,160,0.0701342299580574,-1.0,0.06922264397144318,0.07038529962301254,1920,0.0013662069,0.032338714599609374,0.4207245409488678,0.806058406829834,1e-06,0.10283744570333511,0.2,30.947311086952688,0.1,-0.0025844090768259776,154,0.0,0.07018342614173889
0.0,0.07153044641017914,0.06939487159252167,0.9537037037037037,0.07073606550693512,0.07137521356344223,1214,0.06982579827308655,0.046296296296296294,0.07014086842536926,5373952,0.0706375241279602,0.06935792416334152,0.07088407874107361,0.0701586976647377,677.38525390625,0.06959062814712524,41,979.99,0.07062564045190811,0.06976336240768433,0.06947837769985199,0.07042132318019867,1.4113148148148156,0.07118195295333862,0.07051675021648407,0.06952785700559616,0.07016488164663315,0.9537037037037037,0.0700700506567955,0.06923855096101761,0.07153044641017914,0.070032499730587,0.0698365867137909,0.0,4425,108,0.07016650587320328,-1.0,0.06923855096101761,0.07040131837129593,1930,0.0013577098,0.029796600341796875,0.3764665722846985,0.804180383682251,1e-06,0.08441196366620715,0.2,30.94026291370392,0.1,-0.00242682383814099,103,0.0,0.0702023133635521
0.0,0.07153728604316711,0.06941484659910202,0.9371069182389937,0.07075804471969604,0.07138911634683609,1244,0.0698440745472908,0.06289308176100629,0.07016298174858093,5505024,0.07065042853355408,0.06937499344348907,0.07089203596115112,0.07018472999334335,667.8089599609375,0.0696067065000534,42,960.68,0.07062441110610962,0.06978541612625122,0.06948937475681305,0.07045413553714752,1.4009056603773595,0.07120363414287567,0.07054037600755692,0.0695519968867302,0.07018917798995972,0.9371069182389937,0.07009385526180267,0.06926503032445908,0.07153728604316711,0.07004424184560776,0.069858618080616,0.0,4424,159,0.07017965614795685,-1.0,0.06926503032445908,0.07041580975055695,1940,0.0013173153,0.02770538330078125,0.46414992213249207,0.7585540413856506,1e-06,0.09792271911283024,0.2,30.93362216204405,0.1,-0.002372590521190432,149,0.0,0.07022043317556381
0.0,0.07155109941959381,0.06942681223154068,0.937888198757764,0.07078009843826294,0.07139696925878525,1274,0.06987082213163376,0.062111801242236024,0.07017147541046143,5636096,0.07066067308187485,0.06937073916196823,0.07091513276100159,0.07020594924688339,670.5337524414062,0.06962095946073532,43,970.33,0.07063812017440796,0.069799043238163,0.0695168673992157,0.07046463340520859,1.4071180124223612,0.07121805101633072,0.07055433094501495,0.06957709044218063,0.07021651417016983,0.937888198757764,0.07010187953710556,0.06928743422031403,0.07155109941959381,0.07006757706403732,0.0698796883225441,0.0,4422,161,0.0702098160982132,-1.0,0.06928743422031403,0.07043427973985672,1950,0.001324937,0.028124237060546876,0.3807327449321747,0.8254749178886414,1e-06,0.11464385051222052,0.2,30.927465018630027,0.1,-0.0023943515076098264,151,0.0,0.07023743540048599
0.0,0.07156839966773987,0.06944594532251358,0.941747572815534,0.0707959458231926,0.07142110913991928,1304,0.06989630311727524,0.05825242718446602,0.07019182294607162,5767168,0.07068458199501038,0.0693780779838562,0.07093163579702377,0.07023514807224274,684.510498046875,0.06963671743869781,44,988.46,0.07064173370599747,0.06982261687517166,0.06954497843980789,0.07047489285469055,1.402155339805826,0.07123272120952606,0.07057029753923416,0.06960028409957886,0.07022888213396072,0.941747572815534,0.07011841237545013,0.06930042058229446,0.07156839966773987,0.07009413838386536,0.06990016251802444,0.0,4421,103,0.07021526992321014,-1.0,0.06930042058229446,0.07045045495033264,1960,0.0014827568,0.0365081787109375,0.5004785060882568,0.7892726063728333,1e-06,0.12904751817695798,0.2,30.921253690123557,0.1,-0.0026823651480299303,97,0.0,0.07025524228811264
0.0,0.0715869888663292,0.06946620345115662,0.95,0.0708131492137909,0.07144466787576675,1334,0.06990627944469452,0.05,0.07021080702543259,5898240,0.07069848477840424,0.06939894706010818,0.07095294445753098,0.07025901228189468,681.208251953125,0.06965745985507965,45,985.8,0.07066641747951508,0.06984811276197433,0.0695648342370987,0.0704863891005516,1.405275000000001,0.07125532627105713,0.07058124989271164,0.0696072056889534,0.07023536413908005,0.95,0.07013224065303802,0.06931670755147934,0.0715869888663292,0.07013177126646042,0.06992553919553757,0.0,4420,160,0.07023289054632187,-1.0,0.06931670755147934,0.0704653263092041,1970,0.0013674644,0.03171539306640625,0.3555598556995392,0.7842100262641907,1e-06,0.08003062405623496,0.2,30.91476466655731,0.1,-0.0023543069195511635,152,0.0,0.07027377188205719
0.0,0.07161472737789154,0.06948112696409225,0.9444444444444444,0.07083133608102798,0.07146529108285904,1364,0.06992513686418533,0.05555555555555555,0.07022543996572495,6029312,0.07072185724973679,0.06942305713891983,0.07095424830913544,0.07028437405824661,672.59765625,0.06967584788799286,46,972.0,0.07067696750164032,0.06986846029758453,0.0695735439658165,0.07048705965280533,1.3893333333333342,0.07127585262060165,0.07060346752405167,0.06962502747774124,0.07025279849767685,0.9444444444444444,0.0701412633061409,0.06933952122926712,0.07161472737789154,0.07015930116176605,0.06993579119443893,0.0,4419,108,0.07025757431983948,-1.0,0.06933952122926712,0.07049444317817688,1980,0.0014154648,0.03391876220703125,0.4418468475341797,0.7986252307891846,1e-06,0.11616222405864392,0.2,30.90831538438797,0.1,-0.0024589382673184446,102,0.0,0.07029173523187637
0.0,0.07164054363965988,0.0695003792643547,0.9245283018867925,0.07086040824651718,0.07147864997386932,1394,0.06994986534118652,0.07547169811320754,0.07025324553251266,6160384,0.07074519246816635,0.06944244354963303,0.07096388936042786,0.07030089199542999,689.9020385742188,0.06970465928316116,47,993.07,0.07068827003240585,0.06988319009542465,0.06958401203155518,0.07050817459821701,1.4013459119496865,0.0712963342666626,0.07061789929866791,0.06964598596096039,0.07028784602880478,0.9245283018867925,0.0701628103852272,0.06934811919927597,0.07164054363965988,0.07017343491315842,0.06993914395570755,0.0,4418,159,0.07027681916952133,-1.0,0.06934811919927597,0.07052049040794373,1990,0.0013316466,0.028673553466796876,0.3794681429862976,0.777861475944519,1e-06,0.10235300477070268,0.2,30.901622949540617,0.1,-0.002424178957426193,147,0.0,0.07031090557575226
0.0,0.07165776938199997,0.06952870637178421,0.8981481481481481,0.07087522000074387,0.07149235904216766,1424,0.06995967030525208,0.10185185185185185,0.07027586549520493,6291456,0.07077208161354065,0.06946291029453278,0.07097671180963516,0.07031989842653275,657.8610229492188,0.06971291452646255,48,948.81,0.07070271670818329,0.0699017196893692,0.06961389631032944,0.07053153961896896,1.4324629629629637,0.07131358981132507,0.07064187526702881,0.0696629211306572,0.07030107080936432,0.8981481481481481,0.07017815113067627,0.06936769187450409,0.07165776938199997,0.07018740475177765,0.06995821744203568,0.0,4417,108,0.07029329985380173,-1.0,0.06936769187450409,0.07054345309734344,2000,0.0012580624,0.026336669921875,0.561092734336853,0.8239330053329468,1e-06,0.13390615872922354,0.2,30.894983038306236,0.1,-0.0024341661865037167,97,0.0,0.07032926380634308
0.0,0.07168666273355484,0.06954380124807358,0.9554140127388535,0.07089688628911972,0.0715181827545166,1454,0.06996854394674301,0.044585987261146494,0.07029499113559723,6422528,0.07079159468412399,0.06947458535432816,0.07100777328014374,0.07033050805330276,687.9293212890625,0.0697307139635086,49,990.61,0.07072702795267105,0.06992527097463608,0.06963804364204407,0.07054797559976578,1.3999108280254788,0.07133564352989197,0.07066741585731506,0.06969199329614639,0.07031622529029846,0.9554140127388535,0.0701933428645134,0.06938222050666809,0.07168666273355484,0.0702037364244461,0.06995932757854462,0.0,4416,157,0.07031139731407166,-1.0,0.06938222050666809,0.07056484371423721,2010,0.0014168054,0.034505462646484374,0.4525672197341919,0.7978561520576477,1e-06,0.13670160502369982,0.2,30.888379542529584,0.1,-0.002469407383887301,150,0.0,0.0703483447432518
0.0,0.07170280069112778,0.06955506652593613,0.9444444444444444,0.07091124355792999,0.07153665274381638,1484,0.06998126208782196,0.05555555555555555,0.07030817866325378,6553600,0.07081090658903122,0.06949343532323837,0.0710158497095108,0.07034850120544434,675.40673828125,0.06974320113658905,50,973.02,0.07075099647045135,0.06994691491127014,0.06965476274490356,0.07055986672639847,1.4148333333333343,0.07134710252285004,0.07068183273077011,0.06970284134149551,0.07033985108137131,0.9444444444444444,0.07021322846412659,0.06940407305955887,0.07170280069112778,0.07022389024496078,0.06998281180858612,0.0,4415,108,0.07032614946365356,-1.0,0.06940407305955887,0.07056516408920288,2020,0.0013487639,0.0323089599609375,0.3644239902496338,0.767264723777771,1e-06,0.08328844369243597,0.2,30.882104977965355,0.1,-0.0023958200617926195,102,0.0,0.07036425918340683
0.0,0.07171270996332169,0.06957961618900299,0.9673202614379085,0.07094414532184601,0.07154948264360428,1514,0.06998830288648605,0.032679738562091505,0.07032793015241623,6684672,0.0708257257938385,0.06952540576457977,0.07102873921394348,0.07036638259887695,691.3679809570312,0.06976351141929626,51,991.36,0.07076744735240936,0.06996656209230423,0.06965643167495728,0.0705774649977684,1.3860130718954258,0.07135287672281265,0.07069733738899231,0.06971684098243713,0.07036307454109192,0.9673202614379085,0.07022590935230255,0.06942059099674225,0.07171270996332169,0.07025078684091568,0.07000414282083511,0.0,4414,153,0.07034588605165482,-1.0,0.06942059099674225,0.07057791948318481,2030,0.0013424957,0.02866363525390625,0.4060172140598297,0.7808941602706909,1e-06,0.10788021208427381,0.2,30.87625519633293,0.1,-0.0024023536816457636,148,0.0,0.07038141041994095
0.0,0.07173008471727371,0.06959253549575806,0.9469026548672567,0.07095897197723389,0.07158172875642776,1544,0.06999793648719788,0.05309734513274336,0.07033403217792511,6815744,0.07084754854440689,0.06954851746559143,0.07104857265949249,0.07038722932338715,682.7156982421875,0.06977731734514236,52,982.35,0.07078850269317627,0.06999079138040543,0.06967174261808395,0.07058461755514145,1.4024778761061958,0.07135855406522751,0.0707097128033638,0.06974080950021744,0.07038985937833786,0.9469026548672567,0.07024449110031128,0.06943239271640778,0.07173008471727371,0.07027598470449448,0.070017509162426,0.0,4413,113,0.07036492973566055,-1.0,0.06943239271640778,0.0705837607383728,2040,0.0013432796,0.0302734375,0.35998469591140747,0.7959585189819336,1e-06,0.07831455831765197,0.2,30.870182852447034,0.1,-0.002577726730851282,107,0.0,0.07039832323789597
0.0,0.07175004482269287,0.0696042850613594,0.959731543624161,0.07097499072551727,0.07159282267093658,1574,0.07001558691263199,0.040268456375838924,0.07034890353679657,6946816,0.07086542248725891,0.06957823783159256,0.07105343043804169,0.07039707154035568,688.7908325195312,0.0697900578379631,53,990.12,0.07081152498722076,0.07000429183244705,0.06968768686056137,0.07060114294290543,1.4065637583892627,0.0713692232966423,0.0707465261220932,0.06975336372852325,0.07040058076381683,0.959731543624161,0.07026856392621994,0.06946537643671036,0.07175004482269287,0.07029958069324493,0.07002878189086914,0.0,4412,149,0.07038705796003342,-1.0,0.06946537643671036,0.07060166448354721,2050,0.0013024776,0.02862548828125,0.41609522700309753,0.7582952976226807,1e-06,0.09168357462331186,0.2,30.86405597627163,0.1,-0.002423742358587333,143,0.0,0.07041584700345993
0.0,0.07177037745714188,0.06961621344089508,0.907563025210084,0.07099047303199768,0.07160858064889908,1604,0.0700225830078125,0.09243697478991597,0.0703803300857544,7077888,0.07087865471839905,0.06959124654531479,0.07106280326843262,0.07040249556303024,663.8009643554688,0.06979648768901825,54,957.66,0.07082479447126389,0.0700254887342453,0.06970184296369553,0.0706242248415947,1.4016638655462192,0.07139132916927338,0.07076502591371536,0.06977257877588272,0.07040931284427643,0.907563025210084,0.07027920335531235,0.0694882720708847,0.07177037745714188,0.07032383978366852,0.07004860043525696,0.0,4411,119,0.07040028274059296,-1.0,0.0694882720708847,0.07061641663312912,2060,0.0013709287,0.031114959716796876,0.4518946409225464,0.7932965159416199,1e-06,0.08641032199957407,0.2,30.858134761452675,0.1,-0.0026209489657048834,108,0.0,0.0704316571354866
0.0,0.07178237289190292,0.06964143365621567,0.9862068965517241,0.07100600004196167,0.07162263244390488,1634,0.07004489004611969,0.013793103448275862,0.07041212171316147,7208960,0.07089340686798096,0.06961830705404282,0.07108062505722046,0.07041022181510925,686.829345703125,0.0698157548904419,55,992.23,0.07085630297660828,0.07005013525485992,0.06972332298755646,0.07065634429454803,1.3933517241379318,0.07140202820301056,0.07078061997890472,0.0697878822684288,0.07043696939945221,0.9862068965517241,0.07029267400503159,0.06950345635414124,0.07178237289190292,0.07035244256258011,0.07005832344293594,0.0,4410,145,0.07042299211025238,-1.0,0.06950345635414124,0.07064985483884811,2070,0.0014009541,0.032254791259765624,0.4516896605491638,0.8014535903930664,1e-06,0.12063521103409584,0.2,30.851773515343666,0.1,-0.002486993349339173,143,0.0,0.07045204192399979
0.0,0.0717989057302475,0.06966321915388107,0.9344262295081968,0.07102686166763306,0.07163847982883453,1664,0.07005800306797028,0.06557377049180328,0.07042376697063446,7340032,0.07090993970632553,0.06964847445487976,0.07109121978282928,0.07043152302503586,671.6073608398438,0.06983272731304169,56,966.15,0.07087624818086624,0.07005984336137772,0.06973861902952194,0.07068372517824173,1.3951311475409844,0.07142917811870575,0.07080736011266708,0.06981562077999115,0.07046179473400116,0.9344262295081968,0.07031924277544022,0.069517582654953,0.0717989057302475,0.07036765664815903,0.07006657123565674,0.0,4410,122,0.07044019550085068,-1.0,0.069517582654953,0.07068111002445221,2080,0.0012805273,0.0276763916015625,0.39160066843032837,0.7680203914642334,1e-06,0.06961802661971887,0.2,30.844630587100983,0.1,-0.0023027021520647395,114,0.0,0.07047151774168015
0.0,0.07182326912879944,0.0696735680103302,0.9574468085106383,0.07104741781949997,0.07166017591953278,1694,0.0700860396027565,0.0425531914893617,0.0704495832324028,7471104,0.07092373073101044,0.06967122852802277,0.07111401855945587,0.07044398784637451,675.3976440429688,0.06985051929950714,57,967.85,0.07089702039957047,0.07008403539657593,0.06974305212497711,0.07069027423858643,1.4049929078014196,0.07145321369171143,0.07083188742399216,0.06982851028442383,0.0704924464225769,0.9574468085106383,0.07034090906381607,0.06954141706228256,0.07182326912879944,0.07038883864879608,0.07008016854524612,0.0,4408,141,0.07045110315084457,-1.0,0.06954141706228256,0.07069965451955795,2090,0.0013494731,0.031467437744140625,0.3778422772884369,0.7487927675247192,1e-06,0.10996225420967676,0.2,30.83783288151026,0.1,-0.0024948121735178575,135,0.0,0.07049064338207245
0.0,0.0718364417552948,0.0696963295340538,0.9296875,0.071064293384552,0.07166856527328491,1725,0.07012093812227249,0.0703125,0.07046377658843994,7602176,0.07094600796699524,0.06967868655920029,0.07112226635217667,0.070461206138134,679.6873168945312,0.06987471878528595,58,980.14,0.07092412561178207,0.07010214775800705,0.06976321339607239,0.07070352882146835,1.391718750000001,0.0714857205748558,0.07086025178432465,0.06985165178775787,0.07050945609807968,0.9296875,0.07035123556852341,0.06956257671117783,0.0718364417552948,0.07040531933307648,0.07010627537965775,0.0,4407,128,0.07047849148511887,-1.0,0.06956257671117783,0.07072100788354874,2100,0.0012839292,0.026961517333984376,0.39983344078063965,0.8014266490936279,1e-06,0.11210748916782905,0.2,30.830899664759635,0.1,-0.0021784711119835266,119,0.0,0.07051032781600952
0.0,0.07185255736112595,0.06970919668674469,0.971830985915493,0.07109050452709198,0.07169272750616074,1755,0.07014256715774536,0.028169014084507043,0.07047723233699799,7733248,0.07095446437597275,0.06970251351594925,0.07114198058843613,0.07046937197446823,688.3908081054688,0.06988801807165146,59,985.67,0.07093450427055359,0.07011780887842178,0.06977199763059616,0.07071945816278458,1.3983802816901418,0.07150258123874664,0.07088321447372437,0.06989022344350815,0.0705312192440033,0.971830985915493,0.07034999877214432,0.0695747509598732,0.07185255736112595,0.0704243928194046,0.07012525200843811,0.0,4405,142,0.07050315290689468,-1.0,0.0695747509598732,0.07073674350976944,2110,0.0014180737,0.035482025146484374,0.42608022689819336,0.8008219003677368,1e-06,0.09935485770110972,0.2,30.82441004663706,0.1,-0.002737010928649397,138,0.0,0.07052745670080185
0.0,0.07187100499868393,0.0697237029671669,0.9435483870967742,0.07111214101314545,0.07171133160591125,1785,0.07016923278570175,0.056451612903225805,0.07048855721950531,7864320,0.07098087668418884,0.06971918046474457,0.07115758955478668,0.07048679143190384,683.8408813476562,0.06990358233451843,60,983.51,0.07095429301261902,0.07013232260942459,0.06979347765445709,0.07073863595724106,1.4018548387096788,0.07151056081056595,0.07090635597705841,0.06991683691740036,0.07054351270198822,0.9435483870967742,0.07036938518285751,0.06958828866481781,0.07187100499868393,0.07044408470392227,0.07014387100934982,0.0,4404,124,0.07052592188119888,-1.0,0.06958828866481781,0.07076243311166763,2120,0.00134297,0.029271697998046874,0.3607214391231537,0.7879206538200378,1e-06,0.07125479410606203,0.2,30.81799331754446,0.1,-0.0023903355144284434,117,0.0,0.07054615765810013
0.0,0.07189443707466125,0.06973424553871155,0.9444444444444444,0.07112892717123032,0.07172860205173492,1815,0.07019131630659103,0.05555555555555555,0.07051914930343628,7995392,0.07099563628435135,0.06975020468235016,0.07117242366075516,0.07051752507686615,683.6838989257812,0.06992032378911972,61,979.34,0.0709623172879219,0.07015471160411835,0.06981650739908218,0.07075150310993195,1.3994444444444456,0.0715353786945343,0.07092802971601486,0.0699322372674942,0.07056279480457306,0.9444444444444444,0.07038339972496033,0.06960126012563705,0.07189443707466125,0.07045873254537582,0.07016274333000183,0.0,4403,144,0.07054871320724487,-1.0,0.06960126012563705,0.07077473402023315,2130,0.0013197614,0.0300567626953125,0.39452338218688965,0.8106479644775391,1e-06,0.0886498407664476,0.2,30.811407016217707,0.1,-0.002516646551339363,136,0.0,0.07056502997875214
0.0,0.07190591841936111,0.06976757198572159,0.9596774193548387,0.07114849984645844,0.07174048572778702,1845,0.07020322233438492,0.04032258064516129,0.07053680717945099,8126464,0.07102558761835098,0.0697796642780304,0.07119553536176682,0.07053031027317047,694.1961059570312,0.06995104998350143,62,994.13,0.07096974551677704,0.07016212493181229,0.06983812898397446,0.0707671046257019,1.4027258064516142,0.0715453177690506,0.07094752788543701,0.06995697319507599,0.07057996839284897,0.9596774193548387,0.07039019465446472,0.069622702896595,0.07190591841936111,0.0704740583896637,0.07018524408340454,0.0,4402,124,0.07057202607393265,-1.0,0.069622702896595,0.07079692929983139,2140,0.0013576276,0.029436492919921876,0.43137413263320923,0.8021490573883057,1e-06,0.11926664979255293,0.2,30.80476299971342,0.1,-0.0024522390453057597,119,0.0,0.07058370113372803
0.0,0.07192400842905045,0.06979162991046906,0.9379310344827586,0.07117315381765366,0.07175764441490173,1876,0.07020894438028336,0.06206896551724138,0.07055775821208954,8257536,0.07104836404323578,0.06980860233306885,0.07122202217578888,0.07055240124464035,687.98974609375,0.06996964663267136,63,984.64,0.07100513577461243,0.07018792629241943,0.06986524909734726,0.07079742848873138,1.399144827586208,0.07156383991241455,0.07096929103136063,0.06995917111635208,0.07060154527425766,0.9379310344827586,0.07039618492126465,0.06965631246566772,0.07192400842905045,0.07050120085477829,0.0702013298869133,0.0,4401,145,0.07059191912412643,-1.0,0.06965631246566772,0.07083143293857574,2150,0.00135935,0.0308319091796875,0.42389237880706787,0.7479413747787476,1e-06,0.09781596776592778,0.2,30.797528785467147,0.1,-0.0023858141033088033,136,0.0,0.07060568034648895
0.0,0.07195800542831421,0.06981131434440613,0.9262295081967213,0.0711933970451355,0.07176610082387924,1905,0.07023045420646667,0.07377049180327869,0.07058069854974747,8388608,0.07106991857290268,0.06982748210430145,0.07123986631631851,0.07057196646928787,670.1437377929688,0.06999748200178146,64,962.79,0.07102987170219421,0.07020100951194763,0.06987812370061874,0.0708269253373146,1.4146229508196733,0.07158076018095016,0.07098349183797836,0.06997580826282501,0.07061628252267838,0.9262295081967213,0.07040128856897354,0.06968160718679428,0.07195800542831421,0.0705251544713974,0.07021965831518173,0.0,4401,122,0.07060324400663376,-1.0,0.06968160718679428,0.07086118310689926,2160,0.0013674905,0.03258590698242188,0.3909342586994171,0.7451493740081787,1e-06,0.1321094655955676,0.2,30.790188404917718,0.1,-0.0023839911155846493,113,0.0,0.07062524557113647
0.0,0.0719756931066513,0.06983727961778641,0.9078947368421053,0.07120606303215027,0.07179535925388336,1936,0.07025507837533951,0.09210526315789473,0.07059001922607422,8519680,0.07109672576189041,0.06985220313072205,0.07126028835773468,0.07059939205646515,669.0154418945312,0.07001752406358719,65,961.9,0.0710325613617897,0.07021093368530273,0.06989913433790207,0.07084205746650696,1.3905263157894747,0.07159032672643661,0.070999376475811,0.06998945027589798,0.07064559310674667,0.9078947368421053,0.07042001187801361,0.06969545036554337,0.0719756931066513,0.07054168730974197,0.07023908197879791,0.0,4399,152,0.07063065469264984,-1.0,0.06969545036554337,0.07087243348360062,2170,0.0013123578,0.02927703857421875,0.39474937319755554,0.8267828226089478,1e-06,0.10120739889680408,0.2,30.783445855975152,0.1,-0.002470959488709923,138,0.0,0.07064377516508102
0.0,0.0720042735338211,0.06984137743711472,0.9487179487179487,0.07123730331659317,0.07180443406105042,1966,0.07027750462293625,0.05128205128205128,0.07061715424060822,8650752,0.07111700624227524,0.06986324489116669,0.07127631455659866,0.07061116397380829,675.9907836914062,0.07003754377365112,66,972.53,0.07105617970228195,0.07023263722658157,0.06991218775510788,0.07086354494094849,1.4330256410256421,0.07160620391368866,0.07101716101169586,0.07001402229070663,0.0706564262509346,0.9487179487179487,0.07044634222984314,0.06971225142478943,0.0720042735338211,0.07054915279150009,0.07026474177837372,0.0,4399,117,0.07065750658512115,-1.0,0.06971225142478943,0.07090381532907486,2180,0.0013505007,0.031360626220703125,0.4515090584754944,0.8144147396087646,1e-06,0.1511937004775973,0.2,30.776759047806262,0.1,-0.002536102073827351,111,0.0,0.07066317647695541
0.0,0.07201385498046875,0.06986016780138016,0.9863013698630136,0.07125573605298996,0.07182285934686661,1996,0.07031121104955673,0.0136986301369863,0.07062661647796631,8781824,0.07114110141992569,0.0698724091053009,0.07129983603954315,0.07062815129756927,699.2704467773438,0.07005805522203445,67,1000.0,0.0710701197385788,0.07025383412837982,0.06992495059967041,0.07087907195091248,1.3904109589041107,0.07161971181631088,0.07103850692510605,0.07002732902765274,0.07067754119634628,0.9863013698630136,0.07045745849609375,0.06973244249820709,0.07201385498046875,0.0705776959657669,0.07028762996196747,0.0,4398,146,0.07067649066448212,-1.0,0.06973244249820709,0.07092460989952087,2190,0.001269938,0.025262451171875,0.421364963054657,0.7950383424758911,1e-06,0.10050999585946556,0.2,30.77002472728491,0.1,-0.0023397996463245365,144,0.0,0.07068149745464325
0.0,0.07203707098960876,0.06987585872411728,0.9016393442622951,0.07126973569393158,0.07183083891868591,2026,0.07032836228609085,0.09836065573770492,0.0706392303109169,8912896,0.07116030901670456,0.06989908218383789,0.07131503522396088,0.07063404470682144,676.147216796875,0.07006775587797165,68,968.82,0.07108595222234726,0.07027491182088852,0.06993728876113892,0.07090534269809723,1.3945081967213127,0.0716363787651062,0.07106054574251175,0.07003659009933472,0.0707019791007042,0.9016393442622951,0.07047483325004578,0.06973262876272202,0.07203707098960876,0.07060171663761139,0.07031538337469101,0.0,4397,122,0.07068968564271927,-1.0,0.06973262876272202,0.07094443589448929,2200,0.0013196436,0.0300384521484375,0.33852705359458923,0.8051284551620483,1e-06,0.0541208993861801,0.2,30.763786467909814,0.1,-0.002399491170581314,110,0.0,0.07069819420576096
0.0,0.0720568597316742,0.06988638639450073,0.9539473684210527,0.071293905377388,0.07185713201761246,2056,0.0703476294875145,0.046052631578947366,0.07066882401704788,9043968,0.0711871013045311,0.06991573423147202,0.07133717089891434,0.07065228372812271,690.2012329101562,0.07008393108844757,69,986.67,0.07111001759767532,0.07027256488800049,0.06995363533496857,0.07092732191085815,1.408078947368422,0.07166369259357452,0.07107318937778473,0.0700652226805687,0.07072923332452774,0.9539473684210527,0.07050371915102005,0.06974612921476364,0.0720568597316742,0.07061929255723953,0.07033037394285202,0.0,4396,152,0.07072167098522186,-1.0,0.06974612921476364,0.07095631211996078,2210,0.0013909654,0.031832122802734376,0.44108182191848755,0.8142649531364441,1e-06,0.12404160322912502,0.2,30.757397645711897,0.1,-0.0024426882708212362,145,0.0,0.07071837037801743
0.0,0.07208210229873657,0.06990338116884232,0.940677966101695,0.07131066173315048,0.07187109440565109,2086,0.07037148624658585,0.059322033898305086,0.07068046927452087,9175040,0.07120436429977417,0.06992726773023605,0.07135721296072006,0.07067187130451202,691.147705078125,0.07010234892368317,70,991.04,0.07113780081272125,0.07028847932815552,0.06997860223054886,0.07094407826662064,1.3921525423728822,0.07168412953615189,0.07108989357948303,0.0700857862830162,0.07074178755283356,0.940677966101695,0.0705195739865303,0.06977228075265884,0.07208210229873657,0.07064143568277359,0.07034001499414444,0.0,4396,118,0.07073359191417694,-1.0,0.06977228075265884,0.07096069306135178,2220,0.0013467381,0.030005645751953126,0.3730508089065552,0.8134854435920715,1e-06,0.08442611394129926,0.2,30.75062737464905,0.1,-0.0023992799499865216,111,0.0,0.07073601335287094
0.0,0.07209832221269608,0.06992635130882263,0.9657534246575342,0.07132551074028015,0.07189817726612091,2117,0.0703916922211647,0.03424657534246575,0.07069814950227737,9306112,0.07123001664876938,0.06994414329528809,0.07138838618993759,0.0707017183303833,686.0574951171875,0.07011479884386063,71,977.52,0.07116073369979858,0.0702974870800972,0.07000657171010971,0.07096824049949646,1.3985890410958912,0.07169394195079803,0.07111283391714096,0.07009611278772354,0.07075913995504379,0.9657534246575342,0.07054571807384491,0.06980006396770477,0.07209832221269608,0.07066898047924042,0.07035145908594131,0.0,4394,146,0.07074465602636337,-1.0,0.06980006396770477,0.07098408043384552,2230,0.0013225655,0.0297332763671875,0.380288302898407,0.8116355538368225,1e-06,0.08895662439172156,0.2,30.743936048448084,0.1,-0.002479811600733228,141,0.0,0.07075629383325577
0.0,0.07210056483745575,0.06994032859802246,0.9663865546218487,0.07133807241916656,0.07191748172044754,2147,0.07040288299322128,0.03361344537815126,0.07070747017860413,9437184,0.07124939560890198,0.06996327638626099,0.07141916453838348,0.07070140540599823,685.463623046875,0.07013467699289322,72,979.25,0.07118842750787735,0.07032261043787003,0.070025235414505,0.07097568362951279,1.409058823529413,0.07172334939241409,0.07112178951501846,0.07010746002197266,0.07077734917402267,0.9663865546218487,0.07056691497564316,0.06981050223112106,0.07210056483745575,0.0706893801689148,0.0703643411397934,0.0,4394,119,0.07076609134674072,-1.0,0.06981050223112106,0.07100345939397812,2240,0.0013231884,0.031642913818359375,0.3579356074333191,0.8305304646492004,1e-06,0.07287475710327271,0.2,30.737442143261433,0.1,-0.0024448123353067786,115,0.0,0.0707726925611496
0.0,0.07211556285619736,0.06996390968561172,0.9791666666666666,0.07135079801082611,0.07192864269018173,2177,0.07043059170246124,0.020833333333333332,0.07072553038597107,9568256,0.07127027958631516,0.06999651342630386,0.07142893970012665,0.07071360945701599,693.6307983398438,0.07016447931528091,73,992.99,0.07120534777641296,0.07034815847873688,0.0700257271528244,0.07099712640047073,1.4024583333333345,0.07174122333526611,0.07112638652324677,0.07013612240552902,0.07080529630184174,0.9791666666666666,0.07056746631860733,0.06983030587434769,0.07211556285619736,0.07070527970790863,0.07038617134094238,0.0,4393,144,0.07077943533658981,-1.0,0.06983030587434769,0.07101891934871674,2250,0.0013333166,0.0296051025390625,0.4204869866371155,0.8079667091369629,1e-06,0.07956483806920005,0.2,30.731496521830557,0.1,-0.0024867930118489313,141,0.0,0.07079046964645386
0.0,0.07213004678487778,0.06998751312494278,0.95,0.07136977463960648,0.07196344435214996,2207,0.07043928653001785,0.05,0.07074730098247528,9699328,0.07129889726638794,0.07001912593841553,0.07144512236118317,0.0707206055521965,694.4743041992188,0.07015355676412582,74,990.49,0.07121817022562027,0.07037989050149918,0.0700463280081749,0.07099708169698715,1.420650000000001,0.0717499852180481,0.07114855200052261,0.07014921307563782,0.07081865519285202,0.95,0.07059165090322495,0.06984969228506088,0.07213004678487778,0.07071244716644287,0.07040207833051682,0.0,4393,120,0.07080278545618057,-1.0,0.06984969228506088,0.07104003429412842,2260,0.0013226582,0.03015594482421875,0.35306039452552795,0.7532037496566772,1e-06,0.06481448528065811,0.2,30.725266613066196,0.1,-0.002333406531124638,114,0.0,0.07080725580453873
0.0,0.07215116918087006,0.0700114369392395,0.952054794520548,0.07137838006019592,0.0719754546880722,2238,0.0704634040594101,0.04794520547945205,0.07076530158519745,9830400,0.07132658362388611,0.0700361430644989,0.0714733824133873,0.07074345648288727,672.674072265625,0.07016851752996445,75,962.63,0.07124563306570053,0.07040135562419891,0.07005839049816132,0.07100916653871536,1.3947397260273984,0.07176089286804199,0.07116273045539856,0.07016769796609879,0.07083753496408463,0.952054794520548,0.07060190290212631,0.06986019760370255,0.07215116918087006,0.07072104513645172,0.07043059915304184,0.0,4392,146,0.0708184614777565,-1.0,0.06986019760370255,0.0710621252655983,2270,0.0012321946,0.0246856689453125,0.3767254948616028,0.7565885782241821,1e-06,0.08722158040036447,0.2,30.719222021102905,0.1,-0.0023640580845494695,139,0.0,0.0708252340555191
0.0,0.07216670364141464,0.07002575695514679,0.9349593495934959,0.07138548046350479,0.07198897749185562,2268,0.07047570496797562,0.06504065040650407,0.07078582048416138,9961472,0.07134521752595901,0.07004156708717346,0.07149728387594223,0.07075706869363785,676.003173828125,0.07018071413040161,76,965.14,0.0712677463889122,0.07041863352060318,0.07005837559700012,0.07103358209133148,1.4145691056910576,0.07178694009780884,0.07118111103773117,0.07019046694040298,0.07084693759679794,0.9349593495934959,0.07061166316270828,0.06988901644945145,0.07216670364141464,0.07073453068733215,0.07045096158981323,0.0,4391,123,0.0708308219909668,-1.0,0.06988901644945145,0.0710686445236206,2280,0.0013335539,0.03003082275390625,0.4110200107097626,0.8431522846221924,1e-06,0.11838855691894423,0.2,30.713279801607133,0.1,-0.002438911344870576,115,0.0,0.07084078341722488
0.0,0.07217288017272949,0.07003165036439896,0.9652777777777778,0.07141004502773285,0.07200780510902405,2298,0.07049201428890228,0.034722222222222224,0.07080573588609695,10092544,0.07135461270809174,0.07006218284368515,0.0715075135231018,0.07078112661838531,694.478515625,0.07019227743148804,77,987.88,0.07128438353538513,0.0704420730471611,0.07007633149623871,0.07104877382516861,1.408902777777779,0.07181458920240402,0.0712110847234726,0.07021957635879517,0.07086788862943649,0.9652777777777778,0.07062608003616333,0.06990073621273041,0.07217288017272949,0.0707552507519722,0.07047587633132935,0.0,4390,144,0.07085033506155014,-1.0,0.06990073621273041,0.07108349353075027,2290,0.0013077237,0.02746429443359375,0.4426034390926361,0.7724621295928955,1e-06,0.1109180998580996,0.2,30.707289610803127,0.1,-0.0023138653022215295,139,0.0,0.07085897028446198
