time/iterations,train/action_std_23,train/action_std_04,train/action_std_02,rollout/force_direction_mean,rollout/is_timeout_mean,rollout/ep_rew_mean,train/action_std_19,train/action_std_05,train/std_max,train/action_std_08,train/action_std_12,train/action_std_17,rollout/action_saturation_fraction,train/action_std_18,train/action_std_20,rollout/force_onset_mean,train/action_std_10,time/total_timesteps,train/action_std_00,train/action_std_13,time/fps,train/action_std_16,train/action_std_03,train/action_std_15,train/action_std_22,train/action_std_09,rollout/is_fall_mean,rollout/episodes_noforce,train/action_std_07,train/action_std_06,train/action_std_01,rollout/force_requested_impulse_mean,train/action_std_11,rollout/recovery_noforce,train/action_std_24,train/action_std_14,rollout/ep_len_mean,train/std_min,time/time_elapsed,train/action_std_21,train/entropy_loss,train/clip_fraction,train/clip_range,train/clip_range_vf,train/std,rollout/timeouts,rollout/timeout_without_onset_fraction,train/approx_kl,train/value_loss,train/loss,train/explained_variance,train/learning_rate,train/n_updates,train/policy_gradient_loss
1,0.04999999701976776,0.04999999701976776,0.04999999701976776,-1.0,0.0,228.9138946533203,0.04999999701976776,0.04999999701976776,0.04999999701976776,0.04999999701976776,0.04999999701976776,0.04999999701976776,0.0,0.04999999701976776,0.04999999701976776,1.2458571428571439,0.04999999701976776,131072,0.04999999701976776,0.04999999701976776,3200,0.04999999701976776,0.04999999701976776,0.04999999701976776,0.04999999701976776,0.04999999701976776,1.0,56,0.04999999701976776,0.04999999701976776,0.04999999701976776,0.0,0.04999999701976776,0.0,0.04999999701976776,0.04999999701976776,360.10714285714283,0.04999999701976776,40,0.04999999701976776,,,,,,,,,,,,,,
2,0.050128087401390076,0.05013314262032509,0.05017201602458954,-1.0,0.5862068965517241,649.1718139648438,0.050082605332136154,0.050117127597332,0.05017201602458954,0.05012674629688263,0.0500945970416069,0.05008740723133087,0.0,0.0500849224627018,0.05008424445986748,1.3986379310344836,0.050103865563869476,262144,0.05010736733675003,0.05010077357292175,2604,0.0500970222055912,0.05006176233291626,0.05010590702295303,0.05002898722887039,0.05008319392800331,0.41379310344827586,232,0.050102706998586655,0.050097450613975525,0.050144460052251816,0.0,0.05012490600347519,0.5862068965517241,0.050087276846170425,0.05007324740290642,975.22,0.05002898722887039,100,0.05011584982275963,39.39165204167366,0.11881637573242188,0.1,0.2,0.05010182783007622,136,0.0,0.0023717966,2.9035109989345074,3.811882495880127,-0.1508777141571045,1e-05,10,-0.0017986886835842596
3,0.05021116882562637,0.050179384648799896,0.05023987218737602,-1.0,0.26804123711340205,399.0836181640625,0.05016748234629631,0.05022668465971947,0.05026860535144806,0.05020586773753166,0.050160519778728485,0.050161212682724,0.0,0.05021495372056961,0.05019360035657883,1.4055051546391764,0.050209324806928635,393216,0.05024600401520729,0.05018538981676102,2464,0.05020977929234505,0.050192125141620636,0.05016431212425232,0.050156477838754654,0.050189387053251266,0.7319587628865979,97,0.05018176510930061,0.05026860535144806,0.05019620805978775,0.0,0.05025321617722511,0.26804123711340205,0.05021229386329651,0.05017765983939171,613.33,0.050156477838754654,159,0.050238173454999924,39.341244500875476,0.10833511352539063,0.1,0.2,0.0502016581594944,26,0.0,0.0021880409,1.2010305842384696,1.5121530294418335,-0.38329291343688965,1e-05,20,-0.0029701379726702727
4,0.05030282214283943,0.05028216168284416,0.05029051750898361,-1.0,0.5776699029126213,605.71337890625,0.050360314548015594,0.05027035251259804,0.050389353185892105,0.0502973273396492,0.050278838723897934,0.05026637390255928,0.0,0.050317585468292236,0.05032534897327423,1.3873883495145642,0.05033329129219055,524288,0.050315018743276596,0.050304114818573,2385,0.050298601388931274,0.05030207708477974,0.05029371753334999,0.050214819610118866,0.05036380887031555,0.4223300970873786,206,0.050255097448825836,0.050379082560539246,0.05029844492673874,0.0,0.05035717785358429,0.5776699029126213,0.05027904361486435,0.0502636544406414,917.77,0.050214819610118866,219,0.050389353185892105,39.290437278151515,0.10342483520507813,0.1,0.2,0.0503055565059185,119,0.0,0.0021456378,1.2574606586247683,1.6263251304626465,-0.49058640003204346,1e-05,30,-0.0026015902386461675
5,0.050436411052942276,0.05037355795502663,0.05035822466015816,-1.0,0.34507042253521125,473.138916015625,0.05045761540532112,0.05038417503237724,0.050479646772146225,0.05036954581737518,0.050429027527570724,0.05033782869577408,0.0,0.05037101358175278,0.050419047474861145,1.3290845070422546,0.05042862892150879,655360,0.05038495734333992,0.05040837451815605,2343,0.05039466544985771,0.05043015629053116,0.050353050231933594,0.05030614510178566,0.050473183393478394,0.6549295774647887,142,0.050330184400081635,0.050479646772146225,0.0504084937274456,0.0,0.05043252557516098,0.34507042253521125,0.05042465031147003,0.05038665235042572,720.02,0.05030614510178566,279,0.05044863000512123,39.241240507364274,0.10353164672851563,0.1,0.2,0.05040105804800987,49,0.0,0.0021902355,1.2365731140598655,1.6125733852386475,-0.19760429859161377,1e-05,40,-0.002530041229829294
6,0.050587598234415054,0.0504777692258358,0.05050186812877655,-1.0,0.4702702702702703,539.2745361328125,0.05061591416597366,0.05049901455640793,0.05061591416597366,0.05045968294143677,0.05050882697105408,0.05047857388854027,0.0,0.050452861934900284,0.05057740584015846,1.3791459459459472,0.050477758049964905,786432,0.050412531942129135,0.05049853399395943,2314,0.05052454397082329,0.05050739645957947,0.050451550632715225,0.05042712762951851,0.05056874826550484,0.5297297297297298,185,0.05038554593920708,0.05054039880633354,0.05048733577132225,0.0,0.0505259670317173,0.4702702702702703,0.050512079149484634,0.050539519637823105,824.45,0.05038554593920708,339,0.05055033043026924,39.19218433797359,0.10374908447265625,0.1,0.2,0.050502754747867584,87,0.0,0.0022173724,1.1747510974295436,1.5625338554382324,-0.08153712749481201,1e-05,50,-0.002775116421889834
7,0.05074140429496765,0.050541918724775314,0.05063021555542946,-1.0,0.4444444444444444,494.7309265136719,0.05074378848075867,0.050596270710229874,0.05074378848075867,0.0505748875439167,0.0505555123090744,0.05060134828090668,0.0,0.05053020641207695,0.05063276365399361,1.3447450980392166,0.05055371671915054,917504,0.050516825169324875,0.05052734166383743,2291,0.050576575100421906,0.05063675716519356,0.05057007446885109,0.050541870296001434,0.05064167082309723,0.5555555555555556,153,0.050479236990213394,0.05063476413488388,0.05058220773935318,0.0,0.05062677338719368,0.4444444444444444,0.05063273757696152,0.05063442885875702,765.28,0.050479236990213394,400,0.050620898604393005,39.14400036334992,0.10566787719726563,0.1,0.2,0.050596967339515686,68,0.0,0.0022480385,1.1259576403535903,1.4722126722335815,0.014913082122802734,1e-05,60,-0.0028188653874167357
8,0.0508037805557251,0.050663311034440994,0.050748348236083984,-1.0,0.5421686746987951,541.8050537109375,0.05084795132279396,0.050656259059906006,0.05084795132279396,0.050710927695035934,0.05064373463392258,0.05070118233561516,0.0,0.05065639317035675,0.050730105489492416,1.3874819277108443,0.050635285675525665,1048576,0.050624579191207886,0.050639208406209946,2275,0.05068876966834068,0.05074983835220337,0.05063129961490631,0.050679296255111694,0.0507584884762764,0.4578313253012048,166,0.05064988136291504,0.0507018007338047,0.05063127726316452,0.0,0.05075450614094734,0.5421686746987951,0.05074309930205345,0.05079013109207153,828.98,0.050624579191207886,460,0.050702814012765884,39.09442527592182,0.1049835205078125,0.1,0.2,0.05070168897509575,90,0.0,0.002238207,1.0675518471747636,1.4312701225280762,0.13551664352416992,1e-05,70,-0.0030998478036963206
9,0.05089957267045975,0.05075832083821297,0.050843745470047,-1.0,0.46060606060606063,500.1644287109375,0.050970904529094696,0.050725921988487244,0.050970904529094696,0.05082584172487259,0.0507274828851223,0.050763364881277084,0.0,0.050763003528118134,0.05090823769569397,1.381139393939395,0.05064979940652847,1179648,0.05070756375789642,0.05074317008256912,2263,0.050849903374910355,0.05084962397813797,0.0507025383412838,0.05076473206281662,0.05084235221147537,0.5393939393939394,165,0.05075981840491295,0.050813931971788406,0.05077432096004486,0.0,0.050816163420677185,0.46060606060606063,0.0507914274930954,0.050935883074998856,763.62,0.05064979940652847,521,0.050826545804739,39.04436621069908,0.10305252075195312,0.1,0.2,0.05080057308077812,76,0.0,0.00207726,1.0522030373103917,1.3937993049621582,0.07850950956344604,1e-05,80,-0.002682120460394799
10,0.05103800818324089,0.05087291821837425,0.05089854076504707,-1.0,0.5272727272727272,526.9600219726562,0.05106421187520027,0.05082264542579651,0.05106421187520027,0.0509122796356678,0.05083013325929642,0.05089304596185684,0.0,0.050851382315158844,0.05101950466632843,1.4009939393939403,0.05078329145908356,1310720,0.050835732370615005,0.05088545009493828,2253,0.05094742029905319,0.05093739926815033,0.05081187188625336,0.05083651840686798,0.05092047527432442,0.4727272727272727,165,0.050847332924604416,0.05093089118599892,0.050849951803684235,0.0,0.0509372316300869,0.5272727272727272,0.05088605731725693,0.05101831257343292,807.85,0.05078329145908356,581,0.05093228816986084,38.99490192830562,0.10585250854492187,0.1,0.2,0.05090251564979553,87,0.0,0.0021955497,0.9860865619033575,1.376988410949707,0.23768115043640137,1e-05,90,-0.002895364560981761
11,0.05112675577402115,0.05098029971122742,0.05102935805916786,-1.0,0.5229885057471264,500.1947021484375,0.05116908252239227,0.05096469819545746,0.05116908252239227,0.051031436771154404,0.05090923234820366,0.051014237105846405,0.0,0.050990767776966095,0.05108125880360603,1.380896551724139,0.05091549828648567,1441792,0.05097665637731552,0.050983231514692307,2244,0.051093269139528275,0.051042888313531876,0.05086209997534752,0.05090595781803131,0.051017481833696365,0.47701149425287354,174,0.05087701976299286,0.05105018988251686,0.05092029273509979,0.0,0.05098666995763779,0.5229885057471264,0.050957344472408295,0.051113493740558624,766.13,0.05086209997534752,642,0.051008421927690506,38.94565183520317,0.10161056518554687,0.1,0.2,0.051000308245420456,91,0.0,0.002128358,0.9258134413510561,1.2937467098236084,0.31518012285232544,1e-05,100,-0.002507879380664235
12,0.05123034864664078,0.05113808065652847,0.05107351392507553,-1.0,0.46875,506.3273010253906,0.05128607898950577,0.05108284205198288,0.05128607898950577,0.05114615336060524,0.051029954105615616,0.05107541382312775,0.0,0.05107421055436134,0.05115247145295143,1.398937500000001,0.05105642229318619,1572864,0.05100933462381363,0.051060743629932404,2237,0.05123031511902809,0.051149725914001465,0.05101444199681282,0.05102143809199333,0.05109216272830963,0.53125,160,0.050988178700208664,0.05116000771522522,0.05098293721675873,0.0,0.0511527881026268,0.46875,0.051091428846120834,0.051235053688287735,781.69,0.05098293721675873,702,0.05114831030368805,38.89533611536026,0.10855865478515625,0.1,0.2,0.051107291132211685,75,0.0,0.0022422043,0.880035116057843,1.2415049076080322,0.4327043294906616,1e-05,110,-0.0027829764678244827
13,0.0513952374458313,0.05129990726709366,0.05113016813993454,-1.0,0.4712041884816754,495.63336181640625,0.05142765864729881,0.051214851438999176,0.05142765864729881,0.05123262107372284,0.05108798295259476,0.05115160346031189,0.0,0.05117153376340866,0.05128086730837822,1.4038219895287967,0.051134143024683,1703936,0.05106525868177414,0.05112559720873833,2230,0.05134907737374306,0.05125538259744644,0.05104820430278778,0.05118570104241371,0.05117711052298546,0.5287958115183246,191,0.05109839886426926,0.051240820437669754,0.051090359687805176,0.0,0.05126383900642395,0.4712041884816754,0.05121646448969841,0.05134499818086624,761.9,0.05104820430278778,763,0.051269277930259705,38.84441286921501,0.10782012939453126,0.1,0.2,0.05121028423309326,90,0.0,0.0022171852,0.8278262834995985,1.1651463508605957,0.4909552335739136,1e-05,120,-0.002804509128009158
14,0.051435165107250214,0.0514129102230072,0.05126282572746277,-1.0,0.48366013071895425,508.8888244628906,0.051531482487916946,0.051266320049762726,0.051531482487916946,0.05131908878684044,0.05120493844151497,0.05126847326755524,0.0,0.051222361624240875,0.05141487345099449,1.3633464052287592,0.05114567652344704,1835008,0.0511472262442112,0.051186591386795044,2226,0.05147811397910118,0.05134027451276779,0.05112720653414726,0.05131370574235916,0.0513460747897625,0.5163398692810458,153,0.05116083845496178,0.05133819207549095,0.051230814307928085,0.0,0.051365457475185394,0.48366013071895425,0.051372550427913666,0.051445599645376205,781.1,0.05112720653414726,824,0.05140632763504982,38.795038655400276,0.102435302734375,0.1,0.2,0.051309723407030106,74,0.0,0.0021208734,0.8055375300347805,1.2054532766342163,0.574147641658783,1e-05,130,-0.002629116224579775
15,0.05162207409739494,0.0514877513051033,0.05132203921675682,-1.0,0.5116279069767442,517.2297973632812,0.05162745341658592,0.051432784646749496,0.05162745341658592,0.05140554532408714,0.051287081092596054,0.05139248073101044,0.0,0.05136605724692345,0.05147229880094528,1.4043139534883733,0.05125245079398155,1966080,0.05124019458889961,0.05133180320262909,2221,0.05154797434806824,0.051402200013399124,0.05121304467320442,0.051506560295820236,0.05144780874252319,0.4883720930232558,172,0.05129257217049599,0.05146830901503563,0.05135228484869003,0.0,0.05145801603794098,0.5116279069767442,0.05147396773099899,0.05154087021946907,798.94,0.05121304467320442,885,0.051533348858356476,38.743646040558815,0.10690155029296874,0.1,0.2,0.051419083029031754,88,0.0,0.0022420378,0.731551405088976,1.0951248407363892,0.6125743985176086,1e-05,140,-0.0027481246061597632
16,0.051729507744312286,0.0515982024371624,0.05144781991839409,-1.0,0.4502923976608187,499.5176086425781,0.051734812557697296,0.0515269972383976,0.051734812557697296,0.05149924010038376,0.05132495239377022,0.05152452737092972,0.0,0.05145113170146942,0.05161992087960243,1.3844093567251472,0.051336027681827545,2097152,0.05135255306959152,0.05142795294523239,2217,0.05163402482867241,0.05149216949939728,0.0512227900326252,0.05155825987458229,0.05157598853111267,0.5497076023391813,171,0.05142311006784439,0.051544852554798126,0.05144869163632393,0.0,0.05150018632411957,0.4502923976608187,0.05163242667913437,0.051569681614637375,768.99,0.0512227900326252,945,0.05157557129859924,38.695477560162544,0.10449142456054687,0.1,0.2,0.05151005834341049,77,0.0,0.0021792972,0.7131666409783065,1.0628904104232788,0.628451943397522,1e-05,150,-0.002847256420955091
17,0.05188167840242386,0.05171583220362663,0.05155903473496437,-1.0,0.49707602339181284,487.76092529296875,0.05190105363726616,0.05154793709516525,0.05190105363726616,0.0515860877931118,0.05144141986966133,0.05165894702076912,0.0,0.05154911428689957,0.05174296721816063,1.395111111111112,0.05143258720636368,2228224,0.05136321857571602,0.05152445659041405,2212,0.05180038511753082,0.0516054593026638,0.05131557956337929,0.0516328439116478,0.051686570048332214,0.5029239766081871,171,0.051600098609924316,0.0515877828001976,0.051545023918151855,0.0,0.05156268551945686,0.49707602339181284,0.051753491163253784,0.0516364648938179,751.3,0.05131557956337929,1007,0.05168192461133003,38.648485532402994,0.10811080932617187,0.1,0.2,0.051612500101327896,85,0.0,0.0022554237,0.6770272537600249,1.1066436767578125,0.6817992925643921,1e-05,160,-0.002867844387037621
18,0.0519290491938591,0.05178888887166977,0.05161738395690918,-1.0,0.46551724137931033,487.1416320800781,0.05197538807988167,0.05161523073911667,0.05197538807988167,0.05167820304632187,0.05156604200601578,0.051775235682725906,0.0,0.051676195114851,0.051870062947273254,1.3727241379310355,0.0515429824590683,2359296,0.05148017778992653,0.05159921199083328,2208,0.051927823573350906,0.05174821987748146,0.05143769085407257,0.05175333097577095,0.05174834281206131,0.5344827586206896,174,0.051639970391988754,0.051669973880052567,0.05163947865366936,0.0,0.05160059034824371,0.46551724137931033,0.051865462213754654,0.05177343264222145,748.94,0.05143769085407257,1068,0.051768358796834946,38.60056012868881,0.10597457885742187,0.1,0.2,0.051707468926906586,81,0.0,0.0022299543,0.6351629564072937,1.0016049146652222,0.6531205177307129,1e-05,170,-0.0026320048204524936
19,0.052052296698093414,0.05194711685180664,0.05172484740614891,-1.0,0.484472049689441,515.27587890625,0.05206754058599472,0.05167003348469734,0.05206754058599472,0.05184606462717056,0.051664602011442184,0.051829613745212555,0.0,0.05175025761127472,0.052014485001564026,1.3957515527950322,0.05160660669207573,2490368,0.05155732482671738,0.0517575740814209,2204,0.05202087387442589,0.05191044509410858,0.051485419273376465,0.051816776394844055,0.051807548850774765,0.515527950310559,161,0.05173617973923683,0.05180928111076355,0.051752541214227676,0.0,0.051760461181402206,0.484472049689441,0.05197995901107788,0.05186501890420914,789.9,0.051485419273376465,1129,0.05187852308154106,38.55207899212837,0.10313949584960938,0.1,0.2,0.05181245878338814,78,0.0,0.0021696559,0.6237956505268812,0.9897425770759583,0.7045650482177734,1e-05,180,-0.0025808226625485984
20,0.05212610587477684,0.05202709883451462,0.05178416147828102,-1.0,0.5174418604651163,527.5316772460938,0.052157048135995865,0.051837414503097534,0.052157048135995865,0.051942721009254456,0.051755525171756744,0.05194148048758507,0.0,0.05187845975160599,0.05208810046315193,1.3813139534883732,0.05173248052597046,2621440,0.051669493317604065,0.05183558538556099,2201,0.052108485251665115,0.052013445645570755,0.05161396414041519,0.051919691264629364,0.05188595876097679,0.48255813953488375,172,0.05182429030537605,0.051885176450014114,0.05183667317032814,0.0,0.05187613517045975,0.5174418604651163,0.0520356222987175,0.051986195147037506,807.88,0.05161396414041519,1190,0.05199204385280609,38.503189826011656,0.10411911010742188,0.1,0.2,0.05191013216972351,89,0.0,0.0022025332,0.5881506048608571,0.9774957895278931,0.7357699871063232,1e-05,190,-0.002470594121587055
21,0.05218275636434555,0.052187684923410416,0.051918502897024155,-1.0,0.5,514.6408081054688,0.052274640649557114,0.05197671428322792,0.052274640649557114,0.051989998668432236,0.05181025713682175,0.05208904668688774,0.0,0.051958512514829636,0.05219811201095581,1.3930602409638564,0.05179839953780174,2752512,0.0518057718873024,0.05199439823627472,2199,0.052155617624521255,0.05206336826086044,0.051699597388505936,0.05202062427997589,0.051961272954940796,0.5,166,0.051937296986579895,0.05201815813779831,0.051913414150476456,0.0,0.05195586010813713,0.5,0.0521305650472641,0.0520700104534626,790.59,0.051699597388505936,1251,0.05209016427397728,38.45592211186886,0.10503082275390625,0.1,0.2,0.05200802907347679,83,0.0,0.0022167524,0.547186778136529,0.95029616355896,0.7341557145118713,1e-05,200,-0.0024049060900779295
22,0.05231067165732384,0.052371796220541,0.05204528570175171,-1.0,0.5061728395061729,482.6240539550781,0.05236789956688881,0.052096396684646606,0.052371796220541,0.05209868401288986,0.051904045045375824,0.052255090326070786,0.0,0.05206850916147232,0.05227915570139885,1.3903950617283962,0.05187121406197548,2883584,0.05197445675730705,0.05211704596877098,2197,0.05227386951446533,0.05216311663389206,0.05181964486837387,0.052144624292850494,0.052024632692337036,0.49382716049382713,162,0.05204135552048683,0.05214716121554375,0.05199666693806648,0.0,0.05206876993179321,0.5061728395061729,0.05220605060458183,0.05217562988400459,744.82,0.05181964486837387,1312,0.0521191842854023,38.40627040565014,0.10513153076171874,0.1,0.2,0.05211763456463814,82,0.0,0.002159812,0.5609806645428762,0.8811792135238647,0.7607153654098511,1e-05,210,-0.0023554334657092113
23,0.05241035670042038,0.052469342947006226,0.05211646109819412,-1.0,0.5,512.169677734375,0.05240228399634361,0.05219893157482147,0.052469342947006226,0.05220287665724754,0.05203915759921074,0.05233387649059296,0.0,0.052146293222904205,0.0523955263197422,1.3692941176470597,0.051962267607450485,3014656,0.05203462764620781,0.052185095846652985,2195,0.05240606889128685,0.052264049649238586,0.05192296952009201,0.05223830044269562,0.05215883627533913,0.5,170,0.05221014842391014,0.052242446690797806,0.05205417424440384,0.0,0.05215728282928467,0.5,0.052292294800281525,0.052312105894088745,788.61,0.05192296952009201,1373,0.052211228758096695,38.357135102152824,0.10323333740234375,0.1,0.2,0.05221468582749367,85,0.0,0.0021175598,0.5251708444207907,0.9091320037841797,0.78697669506073,1e-05,220,-0.002371925596435176
24,0.05250491946935654,0.05258123576641083,0.05215970799326897,-1.0,0.45251396648044695,489.00262451171875,0.05251335725188255,0.05232333391904831,0.05258123576641083,0.05228375270962715,0.05214987322688103,0.05231055989861488,0.0,0.05229645594954491,0.05241680517792702,1.3716648044692747,0.05208304896950722,3145728,0.05218072980642319,0.052308015525341034,2192,0.052488960325717926,0.05239759758114815,0.05194661021232605,0.05237404257059097,0.05226823687553406,0.547486033519553,179,0.052281733602285385,0.05225885286927223,0.052187610417604446,0.0,0.05227987840771675,0.45251396648044695,0.05238782986998558,0.05237733945250511,753.53,0.05194661021232605,1434,0.05230720713734627,38.311662796139714,0.10495834350585938,0.1,0.2,0.052306704223155975,81,0.0,0.0022155545,0.5180516781751067,0.8743374943733215,0.7939992547035217,1e-05,230,-0.0026654174463146773
25,0.05262567102909088,0.05270572006702423,0.052231837064027786,-1.0,0.4303030303030303,467.1858215332031,0.05251089110970497,0.05244709178805351,0.05270572006702423,0.05236993730068207,0.05224500223994255,0.05242295190691948,0.0,0.052475422620773315,0.052543941885232925,1.4012363636363647,0.05215368792414665,3276800,0.05230335146188736,0.05244050547480583,2190,0.052587416023015976,0.0525137223303318,0.05205342918634415,0.05250036343932152,0.05241701751947403,0.5696969696969697,165,0.052381061017513275,0.05236668884754181,0.05231144651770592,0.0,0.052376653999090195,0.4303030303030303,0.052450232207775116,0.05245942249894142,718.63,0.05205342918634415,1495,0.05244981870055199,38.263782599568366,0.10984268188476562,0.1,0.2,0.052413731813430786,71,0.0,0.0022529485,0.5275516116758808,0.913764238357544,0.8262326717376709,1e-05,240,-0.0026483722675038736
26,0.052745088934898376,0.052840523421764374,0.05236748978495598,-1.0,0.5416666666666666,527.0565795898438,0.052607495337724686,0.05255284905433655,0.052840523421764374,0.05250633507966995,0.05235988646745682,0.05255713313817978,0.0,0.0526014119386673,0.05264999344944954,1.3934880952380961,0.052244726568460464,3407872,0.0524454191327095,0.05251091718673706,2189,0.052657902240753174,0.052557773888111115,0.05216522887349129,0.05259401351213455,0.05251193046569824,0.4583333333333333,168,0.05246293917298317,0.052517328411340714,0.05245015770196915,0.0,0.052514057606458664,0.5416666666666666,0.052565742284059525,0.05245968699455261,810.48,0.05216522887349129,1556,0.05249356850981712,38.21369327008724,0.10959396362304688,0.1,0.2,0.05251757800579071,91,0.0,0.0022968638,0.541416080109775,0.8801224827766418,0.8158502578735352,1e-05,250,-0.00270761530564414
27,0.05285613611340523,0.05294013023376465,0.05243334174156189,-1.0,0.4715909090909091,490.4417724609375,0.0527893602848053,0.05262278392910957,0.05294013023376465,0.05260651558637619,0.052419453859329224,0.05266425386071205,0.0,0.0526520274579525,0.0526934415102005,1.377056818181819,0.05237150937318802,3538944,0.0525825135409832,0.05261882022023201,2186,0.05275781825184822,0.052652303129434586,0.05223376676440239,0.05264861136674881,0.052631694823503494,0.5284090909090909,176,0.05257134512066841,0.052597835659980774,0.05255768448114395,0.0,0.052636489272117615,0.4715909090909091,0.052644018083810806,0.05251791700720787,754.99,0.05223376676440239,1618,0.05256270989775658,38.167410320043565,0.10453338623046875,0.1,0.2,0.052610497921705246,83,0.0,0.0020902131,0.483063185820356,0.8570033311843872,0.8359988927841187,1e-05,260,-0.002436884806547823
28,0.05297552049160004,0.053012553602457047,0.052540309727191925,-1.0,0.48717948717948717,483.0557556152344,0.05295058339834213,0.05269148200750351,0.053012553602457047,0.05270388349890709,0.05248050391674042,0.05277810990810394,0.0,0.052711550146341324,0.05280089005827904,1.3827564102564112,0.052506446838378906,3670016,0.052651938050985336,0.05274246260523796,2185,0.05285989120602608,0.05271561071276665,0.05231405422091484,0.05269802734255791,0.0527612529695034,0.5128205128205128,156,0.05269624665379524,0.05262696370482445,0.05265281721949577,0.0,0.0527602843940258,0.48717948717948717,0.05276370421051979,0.05266008526086807,743.83,0.05231405422091484,1679,0.05267186462879181,38.12147340774536,0.10973358154296875,0.1,0.2,0.05270908400416374,76,0.0,0.0022753293,0.5150115170748905,0.8621530532836914,0.849280059337616,1e-05,270,-0.002781108970384594
29,0.05311309173703194,0.0530584417283535,0.05262257158756256,-1.0,0.5771428571428572,513.0689086914062,0.053073395043611526,0.05285831540822983,0.05311309173703194,0.052693117409944534,0.052543628960847855,0.05289844423532486,0.0,0.05281922593712807,0.05288292095065117,1.3719542857142868,0.05263696610927582,3801088,0.052729085087776184,0.05283523350954056,2183,0.052932947874069214,0.05275459960103035,0.05241117998957634,0.05277794599533081,0.05284002050757408,0.4228571428571429,175,0.052815407514572144,0.05273384973406792,0.05278326943516731,0.0,0.052918411791324615,0.5771428571428572,0.05284087732434273,0.052713774144649506,787.07,0.05241117998957634,1740,0.05281776189804077,38.075459632277486,0.10715103149414062,0.1,0.2,0.05280417576432228,101,0.0,0.002192984,0.44900224870070815,0.7706360220909119,0.8408763408660889,1e-05,280,-0.002770985490678868
30,0.053290240466594696,0.053152069449424744,0.05272277444601059,-1.0,0.49693251533742333,522.0733642578125,0.0531778410077095,0.05301681160926819,0.053290240466594696,0.05281443893909454,0.05270882323384285,0.05302141606807709,0.0,0.05289018526673317,0.052962034940719604,1.3841717791411052,0.05270644649863243,3932160,0.05282490327954292,0.05289250239729881,2181,0.05302419513463974,0.05285368859767914,0.05249086394906044,0.05289795249700546,0.05300334095954895,0.5030674846625767,163,0.05298050865530968,0.052763503044843674,0.05282998085021973,0.0,0.053022705018520355,0.49693251533742333,0.052956920117139816,0.052847955375909805,797.61,0.05249086394906044,1802,0.05296045541763306,38.02694365978241,0.11202774047851563,0.1,0.2,0.05291249603033066,81,0.0,0.0022315015,0.4689044844359159,0.8111010193824768,0.8377293348312378,1e-05,290,-0.0026610330051880736
31,0.053424056619405746,0.053218476474285126,0.05286365747451782,-1.0,0.5153374233128835,514.98828125,0.053361985832452774,0.053159866482019424,0.053424056619405746,0.0529322549700737,0.05286949500441551,0.05310193821787834,0.0,0.05299163982272148,0.053067397326231,1.3902699386503077,0.05274456366896629,4063232,0.052903514355421066,0.0530792661011219,2180,0.05318329110741615,0.052985284477472305,0.052590902894735336,0.05292859300971031,0.05310143157839775,0.48466257668711654,163,0.05303477868437767,0.052900850772857666,0.05293957516551018,0.0,0.05310050770640373,0.5153374233128835,0.053075458854436874,0.052944812923669815,794.35,0.052590902894735336,1863,0.05301418527960777,37.97622152268887,0.10661239624023437,0.1,0.2,0.05302071198821068,84,0.0,0.0021566222,0.46503934310749173,0.790198564529419,0.8478208780288696,1e-05,300,-0.002685750781893148
32,0.053564734756946564,0.053369924426078796,0.05296742543578148,-1.0,0.5153374233128835,525.92138671875,0.05339403077960014,0.05327291414141655,0.053564734756946564,0.05303234979510307,0.0530223622918129,0.05320156738162041,0.0,0.05312180519104004,0.0531550869345665,1.3843067484662588,0.0527881421148777,4194304,0.05297424644231796,0.053162626922130585,2179,0.05329757183790207,0.05314284563064575,0.05271704122424126,0.05301516875624657,0.053216081112623215,0.48466257668711654,163,0.0531180314719677,0.05300833284854889,0.053009405732154846,0.0,0.05318277329206467,0.5153374233128835,0.05317772552371025,0.053087685257196426,809.45,0.05271704122424126,1924,0.05314089357852936,37.92605505287647,0.10674896240234374,0.1,0.2,0.05312563106417656,84,0.0,0.0021879473,0.46070670390035956,0.8386059403419495,0.8564649224281311,1e-05,310,-0.0027105388971904176
33,0.053713541477918625,0.05347639322280884,0.05304432660341263,-1.0,0.4823529411764706,508.89666748046875,0.05353102833032608,0.053325917571783066,0.053713541477918625,0.05319908261299133,0.05310862138867378,0.053237754851579666,0.0,0.05323928967118263,0.05321276932954788,1.3997764705882363,0.05287327617406845,4325376,0.053043097257614136,0.053221914917230606,2177,0.05346838757395744,0.05324389785528183,0.052848298102617264,0.05310755968093872,0.05326945707201958,0.5176470588235295,170,0.05322941765189171,0.05311349779367447,0.053106773644685745,0.0,0.05326681584119797,0.4823529411764706,0.0532597191631794,0.053140196949243546,786.11,0.052848298102617264,1986,0.053229719400405884,37.87927095293999,0.11000289916992187,0.1,0.2,0.05322042852640152,82,0.0,0.0022314386,0.4968216877197847,0.8329678773880005,0.8608027100563049,1e-05,320,-0.0027592139288572072
34,0.05378957465291023,0.05351829156279564,0.053153831511735916,-1.0,0.54421768707483,518.9988403320312,0.05364018678665161,0.053411271423101425,0.05378957465291023,0.05328087881207466,0.05315331369638443,0.05327676236629486,0.0,0.0533817857503891,0.05328100547194481,1.3764761904761915,0.05295005068182945,4456448,0.053108468651771545,0.053334612399339676,2176,0.05358833819627762,0.05333426967263222,0.05297262966632843,0.05319485813379288,0.0533284991979599,0.4557823129251701,147,0.053349900990724564,0.05320264399051666,0.05320213735103607,0.0,0.053402915596961975,0.54421768707483,0.05336159095168114,0.053208429366350174,803.52,0.05295005068182945,2047,0.053298499435186386,37.83659455180168,0.10912704467773438,0.1,0.2,0.05330899357795715,80,0.0,0.0021752832,0.488895389274694,0.8450430631637573,0.8694838285446167,1e-05,330,-0.0028008102756302833
35,0.05387365445494652,0.0536603182554245,0.05327639356255531,-1.0,0.5229885057471264,509.3134765625,0.05379217863082886,0.0535111241042614,0.05387365445494652,0.05346697196364403,0.05326680466532707,0.053362760692834854,0.0,0.053511977195739746,0.05334736779332161,1.3643793103448285,0.05308734253048897,4587520,0.0531492717564106,0.053460702300071716,2175,0.053753383457660675,0.05344921723008156,0.05308636650443077,0.05333301052451134,0.05347352474927902,0.47701149425287354,174,0.05343962460756302,0.05332067981362343,0.05335203558206558,0.0,0.05345267057418823,0.5229885057471264,0.05347933992743492,0.05332186073064804,783.72,0.05308636650443077,2108,0.05333748832345009,37.788481178879735,0.10701446533203125,0.1,0.2,0.05342264100909233,91,0.0,0.0022105789,0.44581787146162244,0.7958989143371582,0.8727898597717285,1e-05,340,-0.0028023264653256772
36,0.053997308015823364,0.05375051125884056,0.05340450629591942,-1.0,0.5297619047619048,481.86834716796875,0.05391644313931465,0.05364816635847092,0.053997308015823364,0.05349830165505409,0.053363408893346786,0.05345866084098816,0.0,0.053606726229190826,0.053419750183820724,1.381238095238096,0.05319162458181381,4718592,0.05321161448955536,0.05357493832707405,2174,0.05389164015650749,0.05356995761394501,0.05322768911719322,0.053425535559654236,0.05361485853791237,0.47023809523809523,168,0.05363394320011139,0.05344381555914879,0.05344293639063835,0.0,0.053586333990097046,0.5297619047619048,0.05362963676452637,0.05341928079724312,739.84,0.05319162458181381,2169,0.05340376868844032,37.735753095149995,0.1085052490234375,0.1,0.2,0.05353325232863426,89,0.0,0.0022616284,0.4516293253051117,0.8236731290817261,0.8686972856521606,1e-05,350,-0.002596028930020111
37,0.05412255972623825,0.05386797711253166,0.05355308577418327,-1.0,0.5548387096774193,526.2550659179688,0.05400276556611061,0.0537446066737175,0.05412255972623825,0.05356759577989578,0.05343924090266228,0.05360230430960655,0.0,0.05373995378613472,0.05358436703681946,1.3915870967741946,0.053309377282857895,4849664,0.05322020500898361,0.053702808916568756,2173,0.0539424903690815,0.05372806638479233,0.05337977409362793,0.05355662479996681,0.05366319790482521,0.44516129032258067,155,0.05370301380753517,0.053548797965049744,0.05351587012410164,0.0,0.05361529067158699,0.5548387096774193,0.05370236188173294,0.05352730304002762,802.35,0.05322020500898361,2231,0.05344967544078827,37.68765729665756,0.11113662719726562,0.1,0.2,0.05363157391548157,86,0.0,0.0022184348,0.4767381178913638,0.7878440618515015,0.8719121217727661,1e-05,360,-0.0028366155514959247
38,0.054202884435653687,0.05396367982029915,0.053660765290260315,-1.0,0.5210526315789473,524.934814453125,0.05414658039808273,0.053858574479818344,0.054202884435653687,0.053706422448158264,0.053540244698524475,0.05365072563290596,0.0,0.05386456102132797,0.053632039576768875,1.4024736842105274,0.053453028202056885,4980736,0.05331442505121231,0.053771406412124634,2172,0.054047346115112305,0.05379202589392662,0.05349837988615036,0.053706228733062744,0.05373021587729454,0.4789473684210526,190,0.053868334740400314,0.053664885461330414,0.05364939570426941,0.0,0.05367724597454071,0.5210526315789473,0.05379948765039444,0.0536225400865078,805.97,0.05331442505121231,2292,0.05354708805680275,37.64020038843155,0.11152572631835937,0.1,0.2,0.05373474210500717,99,0.0,0.0022473487,0.4584981453139335,0.8527512550354004,0.8661291003227234,1e-05,370,-0.0028522222073661396
39,0.054344069212675095,0.05405903607606888,0.053650494664907455,-1.0,0.42567567567567566,468.4395446777344,0.05430138111114502,0.05399125814437866,0.054344069212675095,0.053785789757966995,0.05365205556154251,0.05377719923853874,0.0,0.05402646213769913,0.053664349019527435,1.3662297297297308,0.053578898310661316,5111808,0.05342228710651398,0.053909577429294586,2172,0.05417274311184883,0.05394096300005913,0.05366045981645584,0.05380145087838173,0.05382276326417923,0.5743243243243243,148,0.053978078067302704,0.05385364592075348,0.053714655339717865,0.0,0.05376403406262398,0.42567567567567566,0.05390903726220131,0.05376623943448067,726.05,0.05342228710651398,2353,0.053666919469833374,37.58974471092224,0.11186904907226562,0.1,0.2,0.05384855717420578,63,0.0,0.0023289411,0.5006902271648869,0.7728198766708374,0.8832849860191345,1e-05,380,-0.0027849374783727398
40,0.05446238815784454,0.05419012904167175,0.053765036165714264,-1.0,0.5222222222222223,541.7686157226562,0.054442018270492554,0.054129645228385925,0.05446238815784454,0.05386272445321083,0.05378849804401398,0.053869619965553284,0.0,0.05412399396300316,0.05379360169172287,1.406311111111112,0.053655724972486496,5242880,0.05354512110352516,0.054040297865867615,2171,0.05426053702831268,0.05404321104288101,0.053806453943252563,0.05385727807879448,0.05393604934215546,0.4777777777777778,180,0.0540945790708065,0.05393895506858826,0.053845491260290146,0.0,0.05383630096912384,0.5222222222222223,0.05406579002737999,0.0539509542286396,830.07,0.05354512110352516,2413,0.05376400798559189,37.53679949641228,0.10962371826171875,0.1,0.2,0.053962741047143936,94,0.0,0.0022384974,0.5265979153569788,0.8834470510482788,0.876926839351654,1e-05,390,-0.002771760015730251
41,0.0545562207698822,0.05432751402258873,0.05391087755560875,-1.0,0.4868421052631579,495.2690734863281,0.054524295032024384,0.054270099848508835,0.0545562207698822,0.05399315059185028,0.05391869321465492,0.054008740931749344,0.0,0.05420247092843056,0.05395939573645592,1.348000000000001,0.053790293633937836,5373952,0.053588900715112686,0.05416117236018181,2170,0.054291971027851105,0.054288215935230255,0.05387631058692932,0.053976185619831085,0.05407433584332466,0.5131578947368421,152,0.05423005297780037,0.054053518921136856,0.05401347950100899,0.0,0.053951021283864975,0.4868421052631579,0.05416397377848625,0.0540606714785099,763.8,0.053588900715112686,2475,0.05389946326613426,37.48185967803001,0.111102294921875,0.1,0.2,0.05408364161849022,74,0.0,0.0022539129,0.4802695294609293,0.9152992367744446,0.8880770802497864,1e-05,400,-0.0028912934016261716
42,0.054670918732881546,0.05445612967014313,0.05404532328248024,-1.0,0.5489130434782609,515.628662109375,0.054619744420051575,0.05441071838140488,0.054670918732881546,0.054098501801490784,0.053959086537361145,0.054157476872205734,0.0,0.0543375127017498,0.05411030352115631,1.3732282608695663,0.05385400354862213,5505024,0.05369660258293152,0.054290156811475754,2169,0.05438894405961037,0.05449283495545387,0.05392753705382347,0.05407325178384781,0.054147109389305115,0.45108695652173914,184,0.05425836518406868,0.05416175350546837,0.05411767214536667,0.0,0.05404089018702507,0.5489130434782609,0.05424117296934128,0.054164618253707886,792.02,0.05369660258293152,2537,0.054025109857320786,37.4300837635994,0.11024398803710937,0.1,0.2,0.054189831018447876,101,0.0,0.0022915604,0.4609084254829213,0.8336177468299866,0.8682946562767029,1e-05,410,-0.0027256032813511412
43,0.05476973205804825,0.054544396698474884,0.054188359528779984,-1.0,0.4713375796178344,509.9923400878906,0.054750386625528336,0.05447416752576828,0.05476973205804825,0.05417313054203987,0.05408436805009842,0.05425432696938515,0.0,0.05447489395737648,0.05424019321799278,1.3950828025477717,0.0539262630045414,5636096,0.05381021276116371,0.054442357271909714,2169,0.05451438948512077,0.054607752710580826,0.05401287600398064,0.054128989577293396,0.054266370832920074,0.5286624203821656,157,0.0544184148311615,0.05434746295213699,0.054189302027225494,0.0,0.05414053797721863,0.4713375796178344,0.05435032770037651,0.05426114425063133,780.84,0.05381021276116371,2598,0.05413195490837097,37.380421712994576,0.11216583251953124,0.1,0.2,0.05430009961128235,74,0.0,0.002274164,0.4655535769183189,0.8159254789352417,0.8789398074150085,1e-05,420,-0.0025581843647614734
44,0.054819416254758835,0.05464498698711395,0.054304953664541245,-1.0,0.5562130177514792,531.8595581054688,0.05486508831381798,0.05461534485220909,0.05486508831381798,0.05431827902793884,0.054194677621126175,0.054354552179574966,0.0,0.054538752883672714,0.05436042323708534,1.3909940828402376,0.054120779037475586,5767168,0.05390085279941559,0.05459185689687729,2168,0.05462967976927757,0.054731983691453934,0.05414753779768944,0.054196007549762726,0.054410796612501144,0.4437869822485207,169,0.05457034707069397,0.05450092628598213,0.05431384965777397,0.0,0.0542232021689415,0.5562130177514792,0.054439228028059006,0.05437474697828293,816.14,0.05390085279941559,2659,0.05424134060740471,37.32778087258339,0.11103439331054688,0.1,0.2,0.05441638082265854,94,0.0,0.0022349413,0.5141735035227611,0.9031409025192261,0.8809963464736938,1e-05,430,-0.0025472056703620184
45,0.05499602481722832,0.054719965904951096,0.054393377155065536,-1.0,0.5341614906832298,551.7535400390625,0.05497406795620918,0.054702263325452805,0.05499602481722832,0.05444914475083351,0.05428380146622658,0.054448988288640976,0.0,0.05467323958873749,0.05445106700062752,1.3772049689441002,0.054233428090810776,5898240,0.05401023477315903,0.05462521314620972,2167,0.0547742135822773,0.0548311285674572,0.05424078553915024,0.05431651696562767,0.05443258211016655,0.4658385093167702,161,0.05473572760820389,0.05457710102200508,0.05438975989818573,0.0,0.0543413870036602,0.5341614906832298,0.05451293662190437,0.054501134902238846,844.83,0.05401023477315903,2721,0.05427344888448715,37.27876317799091,0.11449661254882812,0.1,0.2,0.054515499621629715,86,0.0,0.0023096972,0.47375269145704807,0.8033485412597656,0.8761579394340515,1e-05,440,-0.0027968791189778132
46,0.055084459483623505,0.054767709225416183,0.054523322731256485,-1.0,0.5094339622641509,535.7899780273438,0.055139463394880295,0.05491633713245392,0.055139463394880295,0.05460253357887268,0.05437544733285904,0.05455346032977104,0.0,0.05476894974708557,0.05454935133457184,1.3803270440251583,0.05430372431874275,6029312,0.05411829054355621,0.05469771474599838,2166,0.054890524595975876,0.05490227788686752,0.054361600428819656,0.054404791444540024,0.05457397550344467,0.49056603773584906,159,0.054900314658880234,0.05475042387843132,0.054535191506147385,0.0,0.054481230676174164,0.5094339622641509,0.054630983620882034,0.054611578583717346,830.08,0.05411829054355621,2783,0.05434943363070488,37.2289018034935,0.11490859985351562,0.1,0.2,0.05463172495365143,81,0.0,0.002341052,0.5264955736929551,0.8479062914848328,0.8762627243995667,1e-05,450,-0.0029784259055304573
47,0.05516991764307022,0.05487533286213875,0.05466102808713913,-1.0,0.5269461077844312,526.900146484375,0.05525263771414757,0.05508796498179436,0.05525263771414757,0.054684828966856,0.05450725555419922,0.05464992672204971,0.0,0.05488220229744911,0.05460801348090172,1.4100718562874264,0.054417114704847336,6160384,0.054222527891397476,0.054818056523799896,2166,0.054990679025650024,0.05498206242918968,0.05447930842638016,0.054476283490657806,0.05469517037272453,0.47305389221556887,167,0.05502930283546448,0.05478455498814583,0.05462551489472389,0.0,0.05469995737075806,0.5269461077844312,0.05466008931398392,0.054675862193107605,812.04,0.054222527891397476,2844,0.05447906255722046,37.17858515679836,0.10955429077148438,0.1,0.2,0.05473659187555313,88,0.0,0.0022492656,0.49511946334969253,0.9190464019775391,0.8782852292060852,1e-05,460,-0.002636475235976832
48,0.055251505225896835,0.0550086684525013,0.05473857372999191,-1.0,0.577639751552795,552.8438720703125,0.05529976263642311,0.0551513209939003,0.05529976263642311,0.05475866049528122,0.05466543138027191,0.0547269731760025,0.0,0.05492766201496124,0.054692547768354416,1.384695652173914,0.05454452708363533,6291456,0.05432000011205673,0.05501782149076462,2165,0.055102232843637466,0.055114347487688065,0.054565414786338806,0.05465886369347572,0.0547986775636673,0.422360248447205,161,0.05513528361916542,0.05488065630197525,0.054850153625011444,0.0,0.054866723716259,0.577639751552795,0.054808203130960464,0.05486821383237839,847.39,0.05432000011205673,2905,0.054644543677568436,37.12721103727817,0.11814804077148437,0.1,0.2,0.05485587194561958,93,0.0,0.0023289109,0.47092408551834525,0.7981419563293457,0.8815210461616516,1e-05,470,-0.003070879429378692
49,0.05536360293626785,0.055136822164058685,0.054837558418512344,-1.0,0.5380116959064327,496.7030029296875,0.05543775483965874,0.055249448865652084,0.05543775483965874,0.05479716137051582,0.05475517734885216,0.05485338345170021,0.0,0.054990049451589584,0.05469457060098648,1.3914269005847963,0.05467604473233223,6422528,0.054363664239645004,0.055058568716049194,2164,0.05526396632194519,0.055235605686903,0.05472566559910774,0.05472882464528084,0.054898835718631744,0.4619883040935672,171,0.05517570674419403,0.05492463707923889,0.05497258901596069,0.0,0.05499209463596344,0.5380116959064327,0.054931554943323135,0.0550302192568779,767.43,0.054363664239645004,2966,0.05478490889072418,37.07734186947346,0.11576461791992188,0.1,0.2,0.0549551397562027,92,0.0,0.0022457242,0.4372395579703152,0.8897234201431274,0.8826897740364075,1e-05,480,-0.0029318097502255116
50,0.055459726601839066,0.05524631217122078,0.054910656064748764,-1.0,0.5286624203821656,529.188232421875,0.05554404482245445,0.0553504154086113,0.05554404482245445,0.05491013079881668,0.054798468947410583,0.054944757372140884,0.0,0.05508613958954811,0.05482063069939613,1.387936305732485,0.05477982759475708,6553600,0.054522592574357986,0.05511430650949478,2164,0.055329833179712296,0.05531434714794159,0.054845914244651794,0.054817911237478256,0.055020250380039215,0.4713375796178344,157,0.05527840927243233,0.05504502356052399,0.05514076352119446,0.0,0.05514656379818916,0.5286624203821656,0.05506208539009094,0.05505441874265671,809.21,0.054522592574357986,3027,0.05490197613835335,37.03188105225563,0.11455154418945312,0.1,0.2,0.055057819932699203,83,0.0,0.0022389172,0.5085712056839838,0.9052571058273315,0.8782808184623718,1e-05,490,-0.002920793732209859
51,0.05550120770931244,0.055364325642585754,0.0549895241856575,-1.0,0.5146198830409356,538.3618774414062,0.05566362291574478,0.05541446805000305,0.05566362291574478,0.05503746494650841,0.0548681765794754,0.05514873191714287,0.0,0.05523893982172012,0.05497165769338608,1.395473684210527,0.054834671318531036,6684672,0.054606035351753235,0.05532195791602135,2163,0.055417098104953766,0.05540294945240021,0.054929640144109726,0.05483059212565422,0.05514457821846008,0.4853801169590643,171,0.05536927655339241,0.05510470271110535,0.055194124579429626,0.0,0.0552055761218071,0.5146198830409356,0.05522669106721878,0.05517783761024475,831.17,0.054606035351753235,3089,0.05501159280538559,36.9859433978796,0.11201858520507812,0.1,0.2,0.05515901744365692,88,0.0,0.0022061097,0.45482773073017596,0.8766825199127197,0.8849246501922607,1e-05,500,-0.0026407135046611074
52,0.05562860891222954,0.0554463192820549,0.05512719973921776,-1.0,0.5031446540880503,517.3489990234375,0.05573388561606407,0.0555039718747139,0.05573388561606407,0.05508657544851303,0.05497468262910843,0.05520985275506973,0.0,0.05541473254561424,0.05507441237568855,1.4035345911949695,0.05495806783437729,6815744,0.05472719296813011,0.05545271933078766,2163,0.055568523705005646,0.05545061454176903,0.05506191402673721,0.05495553836226463,0.0552554689347744,0.4968553459119497,159,0.055478718131780624,0.05523581802845001,0.055272385478019714,0.0,0.05530700460076332,0.5031446540880503,0.05537373945116997,0.055315759032964706,794.8,0.05472719296813011,3150,0.055043723434209824,36.93793419599533,0.11297149658203125,0.1,0.2,0.05526629462838173,80,0.0,0.002309503,0.4843919611303136,0.8042515516281128,0.8985757827758789,1e-05,510,-0.0027636042796075344
53,0.05574064701795578,0.05556681379675865,0.0552840381860733,-1.0,0.48295454545454547,494.38653564453125,0.055833835154771805,0.05561480671167374,0.055833835154771805,0.055128905922174454,0.05506736412644386,0.05525311082601547,0.0,0.05554301291704178,0.05515710636973381,1.3879545454545466,0.055056244134902954,6946816,0.05489295721054077,0.05559217557311058,2162,0.05567548796534538,0.055585455149412155,0.05522138625383377,0.05504172667860985,0.05541063845157623,0.5170454545454546,176,0.05565889924764633,0.055342286825180054,0.05533772334456444,0.0,0.05543891713023186,0.48295454545454547,0.055457860231399536,0.05540240928530693,760.6,0.05489295721054077,3211,0.055203378200531006,36.88807619810105,0.11200408935546875,0.1,0.2,0.055380288511514664,85,0.0,0.0022511133,0.47562613771297035,0.8760910034179688,0.8942432999610901,1e-05,520,-0.002758427958997345
54,0.05585829168558121,0.055663157254457474,0.055408868938684464,-1.0,0.4567901234567901,505.9746398925781,0.05597158148884773,0.05574547126889229,0.05597158148884773,0.05530845373868942,0.055169325321912766,0.05532590299844742,0.0,0.055676788091659546,0.05527893826365471,1.3834814814814824,0.05514712631702423,7077888,0.05498825013637543,0.05566027760505676,2162,0.05575832724571228,0.055732570588588715,0.05539076030254364,0.05518946796655655,0.05547617748379707,0.5432098765432098,162,0.05573384463787079,0.055489618331193924,0.0553719699382782,0.0,0.05553801730275154,0.4567901234567901,0.0555693693459034,0.055480409413576126,778.73,0.05498825013637543,3273,0.05532773584127426,36.837798598408696,0.11313552856445312,0.1,0.2,0.05549042671918869,74,0.0,0.0022858144,0.5181041280506179,0.8425271511077881,0.8886735439300537,1e-05,530,-0.0027978333592272977
55,0.05594027042388916,0.055784549564123154,0.05553799122571945,-1.0,0.5314285714285715,512.38525390625,0.05608648806810379,0.05577731505036354,0.05608648806810379,0.05543862655758858,0.055279623717069626,0.055389609187841415,0.0,0.05584847927093506,0.055451132357120514,1.372662857142858,0.05530886352062225,7208960,0.05511797219514847,0.05569230765104294,2162,0.055919960141181946,0.055811166763305664,0.055465079843997955,0.05528261512517929,0.055571556091308594,0.4685714285714286,175,0.055852632969617844,0.055605802685022354,0.05550909414887428,0.0,0.055654626339673996,0.5314285714285715,0.05570455268025398,0.055673737078905106,791.48,0.05511797219514847,3334,0.05541080981492996,36.78694092035293,0.11480255126953125,0.1,0.2,0.05560459569096565,93,0.0,0.0023231355,0.5276625135215,0.9297948479652405,0.8827927708625793,1e-05,540,-0.003026806015714101
56,0.05609312281012535,0.055986035615205765,0.05556144937872887,-1.0,0.47619047619047616,507.5743408203125,0.05619078129529953,0.05589757859706879,0.05619078129529953,0.05559791624546051,0.05544598773121834,0.055482566356658936,0.0,0.05603090301156044,0.05557367578148842,1.3961785714285724,0.05543098598718643,7340032,0.055226732045412064,0.05576643720269203,2161,0.056076180189847946,0.05597398430109024,0.05556820333003998,0.055390309542417526,0.05569230765104294,0.5238095238095238,168,0.05595175549387932,0.055726151913404465,0.05559998378157616,0.0,0.05580339580774307,0.47619047619047616,0.055729739367961884,0.055768512189388275,782.32,0.055226732045412064,3395,0.055457133799791336,36.73489508032799,0.11467742919921875,0.1,0.2,0.055720873177051544,80,0.0,0.0023250235,0.4795121370116249,0.9409615397453308,0.8890961408615112,1e-05,550,-0.0029541820468693913
57,0.056223560124635696,0.05604640021920204,0.05571039766073227,-1.0,0.4936708860759494,515.7764282226562,0.0562586784362793,0.05602331459522247,0.0562586784362793,0.05565845966339111,0.055525414645671844,0.05556371435523033,0.0,0.05613362044095993,0.0556664876639843,1.4093291139240516,0.05556444078683853,7471104,0.05527597293257713,0.05584295094013214,2161,0.05617125332355499,0.05609142407774925,0.055702533572912216,0.055527109652757645,0.05580643191933632,0.5063291139240507,158,0.05610538646578789,0.055787887424230576,0.0557449534535408,0.0,0.05590575188398361,0.4936708860759494,0.05579443275928497,0.055909883230924606,790.26,0.05527597293257713,3456,0.05556972697377205,36.68633797764778,0.109490966796875,0.1,0.2,0.055824410170316696,78,0.0,0.0022621767,0.5313070161268115,0.9753029346466064,0.8863669037818909,1e-05,560,-0.002731590930125094
58,0.05631978064775467,0.05614279955625534,0.05585530772805214,-1.0,0.49404761904761907,548.6058349609375,0.0563385970890522,0.05614122003316879,0.05634363368153572,0.05578659474849701,0.05560055375099182,0.05563707277178764,0.0,0.05625765770673752,0.05579368770122528,1.3907857142857152,0.055656444281339645,7602176,0.055374741554260254,0.05593124032020569,2161,0.05634363368153572,0.05615958943963051,0.05575905740261078,0.05566534772515297,0.055912960320711136,0.5059523809523809,168,0.056189507246017456,0.055855803191661835,0.055862367153167725,0.0,0.0561312772333622,0.49404761904761907,0.05592913553118706,0.05601729080080986,840.97,0.055374741554260254,3517,0.05570598691701889,36.63805654644966,0.11074295043945312,0.1,0.2,0.05593470484018326,83,0.0,0.0022856111,0.49307078591082243,0.8059214353561401,0.8806520104408264,1e-05,570,-0.003062783431550997
59,0.05642886459827423,0.05623263493180275,0.05599568784236908,-1.0,0.546583850931677,522.3573608398438,0.05650188401341438,0.05626676604151726,0.05650188401341438,0.055858731269836426,0.05568418279290199,0.055779509246349335,0.0,0.05635294318199158,0.05596548318862915,1.3683726708074544,0.05572515353560448,7733248,0.05551464110612869,0.056018054485321045,2161,0.05648977681994438,0.05625411868095398,0.05593103915452957,0.055759962648153305,0.05605011433362961,0.453416149068323,161,0.05629357695579529,0.05594421923160553,0.055950913578271866,0.0,0.056211668998003006,0.546583850931677,0.056047603487968445,0.05614949390292168,799.57,0.05551464110612869,3578,0.055801283568143845,36.5880105316639,0.11520843505859375,0.1,0.2,0.056048329919576645,88,0.0,0.0023395997,0.49860154786147176,0.905765175819397,0.8888652324676514,1e-05,580,-0.0029664272848094696
60,0.05659186467528343,0.056375518441200256,0.056099727749824524,-1.0,0.5087719298245614,507.71136474609375,0.0566071942448616,0.05638162046670914,0.0566071942448616,0.056018441915512085,0.055769868195056915,0.05588517338037491,0.0,0.0564907044172287,0.05605781450867653,1.3809941520467846,0.05581283196806908,7864320,0.05563061311841011,0.056134019047021866,2160,0.056568242609500885,0.05637284368276596,0.056072890758514404,0.0558931939303875,0.05615857243537903,0.49122807017543857,171,0.0564517006278038,0.056054405868053436,0.05610335245728493,0.0,0.05628446489572525,0.5087719298245614,0.05617520213127136,0.05628092214465141,787.78,0.05563061311841011,3639,0.05590562894940376,36.5359914213419,0.11096420288085937,0.1,0.2,0.05616707354784012,87,0.0,0.0023001784,0.49148687631823124,0.8142750859260559,0.8840603828430176,1e-05,590,-0.0025811314354541536
61,0.05672743543982506,0.05649659037590027,0.05615183711051941,-1.0,0.5157232704402516,500.3359680175781,0.05674554780125618,0.0565451979637146,0.05674554780125618,0.056183505803346634,0.05591870844364166,0.056066419929265976,0.0,0.0565941296517849,0.056218720972537994,1.362553459119498,0.05594822019338608,7995392,0.055744703859090805,0.05623031407594681,2160,0.05672279745340347,0.056503716856241226,0.05615617334842682,0.056015849113464355,0.056281886994838715,0.48427672955974843,159,0.0565820150077343,0.05623512715101242,0.05621030554175377,0.0,0.05644115060567856,0.5157232704402516,0.05628898739814758,0.056342706084251404,777.25,0.055744703859090805,3701,0.05606674402952194,36.480545330047605,0.110980224609375,0.1,0.2,0.056296754628419876,82,0.0,0.0022843638,0.5369145375210792,0.8836301565170288,0.8861812353134155,1e-05,600,-0.002793208723232965
62,0.056771691888570786,0.05664469674229622,0.05626105144619942,-1.0,0.5393939393939394,543.2554931640625,0.05689677596092224,0.05672650411725044,0.05689677596092224,0.056306783109903336,0.05600929260253906,0.056138236075639725,0.0,0.05673322454094887,0.056283269077539444,1.3882424242424254,0.056105587631464005,8126464,0.05580945312976837,0.05630403384566307,2160,0.05679955706000328,0.05660462751984596,0.0562942735850811,0.056060511618852615,0.05641281604766846,0.46060606060606063,165,0.05667661875486374,0.056359246373176575,0.056280653923749924,0.0,0.056564196944236755,0.5393939393939394,0.056379687041044235,0.05647232383489609,832.65,0.05580945312976837,3762,0.05619024485349655,36.42859079241752,0.11153488159179688,0.1,0.2,0.05640341714024544,89,0.0,0.0022049872,0.45039339680224655,0.8166430592536926,0.8934946060180664,1e-05,610,-0.002583139514899813
63,0.056951116770505905,0.05675101652741432,0.05637432262301445,-1.0,0.4457831325301205,497.8887939453125,0.057050079107284546,0.05682828649878502,0.057050079107284546,0.05645075812935829,0.05609828606247902,0.05622914806008339,0.0,0.05683701112866402,0.05636226758360863,1.3776867469879526,0.056251704692840576,8257536,0.056009598076343536,0.05642172321677208,2159,0.056890930980443954,0.05680360645055771,0.05641303211450577,0.05613888055086136,0.056552235037088394,0.5542168674698795,166,0.05681368336081505,0.05656774342060089,0.05639251321554184,0.0,0.05667848512530327,0.4457831325301205,0.056517135351896286,0.05658917874097824,774.48,0.056009598076343536,3823,0.05632255971431732,36.37611373960972,0.1146759033203125,0.1,0.2,0.05653180927038193,74,0.0,0.0022888978,0.4899039642652497,0.7275404930114746,0.8890864253044128,1e-05,620,-0.002845621847609436
64,0.05703449621796608,0.05689341202378273,0.05649818107485771,-1.0,0.5238095238095238,509.1505432128906,0.05720273405313492,0.05696045979857445,0.05720273405313492,0.05660943314433098,0.056238990277051926,0.05636323615908623,0.0,0.056925296783447266,0.056452199816703796,1.399952380952382,0.056404802948236465,8388608,0.05616561323404312,0.05652492493391037,2159,0.05701136961579323,0.056840930134058,0.05648835003376007,0.05632353946566582,0.0566742829978466,0.47619047619047616,168,0.05690137669444084,0.05665623024106026,0.05648436024785042,0.0,0.05680720880627632,0.5238095238095238,0.056654393672943115,0.05666397139430046,781.28,0.05616561323404312,3884,0.05643906444311142,36.32211353480816,0.11693191528320312,0.1,0.2,0.056648753583431244,88,0.0,0.002409806,0.5105278303846716,0.9060298204421997,0.8940123915672302,1e-05,630,-0.002973334715807141
65,0.057139910757541656,0.05700886622071266,0.05661919340491295,-1.0,0.5527950310559007,523.8468627929688,0.05731750279664993,0.057119421660900116,0.05731750279664993,0.05666289106011391,0.05639934167265892,0.056420378386974335,0.0,0.056992191821336746,0.05654854327440262,1.4099503105590074,0.05659211799502373,8519680,0.05619102343916893,0.056637607514858246,2159,0.057147879153490067,0.056896425783634186,0.056608300656080246,0.056388478726148605,0.05677150562405586,0.4472049689440994,161,0.05703910440206528,0.05672214925289154,0.056557685136795044,0.0,0.05690351873636246,0.5527950310559007,0.05676726624369621,0.056808292865753174,804.44,0.05619102343916893,3945,0.0565972737967968,36.27322516739368,0.11032257080078126,0.1,0.2,0.056754276156425476,89,0.0,0.0022480465,0.4728847112739459,0.7719228267669678,0.8881832361221313,1e-05,640,-0.0027789299720097915
66,0.057210084050893784,0.05721957981586456,0.05679091811180115,-1.0,0.4759036144578313,509.5459289550781,0.057398077100515366,0.05725366622209549,0.057398077100515366,0.05674108490347862,0.056556347757577896,0.056569334119558334,0.0,0.05716365948319435,0.05675600841641426,1.3966506024096395,0.05674704909324646,8650752,0.05623330548405647,0.056756697595119476,2158,0.057208023965358734,0.05706745386123657,0.05675661563873291,0.05650380998849869,0.05690368264913559,0.5240963855421686,166,0.0572027750313282,0.0568910650908947,0.05667170137166977,0.0,0.05702497810125351,0.4759036144578313,0.05689622089266777,0.0568985678255558,789.08,0.05623330548405647,4007,0.056684914976358414,36.2205542832613,0.10791473388671875,0.1,0.2,0.05688422545790672,79,0.0,0.0022008093,0.44188092318363487,0.7961054444313049,0.893295407295227,1e-05,650,-0.0026891097940278997
67,0.05741844326257706,0.05732070282101631,0.056948158890008926,-1.0,0.4585987261146497,531.5220947265625,0.05752137303352356,0.057398721575737,0.05752137303352356,0.056848056614398956,0.0566924586892128,0.05672275647521019,0.0,0.05733839049935341,0.05684017017483711,1.4118343949044596,0.0568106472492218,8781824,0.05641576275229454,0.0569840669631958,2158,0.05727717652916908,0.057203005999326706,0.056850917637348175,0.05658793821930885,0.056981105357408524,0.5414012738853503,157,0.057309072464704514,0.056973621249198914,0.05674132704734802,0.0,0.05714340880513191,0.4585987261146497,0.05701582878828049,0.056967537850141525,816.94,0.05641576275229454,4069,0.056752584874629974,36.166597911715506,0.10740280151367188,0.1,0.2,0.05700252577662468,72,0.0,0.0022412466,0.5354924810351804,0.8173496723175049,0.8912549614906311,1e-05,660,-0.0028551585553032053
68,0.05750421807169914,0.05744088813662529,0.057116780430078506,-1.0,0.5625,502.3553771972656,0.05761146545410156,0.05751657485961914,0.05761146545410156,0.05693547800183296,0.056806258857250214,0.05686504393815994,0.0,0.05744677409529686,0.056935328990221024,1.414050000000001,0.05698143318295479,8912896,0.05649823322892189,0.05711422115564346,2157,0.057383082807064056,0.05724310129880905,0.05691525712609291,0.05664685741066933,0.05716220289468765,0.4375,160,0.057389527559280396,0.05708681792020798,0.056903354823589325,0.0,0.057303253561258316,0.5625,0.057099081575870514,0.05701596289873123,772.45,0.05649823322892189,4130,0.05684412643313408,36.11688521504402,0.1152130126953125,0.1,0.2,0.057110611349344254,90,0.0,0.0023287218,0.44886883511208,0.8558948040008545,0.8988735675811768,1e-05,670,-0.00296394399347264
69,0.057589299976825714,0.05757558345794678,0.05721379444003105,-1.0,0.575,520.9293823242188,0.05763709917664528,0.057668644934892654,0.057668644934892654,0.05700700730085373,0.056915175169706345,0.05702342838048935,0.0,0.05759039521217346,0.057062648236751556,1.421275000000001,0.05717187747359276,9043968,0.05659967660903931,0.05726923048496246,2157,0.05748547986149788,0.057385750114917755,0.057061437517404556,0.05673300847411156,0.057206686586141586,0.425,160,0.05742579698562622,0.057176388800144196,0.056949108839035034,0.0,0.05744936317205429,0.575,0.057179417461156845,0.057093583047389984,806.39,0.05659967660903931,4191,0.056945279240608215,36.07020542621613,0.11474838256835937,0.1,0.2,0.05721660703420639,92,0.0,0.0023265046,0.42234661797992884,0.768203616142273,0.888205349445343,1e-05,680,-0.002840766734971112
70,0.057759806513786316,0.05772455036640167,0.057290218770504,-1.0,0.4941860465116279,493.3335266113281,0.05774770304560661,0.05782280117273331,0.05782280117273331,0.0571339949965477,0.057065777480602264,0.05711635947227478,0.0,0.057698268443346024,0.05716564878821373,1.3914767441860476,0.05731097236275673,9175040,0.05667048320174217,0.05734698846936226,2157,0.057577766478061676,0.057541701942682266,0.057182278484106064,0.05690612271428108,0.057274337857961655,0.5058139534883721,172,0.05747384577989578,0.057321302592754364,0.05709503963589668,0.0,0.05756789818406105,0.4941860465116279,0.0573589950799942,0.05719757825136185,758.05,0.05667048320174217,4252,0.05711657553911209,36.0199731439352,0.11431198120117188,0.1,0.2,0.05733868107199669,85,0.0,0.002312375,0.4902746640378609,0.7693848609924316,0.8886171579360962,1e-05,690,-0.0029393066742159136
71,0.057829517871141434,0.057851359248161316,0.0574151873588562,-1.0,0.532051282051282,515.0575561523438,0.05788717791438103,0.05797945708036423,0.05797945708036423,0.057323940098285675,0.05718860402703285,0.05723726004362106,0.0,0.05783970654010773,0.05728496238589287,1.380551282051283,0.057412244379520416,9306112,0.0567697174847126,0.05748738721013069,2157,0.05769539624452591,0.05768272653222084,0.0573233962059021,0.05697571486234665,0.05739234387874603,0.46794871794871795,156,0.05756140500307083,0.05743023380637169,0.05713531747460365,0.0,0.057640012353658676,0.532051282051282,0.05746244639158249,0.05725736543536186,796.87,0.0567697174847126,4314,0.05721734091639519,35.96938649117946,0.11965408325195312,0.1,0.2,0.05745121091604233,83,0.0,0.00236053,0.46080342973582444,0.8130283355712891,0.8938833475112915,1e-05,700,-0.00313098623564656
72,0.057921234518289566,0.057981353253126144,0.05754448473453522,-1.0,0.547486033519553,506.4308166503906,0.058020222932100296,0.058196213096380234,0.058196213096380234,0.05740749463438988,0.05726142227649689,0.05738561227917671,0.0,0.057950299233198166,0.05737197399139404,1.3914525139664813,0.057500872761011124,9437184,0.05691704526543617,0.05755693092942238,2156,0.05781814455986023,0.057846490293741226,0.057444240897893906,0.05709758400917053,0.05748872831463814,0.45251396648044695,179,0.057635534554719925,0.057544831186532974,0.057316508144140244,0.0,0.05781392380595207,0.547486033519553,0.057620130479335785,0.05732405185699463,782.84,0.05691704526543617,4375,0.057408206164836884,35.917543017864226,0.10977783203125,0.1,0.2,0.05757493898272514,98,0.0,0.0022253725,0.4527212661458179,0.7111051678657532,0.8873580098152161,1e-05,710,-0.0028263240509659227
73,0.058039166033267975,0.058106813579797745,0.057665880769491196,-1.0,0.52,495.9197692871094,0.058193061500787735,0.058286525309085846,0.058286525309085846,0.05746307596564293,0.05738000199198723,0.057496774941682816,0.0,0.058073531836271286,0.05747551843523979,1.404760000000001,0.057626064866781235,9568256,0.05704805254936218,0.05767180770635605,2156,0.057927973568439484,0.05794663727283478,0.057594116777181625,0.05727031081914902,0.05764796957373619,0.48,150,0.05782957002520561,0.057573333382606506,0.057425741106271744,0.0,0.057820238173007965,0.52,0.0577864870429039,0.05749053880572319,764.88,0.05704805254936218,4437,0.05756078660488129,35.86462982594967,0.11343154907226563,0.1,0.2,0.05769599974155426,78,0.0,0.002303647,0.4640688362764195,0.7788652777671814,0.8927628397941589,1e-05,720,-0.003003414996146603
74,0.05807949975132942,0.05820745229721069,0.0577121376991272,-1.0,0.4883720930232558,520.413330078125,0.0582992285490036,0.05841634050011635,0.05841634050011635,0.05760739743709564,0.057509854435920715,0.0576343797147274,0.0,0.05820675939321518,0.05759255215525627,1.3779651162790707,0.05774281546473503,9699328,0.05716059356927872,0.057750992476940155,2156,0.0580102801322937,0.05811513960361481,0.05769774690270424,0.057368457317352295,0.05781490355730057,0.5116279069767442,172,0.05790572986006737,0.057699054479599,0.05754493921995163,0.0,0.05792853981256485,0.4883720930232558,0.05791934207081795,0.05768855661153793,804.2,0.05716059356927872,4498,0.05764927715063095,35.81380973756313,0.11014022827148437,0.1,0.2,0.057810477912425995,84,0.0,0.002220986,0.4833421883871779,0.8338445425033569,0.8890277147293091,1e-05,730,-0.0027069410979038365
75,0.058235324919223785,0.05839398875832558,0.05782437324523926,-1.0,0.4968553459119497,518.9625854492188,0.0583992525935173,0.05853072553873062,0.05853072553873062,0.05772921442985535,0.05763176828622818,0.05773867294192314,0.0,0.058356065303087234,0.05770589038729668,1.3771949685534601,0.05784974619746208,9830400,0.05731610953807831,0.05788227915763855,2155,0.05811301991343498,0.058167871087789536,0.057807378470897675,0.057512156665325165,0.05791366845369339,0.5031446540880503,159,0.05803985521197319,0.057787273079156876,0.05760318040847778,0.0,0.05806899070739746,0.4968553459119497,0.057982802391052246,0.05782289803028107,799.6,0.05731610953807831,4560,0.05776936560869217,35.76368837654591,0.1103057861328125,0.1,0.2,0.05792727321386337,79,0.0,0.0022626957,0.4976491565117612,0.8804651498794556,0.89951491355896,1e-05,740,-0.0026537045423538075
76,0.05831773206591606,0.05851317197084427,0.057967931032180786,-1.0,0.5575757575757576,507.8130798339844,0.05852314829826355,0.058637745678424835,0.058637745678424835,0.05786057561635971,0.05777199566364288,0.057831861078739166,0.0,0.05840631201863289,0.05783679708838463,1.4055636363636375,0.05804862827062607,9961472,0.05747569724917412,0.05797369405627251,2155,0.058180756866931915,0.05830485746264458,0.057865776121616364,0.05767592042684555,0.05810748040676117,0.44242424242424244,165,0.058159664273262024,0.05798165500164032,0.05770086869597435,0.0,0.0581468790769577,0.5575757575757576,0.058133047074079514,0.057955022901296616,780.33,0.05747569724917412,4620,0.05788322910666466,35.711304956674574,0.1102813720703125,0.1,0.2,0.05805041268467903,92,0.0,0.0022569774,0.492176222242415,0.8230536580085754,0.8925235867500305,1e-05,750,-0.0027500462223542855
77,0.05850866809487343,0.058691732585430145,0.05803069472312927,-1.0,0.5448717948717948,515.6255493164062,0.05868430435657501,0.05882620811462402,0.05882620811462402,0.057883039116859436,0.05787384882569313,0.05793066695332527,0.0,0.05855615809559822,0.057877350598573685,1.3952692307692318,0.05811184272170067,10092544,0.05766644701361656,0.058091964572668076,2155,0.05830221623182297,0.058532554656267166,0.05799604952335358,0.057738739997148514,0.058269061148166656,0.4551282051282051,156,0.05831306055188179,0.05810732766985893,0.05778001248836517,0.0,0.05825522541999817,0.5448717948717948,0.05827070027589798,0.058103710412979126,795.96,0.05766644701361656,4682,0.057967089116573334,35.658495688438414,0.1122955322265625,0.1,0.2,0.0581747442483902,85,0.0,0.0022719004,0.4731667234329507,0.825583279132843,0.8888449668884277,1e-05,760,-0.002774293588845467
